location_id,location_name,protest_count,topic_protest,internal_point_latitude,internal_point_longitude,perc_topic,pop,topic_per_10k
02016,Aleutians West Census Area,3,0,51.948964,179.6211882,0,5726,0
02050,Bethel Census Area,3,0,60.9291413,-160.1526246,0,18079,0
02100,Haines Borough,2,0,59.0984037,-135.5757906,0,2518,0
02105,Hoonah-Angoon Census Area,2,0,58.2534617,-136.3207314,0,2139,0
02122,Kenai Peninsula Borough,18,1,60.3666677,-152.3222833,0.05555555555555555,58522,0.1708759099142203
02150,Kodiak Island Borough,6,1,57.7044003,-153.9183721,0.16666666666666666,13519,0.7396996819291368
02164,Lake and Peninsula Borough,1,0,58.1086744,-156.4140007,0,1607,0
02180,Nome Census Area,4,0,64.7836858,-164.1889119,0,9968,0
02185,North Slope Borough,3,0,69.4493427,-153.4728302,0,9831,0
02195,Petersburg Borough,3,0,57.1124581,-133.0085979,0,3259,0
02220,Sitka City and Borough,6,2,57.1932044,-135.3673965,0.3333333333333333,8686,2.3025558369790464
02261,Valdez-Cordova Census Area,5,0,61.3498403,-145.0231406,0,9224,0
02275,Wrangell City and Borough,2,0,56.317416,-132.343978,0,2511,0
02282,Yakutat City and Borough,1,0,59.9630242,-141.7615873,0,607,0
05001,Arkansas County,1,0,34.2895697,-91.3765466,0,17904,0
06009,Calaveras County,1,1,38.1838996,-120.5614415,1,45642,0.21909644625564173
06011,Colusa County,2,0,39.1777385,-122.2375629,0,21675,0
06027,Inyo County,1,0,36.561977,-117.4039269,0,17948,0
06063,Plumas County,1,0,39.9922953,-120.8243709,0,18740,0
06093,Siskiyou County,2,0,41.5879861,-122.5332868,0,43784,0
08015,Chaffee County,6,0,38.7382234,-106.3166833,0,19651,0
08049,Grand County,1,0,40.1232049,-106.0959348,0,15356,0
08051,Gunnison County,1,0,38.6726401,-107.0665057,0,16931,0
08083,Montezuma County,12,1,37.3380247,-108.5957864,0.08333333333333333,26148,0.3824384274131865
08091,Ouray County,1,1,38.1547313,-107.7884802,1,4809,2.079434393844874
08113,San Miguel County,1,1,38.0093735,-108.427326,1,8047,1.2426991425375917
10100,"Aberdeen, SD",4,1,45.5892542,-98.3521746,0.25,43235,0.23129409043598936
10140,"Aberdeen, WA",15,1,47.1139993,-123.8266547,0.06666666666666667,72553,0.13783027579838186
10180,"Abilene, TX",6,1,32.2973269,-99.8901793,0.16666666666666666,170516,0.05864552300077412
10300,"Adrian, MI",9,2,41.896019,-84.0743067,0.2222222222222222,98482,0.2030827968562783
10420,"Akron, OH",30,2,41.13281453666667,-81.45609414333333,0.06666666666666667,704367,0.028394288772756248
10460,"Alamogordo, NM",4,1,32.5887755,-105.7809799,0.25,66198,0.15106196561829663
10500,"Albany, GA",3,0,31.538982833333332,-84.0893466,0,151293,0
10540,"Albany, OR",6,3,44.488899700000005,-122.5372014,0.5,124977,0.24004416812693535
10580,"Albany-Schenectady-Troy, NY",139,21,42.685700010791365,-73.95248113165468,0.1510791366906475,882130,0.23806014986453242
10620,"Albemarle, NC",1,0,35.3104492,-80.2543742,0,61451,0
10660,"Albert Lea, MN",4,2,43.6742019,-93.3502887,0.5,30537,0.6549431836788159
10740,"Albuquerque, NM",88,23,35.086027871590915,-106.68278939318182,0.26136363636363635,912897,0.2519451811102457
10780,"Alexandria, LA",4,0,31.1932037,-92.5359531,0,153604,0
10820,"Alexandria, MN",1,0,45.9368293,-95.462156,0,37556,0
10900,"Allentown-Bethlehem-Easton, PA-NJ",60,9,40.698238204999996,-75.42660692666666,0.15,838081,0.10738818801523958
10940,"Alma, MI",3,0,43.2923259,-84.60469,0,41011,0
10980,"Alpena, MI",3,1,44.894954,-83.4265739,0.3333333333333333,28438,0.35164216892889794
11020,"Altoona, PA",6,1,40.4979217,-78.3106362,0.16666666666666666,123175,0.08118530545971178
11100,"Amarillo, TX",12,1,35.3986751,-101.893804,0.08333333333333333,264955,0.03774225811930328
11180,"Ames, IA",12,4,42.0375379,-93.4660934,0.3333333333333333,97260,0.41126876413736374
11220,"Amsterdam, NY",1,0,42.9008912,-74.4353575,0,49216,0
11260,"Anchorage, AK",61,2,61.301033450819666,-149.32256917213115,0.03278688524590164,400647,0.04991925560406043
11420,"Angola, IN",3,0,41.643467,-85.0024051,0,34421,0
11460,"Ann Arbor, MI",83,12,42.2523272,-83.8446336,0.14457831325301204,369208,0.32502004290264563
11500,"Anniston-Oxford-Jacksonville, AL",3,1,33.7717061,-85.8225133,0.3333333333333333,114664,0.08721133049605805
11540,"Appleton, WI",16,4,44.4182258,-88.4649883,0.25,236058,0.1694498809614586
11620,"Ardmore, OK",1,0,34.2518484,-97.2879273,0,48295,0
11680,"Arkansas City-Winfield, KS",2,0,37.2345068,-96.8372468,0,35356,0
11700,"Asheville, NC",74,16,35.5539541472973,-82.55249960945946,0.21621621621621623,455255,0.35145138438896883
11740,"Ashland, OH",2,1,40.843273,-82.2701271,0.5,53685,0.18627177051317872
11780,"Ashtabula, OH",1,0,41.9066369,-80.7455916,0,97692,0
11820,"Astoria, OR",10,2,46.0245092,-123.705014,0.2,39119,0.5112605127942943
11900,"Athens, OH",27,3,39.3326037,-82.0458439,0.1111111111111111,66664,0.45001800072002884
11980,"Athens, TX",1,1,32.2116334,-95.8534183,1,81061,0.12336388645587891
12020,"Athens-Clarke County, GA",42,9,33.95015236666667,-83.36017430238095,0.21428571428571427,208997,0.43062819083527515
12060,"Atlanta-Sandy Springs-Roswell, GA",167,19,33.793766115568864,-84.44034074610778,0.11377245508982035,5874249,0.03234456013015451
12100,"Atlantic City-Hammonton, NJ",21,1,39.469354,-74.6337584,0.047619047619047616,266328,0.03754768556066204
12125,Union County,1,0,30.0542796,-82.366918,0,15469,0
12140,"Auburn, IN",1,0,41.4011894,-85.0001854,0,42822,0
12180,"Auburn, NY",7,0,43.0085456,-76.5745866,0,77463,0
12220,"Auburn-Opelika, AL",5,2,32.6040644,-85.3530477,0.4,161641,0.12373098409438199
12260,"Augusta-Richmond County, GA-SC",21,1,33.47165583809524,-81.91178213809523,0.047619047619047616,600006,0.01666650000166665
12300,"Augusta-Waterville, ME",54,7,44.4170119,-69.7657639,0.12962962962962962,121929,0.5741046018584586
12380,"Austin, MN",1,0,43.6662486,-92.7595136,0,39699,0
12420,"Austin-Round Rock, TX",216,44,30.240524131018518,-97.70256376296297,0.2037037037037037,2115230,0.20801520402036658
12540,"Bakersfield, CA",51,8,35.3466288,-118.7295064,0.1568627450980392,888988,0.08998996611877776
12580,"Baltimore-Columbia-Towson, MD",155,26,39.23732073806452,-76.59879980645161,0.16774193548387098,2798587,0.09290402621036974
12620,"Bangor, ME",24,4,45.4092789,-68.6665979,0.16666666666666666,151190,0.26456776241814933
12660,"Baraboo, WI",1,0,43.4279976,-89.943329,0,63918,0
12700,"Barnstable Town, MA",28,15,41.7990145,-70.2118803,0.5357142857142857,213482,0.702635350989779
12740,"Barre, VT",63,7,44.2749884,-72.6095138,0.1111111111111111,58283,1.201036322769933
12780,"Bartlesville, OK",1,0,36.7043803,-95.9061545,0,52016,0
12820,"Bastrop, LA",1,0,32.8200082,-91.8003988,0,25687,0
12860,"Batavia, NY",1,0,43.0009096,-78.1927784,0,57816,0
12940,"Baton Rouge, LA",28,3,30.53187662857143,-91.086679975,0.10714285714285714,831182,0.0360931781487087
12980,"Battle Creek, MI",18,2,42.2429896,-85.0123853,0.1111111111111111,134358,0.14885604132243707
13020,"Bay City, MI",10,0,43.6997112,-83.9787007,0,104189,0
13131,Grady County,1,0,30.8759031,-84.2450076,0,24749,0
13133,Greene County,1,0,33.5767403,-83.1666127,0,17220,0
13140,"Beaumont-Port Arthur, TX",4,0,29.9210805,-94.08552292499999,0,412616,0
13180,"Beaver Dam, WI",1,1,43.4226616,-88.7043982,1,87750,0.11396011396011395
13187,Lumpkin County,2,0,34.5681403,-83.9989251,0,32822,0
13220,"Beckley, WV",13,0,37.845073661538464,-81.2097110076923,0,118639,0
13241,Rabun County,1,0,34.8839494,-83.4048594,0,16557,0
13259,Stewart County,1,1,32.073225,-84.8349117,1,6179,1.6183848519177861
13260,"Bedford, IN",1,0,38.8398148,-86.4878198,0,45625,0
13300,"Beeville, TX",1,0,28.4160769,-97.7425858,0,32599,0
13380,"Bellingham, WA",20,2,48.8426531,-121.8364325,0.1,221650,0.09023234829686443
13420,"Bemidji, MN",17,0,47.8795077,-95.00505,0,46484,0
13460,"Bend-Redmond, OR",21,2,43.9151181,-121.2255751,0.09523809523809523,186807,0.10706236918316767
13540,"Bennington, VT",13,4,43.0353254,-73.1114603,0.3076923076923077,35713,1.1200403214515724
13620,"Berlin, NH-VT",2,0,44.6525477,-71.2894309,0,37797,0
13660,"Big Rapids, MI",2,1,43.6352949,-85.3327509,0.5,43358,0.23063794455463812
13720,"Big Stone Gap, VA",4,1,37.00434285,-82.554584025,0.25,57224,0.1747518523696351
13740,"Billings, MT",25,3,45.879985227999995,-108.336808232,0.12,170740,0.1757057514349303
13780,"Binghamton, NY",6,1,42.1619773,-75.8302833,0.16666666666666666,241609,0.041389186661092925
13820,"Birmingham-Hoover, AL",27,4,33.5534439,-86.8965359,0.14814814814814814,1149685,0.03479213871625706
13900,"Bismarck, ND",13,0,46.9718426,-100.4620005,0,132418,0
13980,"Blacksburg-Christiansburg-Radford, VA",27,2,37.180278888888886,-80.42725287407407,0.07407407407407407,182692,0.10947386858756815
14010,"Bloomington, IL",19,4,40.4945594,-88.8445391,0.21052631578947367,188754,0.21191603886540153
14020,"Bloomington, IN",34,7,39.1607286,-86.52331,0.20588235294117646,167513,0.41787801543760783
14100,"Bloomsburg-Berwick, PA",7,0,41.0455174,-76.4042599,0,83924,0
14140,"Bluefield, WV-VA",4,0,37.4034477,-81.106456,0,100947,0
14260,"Boise City, ID",66,9,43.46967396363637,-116.29360410454545,0.13636363636363635,710080,0.12674628210905814
14380,"Boone, NC",10,0,36.2353679,-81.7098877,0,55088,0
14460,"Boston-Cambridge-Newton, MA-NH",415,73,42.426534771084334,-71.06648177277108,0.17590361445783131,4844597,0.15068332825207134
14500,"Boulder, CO",73,9,40.0949699,-105.3976911,0.1232876712328767,324073,0.27771520614182604
14540,"Bowling Green, KY",20,3,36.983390815,-86.41202257,0.15,174962,0.17146580400315498
14580,"Bozeman, MT",28,3,45.5180536,-111.1639214,0.10714285714285714,108656,0.27610072154321896
14620,"Bradford, PA",1,0,41.8145902,-78.5724631,0,41329,0
14660,"Brainerd, MN",9,1,46.54277412222222,-94.09993893333333,0.1111111111111111,93651,0.10677942574024836
14700,"Branson, MO",1,0,36.751004,-93.4737009,0,86783,0
14720,"Breckenridge, CO",1,0,39.6210227,-106.1375545,0,31004,0
14740,"Bremerton-Silverdale, WA",26,6,47.6396874,-122.6496358,0.23076923076923078,266550,0.22509848058525606
14780,"Brenham, TX",3,2,30.2150752,-96.4102717,0.6666666666666666,34897,0.5731151674929077
14820,"Brevard, NC",6,0,35.2100794,-82.816653,0,33825,0
14860,"Bridgeport-Stamford-Norwalk, CT",123,21,41.2274128,-73.3670614,0.17073170731707318,943457,0.22258566103171631
15060,"Brookings, OR",9,0,42.4664387,-124.2109292,0,22676,0
15100,"Brookings, SD",1,1,44.3766745,-96.7977971,1,34668,0.2884504442136841
15140,"Brownsville, TN",1,0,35.5853171,-89.2816536,0,17596,0
15180,"Brownsville-Harlingen, TX",21,9,26.1029227,-97.4789584,0.42857142857142855,423181,0.21267495468841938
15220,"Brownwood, TX",1,0,31.7641026,-98.9984697,0,37870,0
15260,"Brunswick, GA",4,1,31.2127098,-81.4964503,0.25,117728,0.08494156020657787
15380,"Buffalo-Cheektowaga-Niagara Falls, NY",92,7,42.8292776847826,-78.77970853695653,0.07608695652173914,1129660,0.061965547155781384
15420,"Burley, ID",2,0,42.282313,-113.6263276,0,44493,0
15460,"Burlington, IA-IL",2,1,40.9153393,-91.1869253,0.5,46139,0.2167363835367043
15500,"Burlington, NC",16,3,36.0439535,-79.4005733,0.1875,163529,0.18345369934384728
15540,"Burlington-South Burlington, VT",64,14,44.469511096874996,-73.066909978125,0.21875,218881,0.6396169608143238
15580,"Butte-Silver Bow, MT",11,0,45.8962319,-112.6600714,0,34915,0
15620,"Cadillac, MI",1,0,44.3313751,-85.5700462,0,48287,0
15700,"Cambridge, MD",1,0,38.4291957,-76.0474333,0,32145,0
15860,"Cañon City, CO",3,0,38.4551696,-105.4249583,0,47607,0
15940,"Canton-Massillon, OH",5,0,40.8141314,-81.3656673,0,399418,0
15980,"Cape Coral-Fort Myers, FL",36,5,26.5590348,-81.8919943,0.1388888888888889,739506,0.06761270361565694
16020,"Cape Girardeau, MO-IL",10,2,37.3841408,-89.6856575,0.2,96873,0.20645587521806902
16049,Idaho County,1,0,45.849644,-115.4673371,0,16373,0
16060,"Carbondale-Marion, IL",13,0,37.781808007692305,-89.34650469230769,0,125065,0
16079,Shoshone County,1,0,47.3476935,-115.8850916,0,12552,0
16100,"Carlsbad-Artesia, NM",4,1,32.4578347,-104.3064338,0.25,57205,0.17480989424001397
16180,"Carson City, NV",12,1,39.15306,-119.7473792,0.08333333333333333,54608,0.183123351889833
16220,"Casper, WY",6,1,42.9776447,-106.7682192,0.16666666666666666,79556,0.12569762180099553
16260,"Cedar City, UT",2,0,37.9093044,-113.3067405,0,50822,0
16300,"Cedar Rapids, IA",21,3,42.0779506,-91.5976735,0.14285714285714285,270594,0.11086720326393046
16540,"Chambersburg-Waynesboro, PA",2,1,39.9266851,-77.7244974,0.5,154487,0.06473036566183563
16580,"Champaign-Urbana, IL",20,8,40.13898,-88.1969959,0.4,239877,0.3335042542636435
16620,"Charleston, WV",55,2,38.31696738,-81.53042554181818,0.03636363636363636,214398,0.09328445228033842
16660,"Charleston-Mattoon, IL",3,1,39.5136797,-88.220782,0.3333333333333333,62212,0.1607406931138687
16700,"Charleston-North Charleston, SC",65,6,32.83706336461539,-79.99242910153846,0.09230769230769231,775089,0.07741046512077968
16740,"Charlotte-Concord-Gastonia, NC-SC",94,18,35.23345546170213,-80.87490713723405,0.19148936170212766,2524863,0.07129099677883513
16820,"Charlottesville, VA",66,6,38.028768146969696,-78.5021666530303,0.09090909090909091,233586,0.2568647093575814
16860,"Chattanooga, TN-GA",20,2,35.1607616,-85.1977114,0.1,556081,0.035965983372925885
16940,"Cheyenne, WY",20,5,41.2928302,-104.660395,0.25,98460,0.50782043469429206
16980,"Chicago-Naperville-Elgin, IL-IN-WI",386,49,41.92133177512953,-87.8070955919689,0.12694300518134716,9520784,0.051466349830014
17020,"Chico, CA",19,2,39.6659588,-121.60191880000001,0.10526315789473684,229207,0.08725736997561157
17060,"Chillicothe, OH",10,0,39.3238179,-83.0595805,0,77320,0
17101,Lawrence County,1,0,38.7189542,-87.7302207,0,16000,0
17140,"Cincinnati, OH-KY-IN",73,7,39.1986688,-84.52041975616439,0.0958904109589041,2179858,0.0321121834541516
17187,Warren County,1,0,40.8504412,-90.6202228,0,17170,0
17200,"Claremont-Lebanon, NH-VT",31,7,43.737033816129035,-72.22066872258064,0.22580645161290322,217272,0.32217681063367576
17220,"Clarksburg, WV",1,0,39.279182,-80.3864982,0,93362,0
17260,"Clarksdale, MS",1,0,34.2286699,-90.603165,0,23185,0
17300,"Clarksville, TN-KY",12,2,36.70775389166667,-87.53769438333333,0.16666666666666666,285691,0.07000570546499539
17340,"Clearlake, CA",2,2,39.0948019,-122.7467569,1,64162,0.311710981577881
17420,"Cleveland, TN",1,0,35.1539144,-84.8594137,0,122082,0
17460,"Cleveland-Elyria, OH",99,13,41.69329144949495,-81.74866196969697,0.13131313131313133,2058549,0.06315127791468651
17540,"Clinton, IA",1,0,41.8980732,-90.5342431,0,46902,0
17580,"Clovis, NM",3,0,34.5729841,-103.3460546,0,49842,0
17660,"Coeur d'Alene, ID",6,0,47.6771129,-116.6949184,0,157485,0
17740,"Coldwater, MI",1,0,41.9184551,-85.0668852,0,43423,0
17780,"College Station-Bryan, TX",17,6,30.6567132,-96.3023935,0.35294117647058826,258825,0.23181686467690524
17820,"Colorado Springs, CO",68,9,38.82926428088235,-104.55658357058823,0.1323529411764706,725438,0.12406297988249856
17860,"Columbia, MO",43,5,38.9898614,-92.3102022,0.11627906976744186,178523,0.28007595659942974
17900,"Columbia, SC",51,6,34.01571225882353,-80.93478159019608,0.11764705882352941,825110,0.07271757705033269
17980,"Columbus, GA-AL",9,1,32.53479171111111,-84.8791111111111,0.1111111111111111,303436,0.03295587866963709
18020,"Columbus, IN",10,3,39.205843,-85.8979988,0.3,82429,0.3639495808513994
18055,Greene County,1,0,39.0471466,-87.0047712,0,32180,0
18140,"Columbus, OH",94,14,39.98616735744681,-82.98810763404256,0.14893617021276595,2082475,0.06722769781149834
18180,"Concord, NH",48,3,43.2995786,-71.6800412,0.0625,150169,0.199774920256511
18260,"Cookeville, TN",4,1,36.1409404,-85.4961801,0.25,111033,0.0900633145101006
18300,"Coos Bay, OR",19,2,43.1859095,-124.0941335,0.10526315789473684,63781,0.3135730076355027
18420,"Corinth, MS",1,0,34.8865689,-88.5811091,0,37203,0
18500,"Corning, NY",2,0,42.2667252,-77.3855253,0,96249,0
18580,"Corpus Christi, TX",25,4,27.74965968,-97.518599672,0.16,453684,0.0881670942770739
18660,"Cortland, NY",1,1,42.594039,-76.0762397,1,47836,0.20904757922903253
18700,"Corvallis, OR",28,3,44.4938816,-123.4246641,0.10714285714285714,91567,0.3276289492939596
18820,"Crawfordsville, IN",3,0,40.0402962,-86.8927145,0,38397,0
18860,"Crescent City, CA",1,0,41.763958,-124.003614,0,27428,0
18880,"Crestview-Fort Walton Beach-Destin, FL",5,0,30.65892292,-86.51067254,0,271959,0
18900,"Crossville, TN",2,0,35.9523984,-84.9947614,0,59005,0
19000,"Cullowhee, NC",3,0,35.2799287,-83.1224776,0,43192,0
19023,Butler County,1,0,42.7347076,-92.7800664,0,14582,0
19060,"Cumberland, MD-WV",4,0,39.4566638,-78.89329335,0,98566,0
19065,Fayette County,1,0,42.8641219,-91.8403761,0,19708,0
19089,Howard County,1,1,43.3653125,-92.3219084,1,9219,1.0847163466753444
19100,"Dallas-Fort Worth-Arlington, TX",165,37,32.86473212969697,-97.02528563454545,0.22424242424242424,7407944,0.049946381884096315
19140,"Dalton, GA",4,1,34.8017261,-84.968541,0.25,143872,0.06950622775800712
19167,Sioux County,2,0,43.082646,-96.1780098,0,34841,0
19180,"Danville, IL",4,0,40.1867542,-87.7267779,0,77776,0
19191,Winneshiek County,8,2,43.2929889,-91.850788,0.25,20131,0.9934926233172718
19220,"Danville, KY",4,0,37.6181043,-84.8683523,0,54456,0
19260,"Danville, VA",10,0,36.607172389999995,-79.40711381999999,0,102363,0
19300,"Daphne-Fairhope-Foley, AL",1,0,30.6592183,-87.7460666,0,212619,0
19340,"Davenport-Moline-Rock Island, IA-IL",35,4,41.565844448571426,-90.57703370571429,0.11428571428571428,381854,0.1047520780193477
19380,"Dayton, OH",71,6,39.759415609859154,-84.22021011408451,0.08450704225352113,803713,0.07465351437640053
19460,"Decatur, AL",1,0,34.4544844,-86.8464021,0,151888,0
19500,"Decatur, IL",9,0,39.8602372,-88.9615288,0,105533,0
19540,"Decatur, IN",1,0,40.7457327,-84.9361305,0,35422,0
19620,"Del Rio, TX",3,0,29.8752853,-101.1433237,0,49096,0
19660,"Deltona-Daytona Beach-Ormond Beach, FL",31,3,29.084681458064516,-81.16982512258065,0.0967741935483871,648117,0.04628793875179944
19700,"Deming, NM",7,1,32.1845231,-107.7471911,0.14285714285714285,24148,0.41411297001822095
19740,"Denver-Aurora-Lakewood, CO",169,25,39.73835957573964,-104.85307596923076,0.14792899408284024,2892979,0.08641611294102032
19760,"DeRidder, LA",1,0,30.6450184,-93.3402526,0,36847,0
19780,"Des Moines-West Des Moines, IA",63,13,41.668044293650794,-93.57644839841271,0.20634920634920634,645100,0.2015191443187103
19820,"Detroit-Warren-Dearborn, MI",259,55,42.417101405405404,-83.29177782432433,0.21235521235521235,4321704,0.1272646159940616
19980,"Dodge City, KS",4,2,37.6884159,-99.8847484,0.5,34288,0.5832944470368642
20020,"Dothan, AL",5,0,31.1581831,-85.2964111,0,147923,0
20100,"Dover, DE",16,3,39.0970884,-75.5029819,0.1875,176445,0.17002465357476834
20180,"DuBois, PA",1,0,41.0002489,-78.473749,0,79775,0
20220,"Dubuque, IA",23,5,42.4634808,-90.8787708,0.21739130434782608,97009,0.5154160954138276
20260,"Duluth, MN-WI",34,2,47.30405414705882,-92.46439343235295,0.058823529411764705,278659,0.07177230952526206
20340,"Duncan, OK",1,0,34.4813609,-97.8556068,0,43411,0
20420,"Durango, CO",22,4,37.2873673,-107.8397178,0.18181818181818182,55541,0.7201886894366324
20460,"Durant, OK",1,0,33.9640035,-96.2641365,0,46460,0
20500,"Durham-Chapel Hill, NC",110,11,36.04648924181818,-79.01346694909091,0.1,566491,0.1941778421899024
20540,"Dyersburg, TN",1,0,36.054196,-89.3983058,0,37403,0
20580,"Eagle Pass, TX",1,0,28.7297873,-100.316678,0,58227,0
20700,"East Stroudsburg, PA",8,0,41.0562401,-75.3290651,0,168089,0
20740,"Eau Claire, WI",18,1,44.7263547,-91.2864137,0.05555555555555555,167436,0.05972431257316229
20780,"Edwards, CO",8,0,39.6269919,-106.6951694,0,54992,0
20820,"Effingham, IL",3,0,39.0479445,-88.5928488,0,34147,0
20940,"El Centro, CA",14,6,33.0408143,-115.3554001,0.42857142857142855,181574,0.3304437860046042
21020,"Elizabeth City, NC",1,0,36.265184,-76.2606959,0,63497,0
21025,Breathitt County,1,0,37.506632,-83.2830396,0,12931,0
21060,"Elizabethtown-Fort Knox, KY",4,0,37.763745625,-86.022602725,0,150531,0
21071,Floyd County,4,0,37.559878,-82.7433611,0,36261,0
21079,Garrard County,1,0,37.6301619,-84.5458557,0,17497,0
21095,Harlan County,2,0,36.8592233,-83.2214968,0,26725,0
21115,Johnson County,1,0,37.8492599,-82.8306393,0,22571,0
21131,Leslie County,1,0,37.0878462,-83.3886172,0,10309,0
21133,Letcher County,2,0,37.1185357,-82.8612507,0,22328,0
21140,"Elkhart-Goshen, IN",26,8,41.6006928,-85.8639864,0.3076923076923077,204310,0.391561842298468
21141,Logan County,1,0,36.8598288,-86.8814363,0,27014,0
21157,Marshall County,2,0,36.882017,-88.3327524,0,31311,0
21167,Mercer County,1,0,37.8120851,-84.8796945,0,21588,0
21180,"Elkins, WV",1,0,38.7810953,-79.8677881,0,28894,0
21193,Perry County,2,0,37.2412822,-83.2177723,0,26479,0
21195,Pike County,10,1,37.4860314,-82.4109127,0.1,58862,0.16988889266419763
21205,Rowan County,1,1,38.2042499,-83.4280697,1,24562,0.4071329696278805
21213,Simpson County,1,0,36.7409472,-86.5817465,0,18105,0
21220,"Elko, NV",2,0,41.1411327,-115.3514239,0,54321,0
21233,Webster County,1,0,37.5194601,-87.6847904,0,13071,0
21260,"Ellensburg, WA",14,2,47.1244443,-120.6767136,0.14285714285714285,46157,0.4333037242455099
21300,"Elmira, NY",1,1,42.1552804,-76.7471791,1,84874,0.11782171218512147
21340,"El Paso, TX",76,43,31.7664803,-106.2414237,0.5657894736842105,845145,0.5087884327541428
21380,"Emporia, KS",1,0,38.4554978,-96.1615888,0,33344,0
21500,"Erie, PA",27,4,42.1179519,-80.0963858,0.14814814814814814,273892,0.1460429658405503
21540,"Escanaba, MI",1,0,45.8052288,-86.9019375,0,35896,0
21660,"Eugene, OR",84,11,43.9283286,-122.8976901,0.13095238095238096,375617,0.292851495006882
21700,"Eureka-Arcata-Fortuna, CA",5,1,40.7066554,-123.9261757,0.2,136527,0.07324558512235675
21780,"Evansville, IN-KY",18,1,37.96950847777778,-87.58314607777777,0.05555555555555555,314960,0.031750063500127
21820,"Fairbanks, AK",30,0,64.6923172,-146.6017326,0,99725,0
21840,"Fairfield, IA",1,1,41.0063841,-91.9674402,1,18233,0.5484560960895081
21900,"Fairmont, WV",8,0,39.5058387,-80.2434018,0,56369,0
22007,Assumption Parish,1,0,29.8988529,-91.0524649,0,22580,0
22009,Avoyelles Parish,1,0,31.088503,-91.9832748,0,40871,0
22020,"Fargo, ND-MN",41,3,46.92351231219512,-97.15999982195122,0.07317073170731707,241619,0.12416242100165964
22039,Evangeline Parish,1,0,30.7206932,-92.4040858,0,33625,0
22060,"Faribault-Northfield, MN",7,1,44.3509427,-93.2985032,0.14285714285714285,66173,0.1511190364650235
22140,"Farmington, NM",9,4,36.5116245,-108.3245778,0.4444444444444444,126902,0.31520385809522306
22180,"Fayetteville, NC",7,0,35.0501921,-78.8287187,0,385380,0
22220,"Fayetteville-Springdale-Rogers, AR-MO",13,2,36.11221922307692,-94.23295787692308,0.15384615384615385,538412,0.037146274600120356
22380,"Flagstaff, AZ",16,6,35.8296919,-111.7737277,0.375,141107,0.42520923837938585
22420,"Flint, MI",19,2,43.0210768,-83.7063718,0.10526315789473684,407673,0.04905892713032258
22500,"Florence, SC",2,0,34.0285346,-79.7102329,0,205546,0
22520,"Florence-Muscle Shoals, AL",7,1,34.875406371428575,-87.67249092857143,0.14285714285714285,147100,0.06798096532970768
22580,"Forest City, NC",1,0,35.4027469,-81.9195825,0,66568,0
22620,"Forrest City, AR",1,0,35.0140258,-90.7421378,0,25938,0
22660,"Fort Collins, CO",36,3,40.6580933,-105.4867638,0.08333333333333333,343993,0.08721107696958949
22700,"Fort Dodge, IA",2,1,42.4335786,-94.1758309,0.5,36643,0.2729034194798461
22800,"Fort Madison-Keokuk, IA-IL-MO",2,1,40.6475875,-91.4771574,0.5,58943,0.16965542982203147
22820,"Fort Morgan, CO",4,0,40.2631668,-103.8122783,0,28228,0
22840,"Fort Payne, AL",1,0,34.460929,-85.803992,0,71404,0
22900,"Fort Smith, AR-OK",5,1,35.1969808,-94.2749889,0.2,281990,0.03546225043441257
23003,Aroostook County,3,1,46.7091929,-68.6124095,0.3333333333333333,67595,0.14793993638582736
23007,Franklin County,3,1,44.9730119,-70.4447274,0.3333333333333333,29852,0.3349859305909152
23009,Hancock County,13,3,44.5649063,-68.3707034,0.23076923076923078,54597,0.5494807407000384
23013,Knox County,19,2,44.0420446,-69.0385145,0.10526315789473684,39869,0.5016428804334195
23015,Lincoln County,2,1,43.9942264,-69.5140557,0.5,34190,0.2924831822170225
23017,Oxford County,1,0,44.4945,-70.7344207,0,57430,0
23025,Somerset County,6,1,45.5036458,-69.9561096,0.16666666666666666,50421,0.19833006088732869
23027,Waldo County,3,0,44.5058342,-69.1389521,0,39800,0
23029,Washington County,4,1,44.9670088,-67.6093542,0.25,31540,0.31705770450221943
23060,"Fort Wayne, IN",36,4,41.0918553,-85.0722302,0.1111111111111111,434001,0.09216568625417913
23180,"Frankfort, KY",61,0,38.21610566393442,-84.87842816885245,0,73022,0
23340,"Fremont, NE",2,0,41.5770082,-96.6458526,0,36794,0
23380,"Fremont, OH",2,0,41.3553193,-83.1427763,0,59112,0
23420,"Fresno, CA",40,11,36.7610058,-119.6550193,0.275,986542,0.11150057473478067
23460,"Gadsden, AL",2,1,34.0476407,-86.0342629,0.5,102937,0.09714679852725454
23540,"Gainesville, FL",50,6,29.6757403,-82.357221,0.12,284685,0.21075926023499658
23660,"Galesburg, IL",5,0,40.9309412,-90.2137611,0,50628,0
23820,"Gardnerville Ranchos, NV",4,0,38.9051292,-119.6090191,0,48018,0
23900,"Gettysburg, PA",8,0,39.8694707,-77.2177296,0,102367,0
23940,"Gillette, WY",1,1,44.1919995,-105.5170141,1,46251,0.21621154137207846
23980,"Glasgow, KY",4,0,36.9636713,-85.9251618,0,53894,0
24020,"Glens Falls, NY",26,7,43.508426703846155,-73.76146368461538,0.2692307692307692,125917,0.5559217579834335
24029,Kent County,1,0,39.2412793,-76.1259867,0,19437,0
24060,"Glenwood Springs, CO",15,3,39.370140060000004,-107.31338194,0.2,77065,0.3892817751248946
24100,"Gloversville, NY",1,0,43.1156093,-74.4236782,0,53777,0
24140,"Goldsboro, NC",8,0,35.3541896,-78.0086695,0,123257,0
24220,"Grand Forks, ND-MN",13,3,47.914329599999995,-97.37001834615384,0.23076923076923078,102277,0.29332107903047605
24260,"Grand Island, NE",8,5,40.90399825,-98.44371275,0.625,84862,0.5891918644387358
24300,"Grand Junction, CO",19,4,39.0194206,-108.4618935,0.21052631578947367,151406,0.2641903227084792
24330,"Grand Rapids, MN",4,1,47.4908166,-93.6111022,0.25,45161,0.22142999490711013
24340,"Grand Rapids-Wyoming, MI",68,24,43.01675796911765,-85.78589489558823,0.35294117647058826,1060326,0.2263454824271026
24420,"Grants Pass, OR",3,1,42.3869815,-123.5716261,0.3333333333333333,86653,0.11540281352059363
24500,"Great Falls, MT",14,3,47.3164427,-111.350571,0.21428571428571427,81604,0.36762903779226513
24540,"Greeley, CO",5,0,40.555961,-104.383666,0,305274,0
24580,"Green Bay, WI",21,5,44.4740209,-87.9961514,0.23809523809523808,319786,0.15635456211341334
24620,"Greeneville, TN",3,1,36.179514,-82.8474854,0.3333333333333333,68759,0.14543550662458732
24640,"Greenfield Town, MA",33,4,42.5845038,-72.5917921,0.12121212121212122,70787,0.5650755082147852
24660,"Greensboro-High Point, NC",42,8,36.04390783809524,-79.79033663809524,0.19047619047619047,763486,0.10478253694239317
24700,"Greensburg, IN",1,0,39.3059799,-85.499831,0,26652,0
24780,"Greenville, NC",13,1,35.592965,-77.373138,0.07692307692307693,178617,0.055985712446183736
24860,"Greenville-Anderson-Mauldin, SC",45,8,34.8839073,-82.40141994000001,0.17777777777777778,895422,0.08934334872272515
24940,"Greenwood, SC",1,0,34.1557959,-82.1278759,0,95147,0
25019,Nantucket County,3,1,41.3058778,-70.1419099,0.3333333333333333,11270,0.8873114463176576
25060,"Gulfport-Biloxi-Pascagoula, MS",15,2,30.41750734,-89.07945210666666,0.13333333333333333,394322,0.05071996997377778
25180,"Hagerstown-Martinsburg, MD-WV",21,0,39.5591731,-77.87841507142856,0,265295,0
25200,"Hailey, ID",3,1,43.394192,-113.9553713,0.3333333333333333,28712,0.3482864307606576
25220,"Hammond, LA",1,0,30.6215802,-90.4066329,0,132322,0
25260,"Hanford-Corcoran, CA",1,1,36.072478,-119.8155301,1,149696,0.06680205215904232
25420,"Harrisburg-Carlisle, PA",92,10,40.37216896413044,-76.86939640869565,0.10869565217391304,571101,0.17510037629070865
25460,"Harrison, AR",1,0,36.3042991,-93.0792364,0,45323,0
25500,"Harrisonburg, VA",6,2,38.4362547,-78.8733028,0.3333333333333333,134220,0.14900908955446282
25540,"Hartford-West Hartford-East Hartford, CT",115,23,41.76659693043479,-72.68871232347827,0.2,1206719,0.19059946847609094
25580,"Hastings, NE",4,3,40.5206322,-98.5000441,0.75,31774,0.9441681878265249
25620,"Hattiesburg, MS",8,0,31.1885802,-89.2594467,0,148719,0
25700,"Hays, KS",1,0,38.9145967,-99.3173133,0,28769,0
25740,"Helena, MT",31,2,47.1221055,-112.3828899,0.06451612903225806,79786,0.2506705437044093
25780,"Henderson, NC",3,0,36.3654806,-78.4054343,0,44312,0
25840,"Hermiston-Pendleton, OR",15,3,45.5911997,-118.7338795,0.2,88311,0.33970853008119034
25860,"Hickory-Lenoir-Morganton, NC",5,1,35.71246224,-81.50966998,0.2,367004,0.027247659426055303
25880,"Hillsdale, MI",1,0,41.9274606,-84.6374794,0,45843,0
25900,"Hilo, HI",22,0,19.5977643,-155.5024434,0,199503,0
25940,"Hilton Head Island-Bluffton-Beaufort, SC",18,5,32.37022416666667,-80.74488575,0.2777777777777778,214890,0.2326771836753688
26013,Baraga County,3,0,46.6958592,-88.3618101,0,8438,0
26031,Cheboygan County,1,0,45.4761203,-84.4952706,0,25398,0
26035,Clare County,1,0,43.9911368,-84.8383253,0,30597,0
26047,Emmet County,2,1,45.5900944,-84.9868217,0.5,33127,0.30186856642617804
26053,Gogebic County,2,0,46.461513,-89.806863,0,15338,0
26063,Huron County,1,0,43.907616,-82.8570449,0,31271,0
26069,Iosco County,1,0,44.3294821,-82.8494444,0,25122,0
26090,"Holland, MI",6,0,42.5957875,-86.6347446,0,116433,0
26101,Manistee County,3,1,44.3503854,-86.6029672,0.3333333333333333,24421,0.4094836411285369
26127,Oceana County,1,1,43.6472546,-86.8075751,1,26458,0.3779575175750246
26143,Roscommon County,1,1,44.3395168,-84.6112715,1,23775,0.42060988433228186
26157,Tuscola County,2,0,43.4879024,-83.436618,0,52794,0
26220,"Hood River, OR",6,2,45.5117753,-121.6559762,0.3333333333333333,23476,0.8519338899301415
26300,"Hot Springs, AR",2,1,34.5788523,-93.1469323,0.5,98444,0.10158059404331397
26340,"Houghton, MI",15,1,46.998431,-88.6519079,0.06666666666666667,38499,0.25974700641575105
26380,"Houma-Thibodaux, LA",2,0,29.4130612,-90.61926145,0,209893,0
26420,"Houston-The Woodlands-Sugar Land, TX",118,23,29.790793369491524,-95.35463722118644,0.19491525423728814,6905695,0.03330584394474416
26460,"Hudson, NY",10,4,42.2477288,-73.6268057,0.4,60408,0.6621639517944643
26580,"Huntington-Ashland, WV-KY-OH",26,2,38.427993057692305,-82.28239525384615,0.07692307692307693,355582,0.056245816717381644
26620,"Huntsville, AL",23,4,34.768237786956526,-86.58849926956522,0.17391304347826086,455741,0.08776914958276741
26660,"Huntsville, TX",1,0,30.7431631,-95.5698246,0,87093,0
26740,"Hutchinson, KS",2,0,37.9481849,-98.0783463,0,62688,0
26820,"Idaho Falls, ID",16,1,43.3951708,-111.6218783,0.0625,145792,0.06859086918349429
26860,"Indiana, PA",1,0,40.6514319,-79.0875451,0,84879,0
26900,"Indianapolis-Carmel-Anderson, IN",111,13,39.80781107837838,-86.11755938378379,0.11711711711711711,2026723,0.06414295392118213
26960,"Ionia, MI",1,0,42.9446503,-85.073766,0,64229,0
26980,"Iowa City, IA",52,5,41.6688774,-91.5889245,0.09615384615384616,171470,0.29159619758558347
27005,Becker County,1,1,46.9376289,-95.7417568,1,34075,0.293470286133529
27020,"Iron Mountain, MI-WI",2,1,46.0128231,-87.8661191,0.5,29784,0.335750738651625
27031,Cook County,6,0,47.5385691,-90.2901899,0,5384,0
27060,"Ithaca, NY",20,3,42.4530063,-76.4734835,0.15,102678,0.29217553906386956
27065,Kanabec County,1,0,45.9477598,-93.2977883,0,16054,0
27100,"Jackson, MI",8,2,42.2484738,-84.4208679,0.25,158690,0.126031886067175
27115,Pine County,1,0,46.1009402,-92.7630936,0,29184,0
27121,Pope County,1,0,45.5896228,-95.4467052,0,10985,0
27140,"Jackson, MS",30,4,32.30442398666667,-90.40549961666667,0.13333333333333333,581552,0.06878146752139104
27149,Stevens County,3,1,45.5934609,-95.9923146,0.3333333333333333,9672,1.0339123242349049
27180,"Jackson, TN",8,4,35.6060563,-88.8334238,0.5,129186,0.3096310745746443
27220,"Jackson, WY-ID",21,5,44.03496342380952,-110.46348596666667,0.23809523809523808,34696,1.44108830989163
27260,"Jacksonville, FL",109,5,30.24619844678899,-81.60651851651376,0.045871559633027525,1504841,0.03322610162801253
27300,"Jacksonville, IL",1,0,39.7183001,-90.2025434,0,39177,0
27340,"Jacksonville, NC",1,0,34.7631087,-77.4994691,0,194838,0
27420,"Jamestown, ND",1,0,46.9722235,-98.9561228,0,21160,0
27460,"Jamestown-Dunkirk-Fredonia, NY",14,2,42.3042159,-79.4075949,0.14285714285714285,128609,0.15551011204503573
27500,"Janesville-Beloit, WI",15,2,42.6698802,-89.0752844,0.13333333333333333,162320,0.1232134056185313
27620,"Jefferson City, MO",23,0,38.5032331,-92.2800271,0,151298,0
27740,"Johnson City, TN",22,4,36.28677677727273,-82.49154545,0.18181818181818182,201844,0.19817284635659224
27780,"Johnstown, PA",3,0,40.5103124,-78.7104629,0,133054,0
27860,"Jonesboro, AR",4,1,35.8277285,-90.6314213,0.25,131158,0.07624391954741609
27900,"Joplin, MO",11,2,37.2051967,-94.3372594,0.18181818181818182,178330,0.11215162900241125
27920,"Junction City, KS",1,0,39.002156,-96.7680375,0,33633,0
27940,"Juneau, AK",32,1,58.6435233,-134.2811673,0.03125,32061,0.31190543027354106
27980,"Kahului-Wailuku-Lahaina, HI",22,1,20.8559308,-156.6015502,0.045454545454545456,166491,0.06006330672528846
28020,"Kalamazoo-Portage, MI",43,10,42.24710021162791,-85.55083630232559,0.23255813953488372,338347,0.29555456380579703
28060,"Kalispell, MT",13,2,48.3146779,-114.0542951,0.15384615384615385,100092,0.19981616912440556
28095,Monroe County,1,0,33.8900295,-88.4850379,0,35852,0
28123,Scott County,1,1,32.4271272,-89.5332094,1,28429,0.3517534911533997
28140,"Kansas City, MO-KS",74,10,38.99758154594594,-94.4389992972973,0.13513513513513514,2127259,0.04700885035625657
28180,"Kapaa, HI",11,1,22.0120383,-159.7059653,0.09090909090909091,71780,0.13931457230426303
28260,"Kearney, NE",5,1,40.855226,-99.0749833,0.2,56015,0.17852360974738907
28300,"Keene, NH",12,1,42.9254553,-72.2482169,0.08333333333333333,76185,0.13125943427183828
28420,"Kennewick-Richland, WA",37,3,46.27782055675676,-119.41778656756756,0.08108108108108109,290570,0.10324534535568021
28500,"Kerrville, TX",2,0,30.059953,-99.3533388,0,51850,0
28540,"Ketchikan, AK",6,1,55.4499378,-131.1066847,0.16666666666666666,13882,0.7203572972194209
28580,"Key West, FL",6,2,24.5354143,-82.0069198,0.3333333333333333,76636,0.260973954799311
28620,"Kill Devil Hills, NC",2,1,35.6062688,-75.7675364,0.5,40298,0.24815127301603057
28660,"Killeen-Temple, TX",15,2,31.075865666666665,-97.55314089333334,0.13333333333333333,443653,0.045080276702738405
28700,"Kingsport-Bristol-Bristol, TN-VA",18,1,36.627459344444446,-82.12932601111112,0.05555555555555555,306253,0.032652741360900954
28740,"Kingston, NY",35,7,41.9472124,-74.2654582,0.2,178723,0.3916675525813689
28780,"Kingsville, TX",2,2,27.4387348,-97.6606203,1,31574,0.633432571102806
28900,"Klamath Falls, OR",11,3,42.6837613,-121.6461682,0.2727272727272727,66789,0.44917576247585683
28940,"Knoxville, TN",53,7,35.976417826415094,-83.94430556981132,0.1320754716981132,875797,0.07992719774102904
29020,"Kokomo, IN",4,0,40.4835368,-86.1141178,0,82311,0
29029,Camden County,1,0,38.0265275,-92.7653271,0,45449,0
29060,"Laconia, NH",2,0,43.5191091,-71.4253661,0,60845,0
29100,"La Crosse-Onalaska, WI-MN",8,1,43.9082222,-91.1117584,0.125,136778,0.07311117284943486
29180,"Lafayette, LA",11,1,30.104860563636365,-92.04679716363637,0.09090909090909091,490107,0.02040370776177447
29200,"Lafayette-West Lafayette, IN",14,3,40.3891334,-86.8935538,0.21428571428571427,220337,0.1361550715494901
29260,"La Grande, OR",2,0,45.3040809,-117.9991488,0,26286,0
29300,"LaGrange, GA",5,0,33.034482,-85.02836,0,70038,0
29340,"Lake Charles, LA",6,1,30.2295588,-93.3580154,0.16666666666666666,209256,0.04778835493366976
29380,"Lake City, FL",1,0,30.2213332,-82.6231676,0,69825,0
29420,"Lake Havasu City-Kingman, AZ",10,1,35.717705,-113.7496891,0.1,207114,0.048282588332995355
29460,"Lakeland-Winter Haven, FL",13,1,27.9531147,-81.6927831,0.07692307692307693,685830,0.01458087281104647
29540,"Lancaster, PA",32,5,40.0419921,-76.250198,0.15625,541054,0.09241221763446902
29620,"Lansing-East Lansing, MI",68,6,42.603329102941174,-84.38076236176471,0.08823529411764706,480353,0.12490814047169477
29660,"Laramie, WY",8,1,41.6655141,-105.7218826,0.125,38430,0.2602133749674733
29700,"Laredo, TX",2,2,27.7607987,-99.3407518,1,273982,0.07299749618588082
29740,"Las Cruces, NM",42,18,32.3499198,-106.8349691,0.42857142857142855,216186,0.8326163581360495
29780,"Las Vegas, NM",1,0,35.4768585,-104.8035189,0,27782,0
29820,"Las Vegas-Henderson-Paradise, NV",89,9,36.2142575,-115.013812,0.10112359550561797,2183310,0.041221814584278
29940,"Lawrence, KS",27,3,38.8964168,-95.2909475,0.1111111111111111,120629,0.24869641628464134
30003,Big Horn County,1,0,45.407869,-107.5181625,0,13444,0
30017,Custer County,4,0,46.2614136,-105.5503521,0,11725,0
30020,"Lawton, OK",2,2,34.6626279,-98.4765971,1,127589,0.15675332512990933
30035,Glacier County,2,0,48.7056706,-112.9905023,0,13675,0
30041,Hill County,4,0,48.6319595,-110.106321,0,16463,0
30053,Lincoln County,2,1,48.5523847,-115.4631849,0.5,19508,0.5126102111954071
30067,Park County,3,1,45.4214291,-110.5327601,0.3333333333333333,16438,0.6083465141744737
30087,Rosebud County,2,0,46.1732331,-106.6667462,0,9259,0
30140,"Lebanon, PA",9,0,40.3715593,-76.4648697,0,139566,0
30260,"Lewisburg, PA",6,0,40.962179,-77.0554751,0,44756,0
30280,"Lewisburg, TN",1,0,35.4683433,-86.765865,0,32934,0
30300,"Lewiston, ID-WA",6,0,46.3084697,-116.83872113333334,0,62881,0
30340,"Lewiston-Auburn, ME",17,2,44.1676811,-70.2074347,0.11764705882352941,107569,0.18592717232659967
30420,"Lexington, NE",1,1,40.8673784,-99.8151537,1,25670,0.3895597974289053
30460,"Lexington-Fayette, KY",55,6,38.04220768181818,-84.46804431454545,0.10909090909090909,512732,0.11702019768612063
30620,"Lima, OH",11,1,40.7716274,-84.1061032,0.09090909090909091,103069,0.09702238306377281
30700,"Lincoln, NE",57,5,40.7835474,-96.6886584,0.08771929824561403,331179,0.15097575631305124
30780,"Little Rock-North Little Rock-Conway, AR",37,4,34.78047211081081,-92.31331262162162,0.10810810810810811,737991,0.05420120299570049
30820,"Lock Haven, PA",1,0,41.2453009,-77.6491409,0,38837,0
30860,"Logan, UT-ID",10,2,41.7341676,-111.744568,0.2,138052,0.14487294642598442
30880,"Logan, WV",4,0,37.8305905,-81.940853,0,33043,0
30900,"Logansport, IN",1,0,40.7537986,-86.3551685,0,37905,0
30940,"London, KY",5,0,37.04221898,-84.1244457,0,127912,0
30980,"Longview, TX",6,2,32.4863971,-94.8162759,0.3333333333333333,218594,0.09149381959248652
31013,Box Butte County,1,0,42.2103804,-103.0817795,0,10860,0
31020,"Longview, WA",17,1,46.1967854,-122.6784596,0.058823529411764705,106900,0.09354536950420954
31045,Dawes County,1,1,42.7112144,-103.1348721,1,8885,1.1254924029262803
31080,"Los Angeles-Long Beach-Anaheim, CA",554,101,34.080789156859204,-118.1542577364621,0.18231046931407943,13298709,0.07594722164384528
31089,Holt County,1,1,42.4592867,-98.784766200000007,1,10186,0.9817396426467702
31140,"Louisville/Jefferson County, KY-IN",118,17,38.218928391525424,-85.66088499406779,0.1440677966101695,1292809,0.13149660932125318
31145,Red Willow County,1,0,40.1694196,-100.4685764,0,10750,0
31161,Sheridan County,1,0,42.5122888,-102.3682795,0,5278,0
31163,Sherman County,2,0,41.2187425,-98.9728492,0,3090,0
31179,Wayne County,1,0,42.210746,-97.1262433,0,9260,0
31180,"Lubbock, TX",8,2,33.6114688,-101.8199438,0.25,316588,0.0631735883861675
31220,"Ludington, MI",7,1,43.9966363,-86.7508138,0.14285714285714285,29023,0.3445543189883885
31260,"Lufkin, TX",5,1,31.2519514,-94.6110558,0.2,87711,0.11401078542030076
31300,"Lumberton, NC",2,0,34.6392096,-79.1008811,0,132590,0
31340,"Lynchburg, VA",14,1,37.38661705714286,-79.24283272857143,0.07142857142857142,261954,0.038174641349244524
31380,"Macomb, IL",3,0,40.4558082,-90.6789543,0,30323,0
31420,"Macon-Bibb County, GA",9,1,32.8088446,-83.6941941,0.1111111111111111,229081,0.04365268180250654
31460,"Madera, CA",1,0,37.2098213,-119.7498023,0,155904,0
31500,"Madison, IN",4,0,38.7836039,-85.44009,0,32047,0
31540,"Madison, WI",101,12,43.0674684,-89.4178523,0.1188118811881188,654577,0.18332449811099383
31580,"Madisonville, KY",1,1,37.3110702,-87.5421956,1,45369,0.22041482069254334
31660,"Malone, NY",3,2,44.5943758,-74.31067,0.6666666666666666,50444,0.39647926413448575
31700,"Manchester-Nashua, NH",31,7,42.9115317,-71.7230554,0.22580645161290322,413157,0.16942711850458786
31740,"Manhattan, KS",9,1,39.2912114,-96.7274889,0.1111111111111111,97954,0.10208873552892174
31820,"Manitowoc, WI",4,0,44.1044332,-87.3154777,0,79140,0
31860,"Mankato-North Mankato, MN",11,3,44.12237651818182,-94.11355932727272,0.2727272727272727,100945,0.29719153994749614
31900,"Mansfield, OH",4,0,40.774159,-82.5427812,0,120543,0
31930,"Marietta, OH",3,1,39.4506837,-81.4906531,0.3333333333333333,60462,0.16539313949257384
31980,"Marion, IN",6,0,40.5157575,-85.6549455,0,66282,0
32020,"Marion, OH",1,0,40.5880337,-83.1688034,0,64941,0
32027,Pershing County,1,1,40.439639,-118.4094765,1,6473,1.544878727019929
32100,"Marquette, MI",21,2,46.6565964,-87.5840278,0.09523809523809523,66565,0.3004581987530985
32140,"Marshall, MN",2,0,44.4091953,-95.8472678,0,25953,0
32180,"Marshall, MO",1,0,39.1358403,-93.2041639,0,22924,0
32220,"Marshall, TX",2,1,32.5479914,-94.3744344,0.5,66540,0.15028554253080853
32260,"Marshalltown, IA",2,1,42.041691,-92.9814523,0.5,40148,0.2490784098834313
32300,"Martinsville, VA",1,1,36.6835269,-79.8636475,1,64219,0.1557171553590059
32380,"Mason City, IA",2,1,43.0749751,-93.2509646,0.5,50458,0.19818462880019025
32540,"McAlester, OK",2,0,34.9255401,-95.7481302,0,44145,0
32580,"McAllen-Edinburg-Mission, TX",23,17,26.3963839,-98.18099,0.7391304347826086,858323,0.19806063684650185
32620,"McComb, MS",1,0,31.1775158,-90.3977277,0,52046,0
32700,"McPherson, KS",1,0,38.395812,-97.6474893,0,28673,0
32740,"Meadville, PA",3,0,41.687876,-80.107795,0,85788,0
32780,"Medford, OR",34,5,42.4116284,-122.6756846,0.14705882352941177,216761,0.23066880112197305
32820,"Memphis, TN-MS-AR",78,10,35.154290366666665,-89.91262927435898,0.1282051282051282,1347576,0.07420731743515764
32860,"Menomonie, WI",4,1,44.9477454,-91.8976612,0.25,44699,0.2237186514239692
32900,"Merced, CA",17,7,37.1948063,-120.7228019,0.4117647058823529,271340,0.2579789194368689
32940,"Meridian, MS",1,0,32.4039981,-88.6604487,0,102272,0
32980,"Merrill, WI",1,0,45.3384167,-89.7423088,0,27766,0
33003,Carroll County,6,1,43.8677742,-71.2015596,0.16666666666666666,48109,0.20786131493067825
33020,"Mexico, MO",1,0,39.2144798,-91.8434148,0,25600,0
33100,"Miami-Fort Lauderdale-West Palm Beach, FL",329,50,26.126531096960488,-80.47569858480243,0.1519756838905775,6149687,0.08130495096742323
33140,"Michigan City-La Porte, IN",4,0,41.5490129,-86.7447386,0,109911,0
33220,"Midland, MI",9,2,43.6482031,-84.3794144,0.2222222222222222,83245,0.24025466995014716
33260,"Midland, TX",6,1,31.8708957,-102.0243264,0.16666666666666666,170948,0.058497320822706325
33300,"Milledgeville, GA",2,0,33.0594897,-83.2554566,0,53466,0
33340,"Milwaukee-Waukesha-West Allis, WI",75,24,43.017716708,-87.547369004,0.32,1575151,0.15236634455998188
33420,"Mineral Wells, TX",1,0,32.7522042,-98.3179673,0,28575,0
33460,"Minneapolis-St. Paul-Bloomington, MN-WI",265,34,45.00210212226415,-93.30116941622641,0.12830188679245283,3592669,0.09463716251065711
33500,"Minot, ND",1,0,48.2166858,-101.5405369,0,76751,0
33540,"Missoula, MT",51,6,47.0272632,-113.8926911,0.11764705882352941,117863,0.5090656100727116
33660,"Mobile, AL",21,0,30.6845725,-88.1965682,0,414515,0
33700,"Modesto, CA",29,7,37.5623162,-121.0028311,0.2413793103448276,545267,0.1283774737880708
33740,"Monroe, LA",5,1,32.4776643,-92.1548478,0.2,178211,0.056113259001969576
33780,"Monroe, MI",3,0,41.916097,-83.4871059,0,149592,0
33860,"Montgomery, AL",29,4,32.20098488275862,-86.2198451,0.13793103448275862,374042,0.10693986236839714
33940,"Montrose, CO",1,1,38.4075069,-108.2662815,1,41785,0.23932033026205576
34060,"Morgantown, WV",15,1,39.60072176,-79.98103186,0.06666666666666667,139739,0.07156198341193225
34140,"Moscow, ID",8,4,46.8189202,-116.7309737,0.5,39714,1.007201490658206
34180,"Moses Lake, WA",2,0,47.2136328,-119.467788,0,95821,0
34220,"Moultrie, GA",1,0,31.1897075,-83.769773,0,45543,0
34260,"Mountain Home, AR",8,1,36.2807589,-92.3304757,0.125,41316,0.24203698325104078
34380,"Mount Pleasant, MI",7,1,43.6452331,-84.8394245,0.14285714285714285,71125,0.14059753954305798
34420,"Mount Pleasant, TX",2,1,33.214599,-94.9667825,0.5,32806,0.30482228860574284
34460,"Mount Sterling, KY",1,0,38.0381379,-83.9123375,0,46800,0
34500,"Mount Vernon, IL",2,0,38.3007796,-88.92421,0,38111,0
34580,"Mount Vernon-Anacortes, WA",13,6,48.4932917,-121.8157703,0.46153846153846156,126026,0.4760922349356482
34620,"Muncie, IN",4,0,40.2275433,-85.3992617,0,115389,0
34660,"Murray, KY",6,0,36.6209783,-88.2740857,0,38865,0
34700,"Muscatine, IA",2,0,41.483776,-91.1186992,0,42892,0
34740,"Muskegon, MI",8,1,43.2892579,-86.751892,0.125,173656,0.05758511079375317
34780,"Muskogee, OK",5,0,35.6175506,-95.3839106,0,68959,0
34820,"Myrtle Beach-Conway-North Myrtle Beach, SC-NC",13,2,33.929190138461536,-78.86145803846155,0.15384615384615385,463386,0.04316056160522761
34860,"Nacogdoches, TX",7,2,31.6205598,-94.6202497,0.2857142857142857,65599,0.30488269638256676
34900,"Napa, CA",27,7,38.5070999,-122.3259045,0.25925925925925924,140386,0.49862521903893553
34940,"Naples-Immokalee-Marco Island, FL",33,4,26.118786,-81.4009553,0.12121212121212122,372345,0.10742725160805168
34980,"Nashville-Davidson--Murfreesboro--Franklin, TN",129,21,36.107603537984495,-86.78000287286821,0.16279069767441862,1900584,0.1104923539291081
35053,Socorro County,2,1,33.9916579,-106.9391362,0.5,16885,0.5922416345869115
35100,"New Bern, NC",1,0,35.1168292,-77.0813197,0,125010,0
35220,"New Castle, IN",1,0,39.9295911,-85.3973629,0,48247,0
35260,"New Castle, PA",1,0,40.9927352,-80.3344455,0,86652,0
35300,"New Haven-Milford, CT",108,15,41.3497173,-72.9002037,0.1388888888888889,857794,0.1748671592480246
35380,"New Orleans-Metairie, LA",75,11,30.042653725333334,-89.96424079066668,0.14666666666666667,1270465,0.08658247177214642
35420,"New Philadelphia-Dover, OH",1,0,40.4474477,-81.4711573,0,92411,0
35440,"Newport, OR",10,3,44.6410607,-123.9112121,0.3,48820,0.6145022531749283
35500,"Newton, IA",3,1,41.6855513,-93.0541468,0.3333333333333333,36985,0.27037988373665
35580,"New Ulm, MN",1,0,44.2465415,-94.7336472,0,25172,0
35620,"New York-Newark-Jersey City, NY-NJ-PA",1263,260,40.83027444718923,-73.97206918218528,0.2058590657165479,19998951,0.1300068188576491
35660,"Niles-Benton Harbor, MI",5,1,41.7913818,-86.7425435,0.2,154362,0.06478278332750288
35700,"Nogales, AZ",3,2,31.525733,-110.8452278,0.6666666666666666,46636,0.4288532464190754
35740,"Norfolk, NE",2,1,41.9099293,-97.6068564,0.5,48357,0.2067952933391236
35840,"North Port-Sarasota-Bradenton, FL",71,4,27.297442105633806,-82.36695000985915,0.056338028169014086,805139,0.04968086255913576
35860,"North Vernon, IN",1,0,38.9962289,-85.628103,0,27638,0
35940,"Norwalk, OH",2,1,41.1450798,-82.594641,0.5,58462,0.171051281174096
35980,"Norwich-New London, CT",22,5,41.4726517,-72.1086339,0.22727272727272727,267826,0.18668837230141958
36003,Allegany County,1,0,42.2478532,-78.0261531,0,46688,0
36017,Chenango County,1,0,42.4780238,-75.6022407,0,47790,0
36020,"Oak Harbor, WA",18,4,48.1585538,-122.6706492,0.2222222222222222,83285,0.4802785615657081
36025,Delaware County,4,1,42.1939865,-74.9667281,0.25,45020,0.22212350066637052
36025,Delaware County,4,1,42.1939865,-74.9667281,0.25,45020,0.22212350066637052
36031,Essex County,3,2,44.1096005,-73.7784307,0.6666666666666666,37511,0.533176934765802
36039,Greene County,5,0,42.2869702,-74.1495421,0,47474,0
36100,"Ocala, FL",5,0,29.2028047,-82.0431004,0,353717,0
36105,Sullivan County,8,4,41.7199928,-74.7715769,0.5,75079,0.532772146672172
36140,"Ocean City, NJ",5,1,39.0861425,-74.8477158,0.2,93184,0.10731456043956045
36220,"Odessa, TX",4,1,31.8653008,-102.5425068,0.25,157173,0.06362415936579438
36260,"Ogden-Clearfield, UT",21,3,41.21490698095238,-111.95421082857142,0.14285714285714285,664589,0.04514068093212497
36300,"Ogdensburg-Massena, NY",13,3,44.4881125,-75.074311,0.23076923076923078,108562,0.27633978740259024
36420,"Oklahoma City, OK",88,14,35.49116810795454,-97.40018985909091,0.1590909090909091,1383249,0.10121098948923873
36460,"Olean, NY",4,0,42.2390986,-78.662332,0,77245,0
36500,"Olympia-Tumwater, WA",59,5,46.9358216,-122.8301524,0.0847457627118644,280289,0.17838730738630484
36540,"Omaha-Council Bluffs, NE-IA",68,8,41.286130257352944,-96.05127537941176,0.11764705882352941,932217,0.08581692889102002
36580,"Oneonta, NY",10,2,42.6297762,-75.028841,0.2,59903,0.3338730948366526
36620,"Ontario, OR-ID",2,0,43.59525605,-117.17714155,0,53668,0
36660,"Opelousas, LA",3,0,30.5834409,-91.9892745,0,83447,0
36700,"Orangeburg, SC",4,0,33.436135,-80.8029131,0,87673,0
36740,"Orlando-Kissimmee-Sanford, FL",74,8,28.5282396027027,-81.3245779891892,0.10810810810810811,2512917,0.03183551227517662
36780,"Oshkosh-Neenah, WI",13,2,44.0857068,-88.6681488,0.15384615384615385,170375,0.11738811445341159
36820,"Oskaloosa, IA",2,0,41.3307969,-92.6363663,0,22197,0
36840,"Ottawa, KS",1,0,38.5580187,-95.2789618,0,25657,0
36860,"Ottawa-Peru, IL",1,1,41.3433407,-88.8859312,1,148567,0.06730969865447912
36900,"Ottumwa, IA",1,0,41.0312631,-92.4094822,0,44098,0
36940,"Owatonna, MN",1,0,44.0152607,-93.2204527,0,36824,0
36980,"Owensboro, KY",5,0,37.731671,-87.087139,0,118543,0
37009,Ashe County,2,0,36.4434687,-81.4993343,0,26803,0
37017,Bladen County,2,0,34.5919375,-78.5394885,0,33468,0
37020,"Owosso, MI",2,0,42.9515446,-84.1463518,0,68459,0
37039,Cherokee County,2,1,35.1362316,-84.0613094,0.5,27980,0.35739814152966404
37047,Columbus County,1,0,34.2616017,-78.6393077,0,55987,0
37060,"Oxford, MS",13,1,34.3492982,-89.4859026,0.07692307692307693,54237,0.18437597949739107
37061,Duplin County,1,0,34.9344033,-77.9335434,0,58862,0
37095,Hyde County,1,0,35.4081567,-76.1536867,0,5267,0
37100,"Oxnard-Thousand Oaks-Ventura, CA",43,15,34.3587415,-119.1331432,0.3488372093023256,850802,0.17630423999943584
37120,"Ozark, AL",1,0,31.4306536,-85.609476,0,49254,0
37123,Montgomery County,1,0,35.3344151,-79.9066023,0,27347,0
37149,Polk County,2,0,35.2779011,-82.1676211,0,20518,0
37220,"Pahrump, NV",6,0,37.9658636,-116.4590107,0,44051,0
37260,"Palatka, FL",1,0,29.6060059,-81.7408939,0,73385,0
37340,"Palm Bay-Melbourne-Titusville, FL",26,4,28.2983043,-80.7003309,0.15384615384615385,588265,0.06799656617340824
37460,"Panama City, FL",9,1,30.2382631,-85.6315101,0.1111111111111111,200168,0.04995803525038967
37580,"Paris, TX",3,2,33.6672628,-95.5703477,0.6666666666666666,49597,0.4032501965844708
37620,"Parkersburg-Vienna, WV",15,1,39.2115749,-81.5162531,0.06666666666666667,90873,0.11004368734387551
37740,"Payson, AZ",4,1,33.7896177,-110.8118696,0.25,53629,0.1864662775737008
37860,"Pensacola-Ferry Pass-Brent, FL",25,3,30.618854168000002,-87.312808616,0.12,487327,0.061560307555296546
37900,"Peoria, IL",13,2,40.76461663846154,-89.7478105,0.15384615384615385,371810,0.05379091471450472
37940,"Peru, IN",1,0,40.7728813,-86.0442585,0,35827,0
37980,"Philadelphia-Camden-Wilmington, PA-NJ-DE-MD",387,61,39.96862823074935,-75.27554377183462,0.15762273901808785,6078451,0.10035451466171233
38009,Bottineau County,1,1,48.7944116,-100.8312572,1,6536,1.529987760097919
38060,"Phoenix-Mesa-Scottsdale, AZ",189,32,33.33295342539682,-112.45968759206349,0.1693121693121693,4761694,0.0672029744036471
38180,"Pierre, SD",5,0,44.452026679999996,-100.00682706,0,22073,0
38220,"Pine Bluff, AR",1,0,34.2776284,-91.9307005,0,90923,0
38240,"Pinehurst-Southern Pines, NC",1,0,35.3082717,-79.4927248,0,97232,0
38260,"Pittsburg, KS",4,3,37.5058215,-94.8538967,0.75,39031,0.7686198150188311
38300,"Pittsburgh, PA",173,22,40.43270033121387,-79.92217578265895,0.12716763005780346,2330283,0.0944091339978878
38340,"Pittsfield, MA",51,5,42.3753141,-73.2139479,0.09803921568627451,126485,0.3953037909633554
38420,"Platteville, WI",1,0,42.8700275,-90.6942288,0,51806,0
38460,"Plattsburgh, NY",22,4,44.752712,-73.7056429,0.18181818181818182,80567,0.49648118956893017
38540,"Pocatello, ID",4,1,42.6929211,-112.2289819,0.25,85641,0.1167665020258988
38780,"Portales, NM",3,0,34.0212068,-103.4830039,0,18905,0
38820,"Port Angeles, WA",22,6,48.1109034,-123.8898599,0.2727272727272727,75712,0.7924767540152156
38840,"Port Clinton, OH",1,0,41.5454953,-83.0126127,0,40632,0
38860,"Portland-South Portland, ME",128,21,43.74900630703125,-70.37064750546875,0.1640625,532280,0.3945291951604419
38900,"Portland-Vancouver-Hillsboro, OR-WA",271,61,45.549956054612544,-122.49722467785978,0.22509225092250923,2456462,0.2483246229740171
38940,"Port St. Lucie, FL",21,4,27.182339733333333,-80.41331316666667,0.19047619047619047,473192,0.08453228287883144
39020,"Portsmouth, OH",3,0,38.8148886,-82.998675,0,75898,0
39075,Holmes County,1,0,40.5655971,-81.9300012,0,43887,0
39131,Pike County,1,0,39.0713596,-83.0529085,0,28227,0
39140,"Prescott, AZ",12,1,34.6312117,-112.5773855,0.08333333333333333,228055,0.04384907149591107
39171,Williams County,1,0,41.5649581,-84.5843225,0,36746,0
39260,"Prineville, OR",1,0,44.1630537,-120.3715849,0,23091,0
39300,"Providence-Warwick, RI-MA",111,18,41.79659436036036,-71.48685305675676,0.16216216216216217,1617057,0.11131333032787341
39340,"Provo-Orem, UT",14,1,40.1204248,-111.6685082,0.07142857142857142,617751,0.01618775202306431
39380,"Pueblo, CO",19,2,38.1706581,-104.4898924,0.10526315789473684,166426,0.12017353057815484
39420,"Pullman, WA",13,5,46.9059441,-117.5353898,0.38461538461538464,49344,1.0132944228274967
39460,"Punta Gorda, FL",2,0,26.8689328,-81.9410769,0,181537,0
39500,"Quincy, IL-MO",2,1,39.9860525,-91.1949607,0.5,76058,0.13147860843040837
39540,"Racine, WI",8,2,42.7541231,-87.42084,0.25,195949,0.10206737467402233
39580,"Raleigh, NC",93,20,35.78687386021505,-78.64757762150536,0.21505376344086022,1334342,0.14988661077894572
39660,"Rapid City, SD",17,4,44.07328249411764,-102.81090354705883,0.23529411764705882,146869,0.2723515513825246
39740,"Reading, PA",45,11,40.4139565,-75.9268598,0.24444444444444444,417524,0.2634579090064284
39820,"Redding, CA",25,2,40.7605142,-122.0435556,0.08,179539,0.11139640969371557
39900,"Reno, NV",48,8,40.734015,-119.6622724,0.16666666666666666,461336,0.17340940225779042
39940,"Rexburg, ID",2,1,43.788614,-111.6569925,0.5,52488,0.19051973784484072
39980,"Richmond, IN",5,1,39.8630908,-85.0067351,0.2,66178,0.15110761884614224
40041,Delaware County,2,0,36.3933755,-94.808217,0,42582,0
40060,"Richmond, VA",117,12,37.53645799401709,-77.50296491623932,0.10256410256410256,1292911,0.09281381317043479
40080,"Richmond-Berea, KY",5,0,37.7235917,-84.2769976,0,107983,0
40140,"Riverside-San Bernardino-Ontario, CA",155,30,34.289886900645165,-116.09114051677419,0.1935483870967742,4570427,0.06563938117817
40180,"Riverton, WY",5,0,43.054831,-108.6089349,0,39834,0
40220,"Roanoke, VA",37,4,37.25887172432432,-79.95391263783785,0.10810810810810811,313488,0.12759659061909864
40340,"Rochester, MN",29,4,43.99224872068966,-92.39593592068965,0.13793103448275862,217828,0.18363112180252308
40380,"Rochester, NY",64,17,43.35382463125,-77.615040121875,0.265625,1071589,0.15864291253456317
40420,"Rockford, IL",29,3,42.3373957,-89.1612053,0.10344827586206896,338252,0.08869127159632463
40580,"Rocky Mount, NC",3,0,35.9496467,-77.85925693333333,0,146769,0
40700,"Roseburg, OR",8,1,43.2863277,-123.154476,0.125,109284,0.09150470334175177
40740,"Roswell, NM",8,0,33.3616045,-104.4698374,0,65153,0
40760,"Ruidoso, NM",1,0,33.7408411,-105.4498055,0,19483,0
40780,"Russellville, AR",3,0,35.456557,-93.0268181,0,85199,0
40820,"Ruston, LA",1,0,32.6018231,-92.6623026,0,47465,0
40860,"Rutland, VT",7,4,43.5808577,-73.0382023,0.5714285714285714,59000,0.6779661016949152
40900,"Sacramento--Roseville--Arden-Arcade, CA",163,14,38.521903890797546,-121.31771369325153,0.08588957055214724,2320381,0.060334919136124626
40980,"Saginaw, MI",6,1,43.3282667,-84.05541,0.16666666666666666,191996,0.05208441842538386
41031,Jefferson County,3,1,44.6451505,-121.1786315,0.3333333333333333,23700,0.42194092827004215
41057,Tillamook County,3,1,45.4558895,-123.7592988,0.3333333333333333,26574,0.3763076691502973
41060,"St. Cloud, MN",18,1,45.5552345,-94.6104822,0.05555555555555555,198106,0.05047802691488395
41100,"St. George, UT",10,1,37.2625308,-113.4878003,0.1,165859,0.06029217588433549
41140,"St. Joseph, MO-KS",4,1,39.6603695,-94.8081728,0.25,126598,0.07899018941847423
41180,"St. Louis, MO-IL",187,9,38.63965343101604,-90.26547390160428,0.0481283422459893,2805850,0.032075841545342765
41220,"St. Marys, GA",3,0,30.9133473,-81.6420006,0,53067,0
41400,"Salem, OH",2,0,40.770073,-80.778455,0,103149,0
41420,"Salem, OR",74,9,44.90088425945946,-122.59848757027027,0.12162162162162163,424968,0.2117806517196589
41460,"Salina, KS",2,0,38.7863268,-97.6501534,0,60363,0
41500,"Salinas, CA",41,12,36.240107,-121.3155723,0.2926829268292683,435477,0.27555990327847396
41540,"Salisbury, MD-DE",41,4,38.4817771097561,-75.40597817073171,0.0975609756097561,404067,0.0989934837539319
41620,"Salt Lake City, UT",136,21,40.66641125367647,-111.93306130955882,0.15441176470588236,1205238,0.17423944482334608
41660,"San Angelo, TX",5,2,31.3988234,-100.4637879,0.4,119200,0.16778523489932884
41700,"San Antonio-New Braunfels, TX",47,13,29.469593425531915,-98.48470062765956,0.2765957446808511,2474274,0.05254066445349222
41740,"San Diego-Carlsbad, CA",278,58,33.0236041,-116.7761174,0.20863309352517986,3325468,0.17441154147326032
41760,"Sandpoint, ID",7,1,48.3246283,-116.6274521,0.14285714285714285,43621,0.2292473808486738
41780,"Sandusky, OH",2,1,41.5540061,-82.5258973,0.5,74857,0.1335880411985519
41860,"San Francisco-Oakland-Hayward, CA",453,72,37.70787360794702,-122.45526016401766,0.15894039735099338,4710693,0.15284375356237395
41940,"San Jose-Sunnyvale-Santa Clara, CA",149,34,37.20849401073826,-121.67843462013423,0.22818791946308725,1993582,0.17054728624154913
42020,"San Luis Obispo-Paso Robles-Arroyo Grande, CA",48,7,35.3852242,-120.4475445,0.14583333333333334,282838,0.2474914968992851
42031,Clarion County,1,0,41.1981594,-79.4203691,0,38975,0
42065,Jefferson County,1,0,41.1380282,-79.012419,0,43828,0
42100,"Santa Cruz-Watsonville, CA",37,8,37.0124883,-122.007205,0.21621621621621623,275105,0.2907980589229567
42117,Tioga County,1,0,41.7668593,-77.2572881,0,40701,0
42127,Wayne County,1,0,41.6470068,-75.293193,0,51215,0
42140,"Santa Fe, NM",39,7,35.5143241,-105.9657706,0.1794871794871795,149617,0.4678612724489864
42200,"Santa Maria-Santa Barbara, CA",59,19,34.5370572,-120.0399729,0.3220338983050847,445606,0.42638564112691485
42220,"Santa Rosa, CA",63,11,38.5251824,-122.9261095,0.1746031746031746,503246,0.2185809723276489
42300,"Sault Ste. Marie, MI",4,1,46.3218192,-84.5206297,0.25,37714,0.2651535238903325
42340,"Savannah, GA",23,2,31.996988382608695,-81.09641941304348,0.08695652173913043,386337,0.05176827484812483
42420,"Scottsbluff, NE",4,1,41.8503306,-103.7015494,0.25,38148,0.26213694033763235
42540,"Scranton--Wilkes-Barre--Hazleton, PA",45,4,41.27572774666667,-75.84649676888888,0.08888888888888889,555645,0.07198840986601157
42660,"Seattle-Tacoma-Bellevue, WA",251,34,47.47549453625498,-121.8930187498008,0.13545816733067728,3884469,0.08752805080951863
42680,"Sebastian-Vero Beach, FL",8,1,27.7005283,-80.5747894,0.125,154314,0.06480293427686405
42700,"Sebring, FL",3,0,27.3426272,-81.3409213,0,104060,0
42740,"Sedalia, MO",1,0,38.7273667,-93.2852073,0,42504,0
42780,"Selinsgrove, PA",3,0,40.7554068,-77.0729288,0,40585,0
42820,"Selma, AL",9,0,32.3335397,-87.1143556,0,39235,0
42900,"Seneca Falls, NY",3,0,42.7822943,-76.827088,0,34327,0
42940,"Sevierville, TN",1,0,35.8018095,-83.5156955,0,97277,0
42980,"Seymour, IN",1,0,38.9119571,-86.0425161,0,43987,0
43060,"Shawnee, OK",2,0,35.2113928,-96.957007,0,72248,0
43100,"Sheboygan, WI",12,3,43.7451995,-87.7321195,0.25,115235,0.2603375710504621
43180,"Shelbyville, TN",2,0,35.5136604,-86.4582939,0,48138,0
43260,"Sheridan, WY",4,1,44.7813692,-106.8812114,0.25,30132,0.33187309172972257
43300,"Sherman-Denison, TX",9,6,33.624524,-96.675693,0.6666666666666666,131214,0.457268279299465
43320,"Show Low, AZ",6,2,35.3907852,-110.3210248,0.3333333333333333,109144,0.1832441545114711
43340,"Shreveport-Bossier City, LA",13,1,32.58632250769231,-93.86193886923077,0.07692307692307693,439631,0.022746348642384184
43420,"Sierra Vista-Douglas, AZ",7,2,31.8401287,-109.7751627,0.2857142857142857,124990,0.1600128010240819
43460,"Sikeston, MO",1,0,37.0477927,-89.5680975,0,38566,0
43500,"Silver City, NM",1,0,32.732087,-108.3815043,0,27692,0
43580,"Sioux City, IA-NE-SD",10,2,42.42749887,-96.12035841,0.2,168218,0.11889334078398268
43620,"Sioux Falls, SD",21,3,43.6674723,-96.7957261,0.14285714285714285,260521,0.1151538647556243
43780,"South Bend-Mishawaka, IN-MI",37,6,41.6176989,-86.2881592,0.16216216216216217,321447,0.18665596505800333
43900,"Spartanburg, SC",4,1,34.9332905,-81.9910605,0.25,334130,0.02992847095441894
43980,"Spencer, IA",1,0,43.0812244,-95.1498753,0,16153,0
44020,"Spirit Lake, IA",3,1,43.3896107,-95.1960572,0.3333333333333333,17173,0.58230943923601
44060,"Spokane-Spokane Valley, WA",75,6,47.63268786,-117.40108899866667,0.08,563958,0.10639090145010799
44100,"Springfield, IL",38,4,39.7572579,-89.6620322,0.10526315789473684,209175,0.19122744113780327
44140,"Springfield, MA",122,14,42.25282312295082,-72.65173956721311,0.11475409836065574,629506,0.2223966094048349
44180,"Springfield, MO",46,3,37.2581957,-93.3406409,0.06521739130434782,462300,0.06489292667099286
44220,"Springfield, OH",3,0,39.9170315,-83.783676,0,134649,0
44260,"Starkville, MS",3,0,33.4223134,-88.8761514,0,49675,0
44300,"State College, PA",23,3,40.9091603,-77.8478297,0.13043478260869565,162250,0.18489984591679506
44340,"Statesboro, GA",6,0,32.3917111,-81.744021,0,76084,0
44420,"Staunton-Waynesboro, VA",29,9,38.1457278137931,-79.05467293793104,0.3103448275862069,121984,0.7378016789087094
44460,"Steamboat Springs, CO",7,0,40.4836638,-106.9877021,0,25346,0
44540,"Sterling, CO",1,0,40.7280911,-103.0904639,0,21665,0
44580,"Sterling, IL",1,0,41.7505708,-89.9109567,0,55947,0
44620,"Stevens Point, WI",7,1,44.4762457,-89.4980699,0.14285714285714285,70608,0.14162701110355766
44660,"Stillwater, OK",8,3,36.0792254,-96.9752553,0.375,81867,0.36644801934845544
44700,"Stockton-Lodi, CA",24,7,37.9349815,-121.272244,0.2916666666666667,742516,0.09427406278113871
44740,"Storm Lake, IA",4,1,42.7415219,-95.1414324,0.25,20102,0.4974629390110437
44900,"Summerville, GA",1,0,34.4741785,-85.3452894,0,24716,0
44920,"Summit Park, UT",6,0,40.8720603,-110.9684862,0,41349,0
44980,"Sunbury, PA",2,0,40.8515244,-76.709877,0,91767,0
45000,"Susanville, CA",9,1,40.7210862,-120.6299518,0.1111111111111111,31123,0.3213057867172188
45009,Bamberg County,1,0,33.2030211,-81.0531607,0,14397,0
45060,"Syracuse, NY",42,8,43.025882080952385,-76.18407878333333,0.19047619047619047,651048,0.12287880463498851
45061,Lee County,1,0,34.1586401,-80.2512086,0,17267,0
45140,"Tahlequah, OK",4,0,35.9043668,-94.9967964,0,48925,0
45180,"Talladega-Sylacauga, AL",2,0,33.3693135,-86.1759302,0,90779,0
45220,"Tallahassee, FL",73,11,30.4593104,-84.2778004,0.1506849315068493,383467,0.2868564961261334
45300,"Tampa-St. Petersburg-Clearwater, FL",91,22,27.942168595604397,-82.4828122956044,0.24175824175824176,3091225,0.0711691966776925
45340,"Taos, NM",12,1,36.5765287,-105.6379865,0.08333333333333333,32862,0.30430284218854603
45460,"Terre Haute, IN",18,4,39.404393077777776,-87.34603384444445,0.2222222222222222,170022,0.23526367176012516
45500,"Texarkana, TX-AR",4,1,33.4460621,-94.4223931,0.25,150254,0.0665539686131484
45520,"The Dalles, OR",4,4,45.1645359,-121.1650693,1,26321,1.5196990995782835
45620,"Thomasville, GA",6,0,30.86462,-83.9198124,0,44662,0
45700,"Tifton, GA",1,0,31.4570027,-83.5259307,0,40438,0
45780,"Toledo, OH",37,2,41.5952570027027,-83.51046513783784,0.05405405405405406,603830,0.033121905171985495
45820,"Topeka, KS",44,1,39.0418053,-95.755664,0.022727272727272728,233153,0.042890290924843345
45860,"Torrington, CT",7,1,41.7918833,-73.2354042,0.14285714285714285,181710,0.05503274448296737
45900,"Traverse City, MI",14,3,44.74922279285715,-85.58940022857144,0.21428571428571427,148671,0.20178784026474564
45940,"Trenton, NJ",40,7,40.2825026,-74.703724,0.175,368602,0.18990672866669198
46020,"Truckee-Grass Valley, CA",9,3,39.2975082,-120.7713429,0.3333333333333333,99503,0.3014984472829965
46025,Clark County,1,0,44.8552107,-97.7249124,0,3686,0
46060,"Tucson, AZ",65,23,32.1285226,-111.7830267,0.35384615384615387,1027502,0.22384384653265882
46079,Lake County,1,0,44.0284497,-97.1232229,0,12792,0
46091,Marshall County,1,0,45.7370443,-97.5808695,0,4998,0
46140,"Tulsa, OK",52,5,36.11816486730769,-95.93546391923077,0.09615384615384616,991610,0.05042304938433456
46180,"Tupelo, MS",2,1,34.2923703,-88.6824388,0.5,140186,0.07133379938082263
46220,"Tuscaloosa, AL",7,2,33.2902197,-87.5227834,0.2857142857142857,242700,0.08240626287597856
46300,"Twin Falls, ID",2,2,42.52185215,-114.4638622,1,109037,0.1834239753478177
46340,"Tyler, TX",2,0,32.375106100000004,-95.2687428,0,227460,0
46380,"Ukiah, CA",19,3,39.4323876,-123.4428811,0.15789473684210525,87697,0.34208695850485193
46460,"Union City, TN-KY",1,0,36.3581714,-89.1498791,0,36607,0
46500,"Urbana, OH",1,0,40.1327753,-83.7676037,0,38824,0
46520,"Urban Honolulu, HI",52,5,21.4613654,-158.201974,0.09615384615384616,986429,0.05068788529128807
46540,"Utica-Rome, NY",17,0,43.26211102941176,-75.38456482352942,0,292336,0
46660,"Valdosta, GA",13,1,30.833145,-83.2689952,0.07692307692307693,145403,0.06877437191804846
46700,"Vallejo-Fairfield, CA",16,2,38.2672255,-121.939594,0.125,443877,0.045057527197849855
46780,"Van Wert, OH",2,0,40.8555203,-84.5857751,0,28291,0
46820,"Vermillion, SD",2,1,42.9161495,-96.980468,0.5,14021,0.7132158904500393
46980,"Vicksburg, MS",1,0,32.3560946,-90.8523838,0,55805,0
47020,"Victoria, TX",4,1,28.7963699,-96.9711977,0.25,99651,0.10035022227574233
47103,Lincoln County,1,0,35.1427904,-86.5934148,0,33833,0
47123,Monroe County,1,0,35.4478181,-84.249705,0,46098,0
47180,"Vincennes, IN",1,0,38.688391,-87.4203544,0,37094,0
47220,"Vineland-Bridgeton, NJ",10,1,39.3284336,-75.1216277,0.1,151748,0.06589872683659752
47240,"Vineyard Haven, MA",15,2,41.3809696,-70.7014995,0.13333333333333333,17321,1.1546677443565614
47260,"Virginia Beach-Norfolk-Newport News, VA-NC",70,6,36.95286021571429,-76.33576511,0.08571428571428572,1724876,0.03478510919045775
47300,"Visalia-Porterville, CA",14,4,36.2288339,-118.7810551,0.2857142857142857,463097,0.08637499271211
47380,"Waco, TX",14,6,31.549493,-97.2014721,0.42857142857142855,268550,0.2234220815490598
47460,"Walla Walla, WA",9,3,46.2546061,-118.4803741,0.3333333333333333,64675,0.4638577502899111
47660,"Warrensburg, MO",2,0,38.741528,-93.8118634,0,53759,0
47820,"Washington, NC",1,0,35.4823128,-76.8420144,0,47051,0
47900,"Washington-Arlington-Alexandria, DC-VA-MD-WV",439,77,38.917109476765376,-77.0925394047836,0.17539863325740318,6200001,0.12419352835588252
47940,"Waterloo-Cedar Falls, IA",22,5,42.4715414,-92.3080334,0.22727272727272727,169553,0.2948930422935601
48020,"Watertown-Fort Atkinson, WI",5,0,43.0138045,-88.7739847,0,84775,0
48043,Brewster County,2,1,29.8089965,-103.2524579,0.5,9330,1.0718113612004287
48060,"Watertown-Fort Drum, NY",13,0,43.996389,-76.0529678,0,113063,0
48127,Dimmit County,1,1,28.4235871,-99.7658713,1,10346,0.9665571235260003
48140,"Wausau, WI",10,2,44.8980363,-89.757823,0.2,135415,0.1476941254661596
48163,Frio County,1,1,28.8693343,-99.1087876,1,19564,0.5111429155591903
48260,"Weirton-Steubenville, WV-OH",5,0,40.42106588,-80.64921484,0,118181,0
48300,"Wenatchee, WA",19,2,47.8609739,-120.619041,0.10526315789473684,118646,0.16856868331001465
48460,"West Plains, MO",1,0,36.7743685,-91.8873677,0,40084,0
48507,Zavala County,2,1,28.8646523,-99.7598304,0.5,11965,0.8357709987463435
48540,"Wheeling, WV-OH",4,0,40.0989316,-80.6207278,0,141228,0
48580,"Whitewater-Elkhorn, WI",1,0,42.6681095,-88.5417306,0,102956,0
48620,"Wichita, KS",34,10,37.681045,-97.4610535,0.29411764705882354,644949,0.15505101953797898
48660,"Wichita Falls, TX",8,1,33.9911025,-98.7168508,0.125,151180,0.06614631565021828
48700,"Williamsport, PA",8,0,41.3436196,-77.0552254,0,113930,0
48780,"Williston, ND",1,0,48.3557649,-103.5013332,0,33395,0
48820,"Willmar, MN",4,2,45.1527137,-95.0049812,0.5,42715,0.46821959499005034
48900,"Wilmington, NC",25,5,34.183442,-77.8642088,0.2,289425,0.17275632720048373
48940,"Wilmington, OH",5,1,39.4290042,-83.7950485,0.2,41966,0.23828813801648951
48980,"Wilson, NC",3,0,35.7003569,-77.9215978,0,81567,0
49019,Grand County,5,1,38.9743261,-109.5734502,0.2,9640,1.0373443983402488
49020,"Winchester, VA-WV",15,0,39.1877792,-78.21717651333333,0,138107,0
49025,Kane County,1,0,37.2750892,-111.815329,0,7537,0
49037,San Juan County,4,0,37.6026332,-109.7915742,0,15320,0
49100,"Winona, MN",6,1,43.9822682,-91.7767076,0.16666666666666666,50704,0.19722309876932786
49180,"Winston-Salem, NC",42,8,36.12210303333333,-80.30145010952381,0.19047619047619047,666746,0.11998572169911781
49220,"Wisconsin Rapids-Marshfield, WI",2,1,44.4614126,-90.0388252,0.5,73112,0.13677645256592624
49300,"Wooster, OH",10,2,40.8296612,-81.8871942,0.2,116247,0.17204745068689944
49340,"Worcester, MA-CT",45,12,42.23598533555556,-71.94812506444444,0.26666666666666666,942303,0.1273475729144447
49380,"Worthington, MN",1,0,43.6776863,-95.7631323,0,21810,0
49420,"Yakima, WA",26,10,46.4565581,-120.7401446,0.38461538461538464,250377,0.39939770825595
49620,"York-Hanover, PA",19,4,39.9217514,-76.7288887,0.21052631578947367,445722,0.08974203651603466
49660,"Youngstown-Warren-Boardman, OH-PA",60,9,41.15269211333333,-80.70078802166667,0.15,541875,0.1660899653979239
49700,"Yuba City, CA",4,3,39.2662469,-121.3407809,0.75,173213,0.17319716187584072
49740,"Yuma, AZ",10,3,32.7739424,-113.910905,0.3,209756,0.143023322336429
50001,Addison County,5,1,44.0312479,-73.1415807,0.2,36940,0.2707092582566324
50005,Caledonia County,3,1,44.4687907,-72.1121676,0.3333333333333333,30154,0.3316309610665252
50015,Lamoille County,1,0,44.6037037,-72.6389224,0,25345,0
50019,Orleans County,2,1,44.8284417,-72.25163,0.5,26834,0.3726615487813968
50025,Windham County,16,1,42.9953348,-72.721955,0.0625,42906,0.23306763622803336
51001,Accomack County,3,1,37.7659435,-75.7578073,0.3333333333333333,32566,0.30706872197997914
51109,Louisa County,2,0,37.9727041,-77.959795,0,35885,0
51131,Northampton County,1,0,37.3027754,-75.9240177,0,11887,0
51141,Patrick County,1,0,36.6671385,-80.286413,0,17708,0
51171,Shenandoah County,5,0,38.856204,-78.5739867,0,43271,0
51678,Lexington city,7,0,37.7823316,-79.4443196,0,7082,0
53031,Jefferson County,6,2,47.8053465,-123.5271357,0.3333333333333333,31191,0.641210605623417
53047,Okanogan County,1,0,48.5484533,-119.7422347,0,41898,0
53055,San Juan County,12,2,48.5071904,-123.1037693,0.16666666666666666,16725,1.195814648729447
54007,Braxton County,2,0,38.6993418,-80.7316565,0,14224,0
54025,Greenbrier County,7,0,37.9244184,-80.4505902,0,35243,0
54035,Jackson County,1,0,38.8342339,-81.6777168,0,28907,0
54041,Lewis County,1,0,38.9888773,-80.4954773,0,16192,0
54059,Mingo County,1,0,37.7211608,-82.1589891,0,24138,0
54063,Monroe County,5,0,37.5503396,-80.5478898,0,13373,0
54065,Morgan County,2,0,39.5550021,-78.2573449,0,17709,0
54071,Pendleton County,3,0,38.6744501,-79.3406175,0,6970,0
54089,Summers County,1,0,37.6560029,-80.8563149,0,12891,0
54097,Upshur County,3,0,38.9025365,-80.2313352,0,24546,0
54109,Wyoming County,1,0,37.6037173,-81.548884,0,21248,0
55001,Adams County,1,0,43.9737629,-89.7672232,0,19891,0
55003,Ashland County,6,1,46.5444245,-90.6796907,0.16666666666666666,15513,0.6446206407529169
55007,Bayfield County,1,0,46.6341992,-91.1772815,0,15033,0
55029,Door County,2,1,45.0934165,-87.0486828,0.5,27480,0.36390101892285304
55047,Green Lake County,1,0,43.8261905,-89.1136994,0,18785,0
55067,Langlade County,1,0,45.2623798,-89.0675484,0,19171,0
55081,Monroe County,1,0,43.9451751,-90.6199687,0,45617,0
55085,Oneida County,4,1,45.7161762,-89.5345333,0.25,35287,0.28339048374755577
55123,Vernon County,3,1,43.5993661,-90.8219835,0.3333333333333333,30737,0.32534079448222014
56029,Park County,5,0,44.4923865,-109.5935975,0,29189,0
56035,Sublette County,2,1,42.7679284,-109.9161701,0.5,9759,1.0246951531919253
