location_id,location_name,protest_count,topic_protest,internal_point_latitude,internal_point_longitude,perc_topic,pop,topic_per_10k
02016,Aleutians West Census Area,3,0,53.21966666666667,-169.9103333333333,0,5726,0
02050,Bethel Census Area,3,0,60.792,-161.756,0,18079,0
02100,Haines Borough,2,0,59.236,-135.445,0,2518,0
02105,Hoonah-Angoon Census Area,2,0,58.413,-135.737,0,2139,0
02122,Kenai Peninsula Borough,18,1,60.056555555555555,-151.24833333333333,0.05555555555555555,58522,0.1708759099142203
02150,Kodiak Island Borough,7,0,57.79,-152.407,0,13519,0
02164,Lake and Peninsula Borough,1,0,59.328,-155.895,0,1607,0
02180,Nome Census Area,4,0,64.34400000000001,-164.25150000000002,0,9968,0
02185,North Slope Borough,3,0,71.073,-157.87199999999999,0,9831,0
02195,Petersburg Borough,3,0,56.812,-132.956,0,3259,0
02220,Sitka City and Borough,6,0,57.053,-135.33,0,8686,0
02261,Valdez-Cordova Census Area,5,0,60.659800000000004,-145.87199999999999,0,9224,0
02275,Wrangell City and Borough,2,0,56.471,-132.377,0,2511,0
02282,Yakutat City and Borough,1,0,59.547,-139.727,0,607,0
05001,Arkansas County,1,0,34.5,-91.553,0,17904,0
06009,Calaveras County,1,0,38.068,-120.539,0,45642,0
06011,Colusa County,2,0,39.1845,-122.07900000000001,0,21675,0
06027,Inyo County,1,0,37.361,-118.4,0,17948,0
06063,Plumas County,1,0,39.993,-120.804,0,18740,0
06093,Siskiyou County,2,0,41.414500000000004,-122.3525,0,43784,0
08015,Chaffee County,7,0,38.53428571428571,-105.99957142857143,0,19651,0
08049,Grand County,1,1,40.086,-105.939,1,15356,0.6512112529304507
08051,Gunnison County,1,0,38.87,-106.988,0,16931,0
08083,Montezuma County,12,0,37.36475,-108.57791666666667,0,26148,0
08091,Ouray County,1,0,38.023,-107.671,0,4809,0
08113,San Miguel County,1,0,37.937,-107.812,0,8047,0
10100,"Aberdeen, SD",4,0,45.458,-98.47425,0,43235,0
10140,"Aberdeen, WA",15,0,46.989599999999996,-123.9152,0,72553,0
10180,"Abilene, TX",6,2,32.44983333333333,-99.73283333333333,0.3333333333333333,170516,0.11729104600154824
10220,"Ada, OK",1,0,34.773,-96.679,0,38354,0
10300,"Adrian, MI",10,0,41.9108,-84.0393,0,98482,0
10420,"Akron, OH",32,3,41.12190625,-81.49028125,0.09375,704367,0.04259143315913437
10460,"Alamogordo, NM",4,1,32.9,-105.96,0.25,66198,0.15106196561829663
10500,"Albany, GA",3,1,31.568333333333335,-84.05133333333333,0.3333333333333333,151293,0.06609691129133535
10540,"Albany, OR",4,0,44.61125,-123.0565,0,124977,0
10580,"Albany-Schenectady-Troy, NY",145,13,42.72449655172414,-73.80160689655172,0.0896551724137931,882130,0.14737056896375816
10620,"Albemarle, NC",2,1,35.3885,-80.206,0.5,61451,0.16273128183430702
10660,"Albert Lea, MN",4,0,43.648,-93.369,0,30537,0
10740,"Albuquerque, NM",95,11,35.09246315789474,-106.62495789473684,0.11578947368421053,912897,0.12049552140055231
10780,"Alexandria, LA",4,0,31.31475,-92.4365,0,153604,0
10820,"Alexandria, MN",1,0,45.885,-95.378,0,37556,0
10900,"Allentown-Bethlehem-Easton, PA-NJ",65,5,40.650984615384615,-75.38478461538462,0.07692307692307693,838081,0.05966010445291088
10940,"Alma, MI",3,0,43.379,-84.66333333333333,0,41011,0
10980,"Alpena, MI",3,0,45.064,-83.43566666666668,0,28438,0
11020,"Altoona, PA",6,0,40.4705,-78.394,0,123175,0
11100,"Amarillo, TX",12,3,35.220083333333335,-101.8315,0.25,264955,0.11322677435790983
11180,"Ames, IA",13,4,42.021153846153844,-93.60815384615385,0.3076923076923077,97260,0.41126876413736374
11220,"Amsterdam, NY",1,0,42.938,-74.19,0,49216,0
11260,"Anchorage, AK",64,2,61.2748125,-149.810375,0.03125,400647,0.04991925560406043
11420,"Angola, IN",3,1,41.635,-84.999,0.3333333333333333,34421,0.29052032189651666
11460,"Ann Arbor, MI",90,15,42.271588888888886,-83.7244,0.16666666666666666,369208,0.40627505362830707
11500,"Anniston-Oxford-Jacksonville, AL",3,0,33.66,-85.83099999999999,0,114664,0
11540,"Appleton, WI",17,2,44.268764705882354,-88.43317647058824,0.11764705882352941,236058,0.0847249404807293
11620,"Ardmore, OK",1,0,34.175,-97.263,0,48295,0
11680,"Arkansas City-Winfield, KS",2,0,37.24,-96.996,0,35356,0
11700,"Asheville, NC",76,6,35.53222368421053,-82.56243421052632,0.07894736842105263,455255,0.1317942691458633
11740,"Ashland, OH",2,0,40.751999999999995,-82.2755,0,53685,0
11780,"Ashtabula, OH",1,0,41.889,-80.831,0,97692,0
11820,"Astoria, OR",12,0,46.13975,-123.85391666666666,0,39119,0
11900,"Athens, OH",28,4,39.343714285714285,-82.10657142857143,0.14285714285714285,66664,0.6000240009600384
11980,"Athens, TX",1,0,32.205,-95.854,0,81061,0
12020,"Athens-Clarke County, GA",43,9,33.94927906976744,-83.36274418604651,0.20930232558139536,208997,0.43062819083527515
12060,"Atlanta-Sandy Springs-Roswell, GA",174,36,33.794454022988504,-84.40397701149425,0.20689655172413793,5874249,0.06128442972029275
12100,"Atlantic City-Hammonton, NJ",21,6,39.4022380952381,-74.53114285714285,0.2857142857142857,266328,0.22528611336397225
12125,Union County,1,0,30.023,-82.34,0,15469,0
12140,"Auburn, IN",1,0,41.522,-84.92,0,42822,0
12180,"Auburn, NY",8,1,42.885875,-76.6,0.125,77463,0.12909388998618695
12220,"Auburn-Opelika, AL",5,2,32.6066,-85.4838,0.4,161641,0.12373098409438199
12260,"Augusta-Richmond County, GA-SC",21,2,33.522,-81.92738095238096,0.09523809523809523,600006,0.0333330000033333
12300,"Augusta-Waterville, ME",58,4,44.37767241379311,-69.74129310344827,0.06896551724137931,121929,0.3280597724905478
12380,"Austin, MN",1,0,43.668,-92.979,0,39699,0
12420,"Austin-Round Rock, TX",230,23,30.261165217391305,-97.74724347826087,0.1,2115230,0.10873522028337343
12540,"Bakersfield, CA",52,3,35.41340384615384,-118.91959615384616,0.057692307692307696,888988,0.03374623729454166
12580,"Baltimore-Columbia-Towson, MD",159,22,39.22767924528302,-76.58943396226415,0.13836477987421383,2798587,0.07861109910108208
12620,"Bangor, ME",26,1,44.81384615384616,-68.76296153846154,0.038461538461538464,151190,0.06614194060453733
12660,"Baraboo, WI",1,0,43.175,-90.068,0,63918,0
12700,"Barnstable Town, MA",28,0,41.738142857142854,-70.27407142857143,0,213482,0
12740,"Barre, VT",68,4,44.25670588235294,-72.57854411764706,0.058823529411764705,58283,0.6863064701542474
12780,"Bartlesville, OK",1,0,36.733,-95.973,0,52016,0
12820,"Bastrop, LA",1,0,32.756,-91.872,0,25687,0
12860,"Batavia, NY",1,0,42.998,-78.188,0,57816,0
12940,"Baton Rouge, LA",29,7,30.445862068965518,-91.15379310344828,0.2413793103448276,831182,0.0842174156803203
12980,"Battle Creek, MI",19,2,42.29921052631579,-85.0661052631579,0.10526315789473684,134358,0.14885604132243707
13020,"Bay City, MI",10,4,43.623599999999996,-83.96940000000001,0.4,104189,0.3839176880476826
13131,Grady County,1,0,30.877,-84.201,0,24749,0
13133,Greene County,1,0,33.576,-83.182,0,17220,0
13140,"Beaumont-Port Arthur, TX",4,1,30.01225,-93.94075,0.25,412616,0.02423560889543789
13180,"Beaver Dam, WI",1,0,43.406,-88.705,0,87750,0
13187,Lumpkin County,4,3,34.539750000000005,-83.9815,0.75,32822,0.9140210834196576
13220,"Beckley, WV",13,1,37.82653846153846,-81.18,0.07692307692307693,118639,0.08428931464358264
13241,Rabun County,1,0,34.878,-83.401,0,16557,0
13259,Stewart County,1,0,32.051,-84.799,0,6179,0
13260,"Bedford, IN",1,1,38.861,-86.487,1,45625,0.21917808219178084
13300,"Beeville, TX",1,0,28.401,-97.748,0,32599,0
13380,"Bellingham, WA",21,0,48.78747619047619,-122.47171428571428,0,221650,0
13420,"Bemidji, MN",18,2,47.49633333333333,-94.8895,0.1111111111111111,46484,0.4302555718096549
13460,"Bend-Redmond, OR",22,0,44.070727272727275,-121.32068181818182,0,186807,0
13540,"Bennington, VT",13,0,42.97369230769231,-73.16315384615385,0,35713,0
13620,"Berlin, NH-VT",2,0,44.489,-71.569,0,37797,0
13660,"Big Rapids, MI",2,0,43.6385,-85.4665,0,43358,0
13720,"Big Stone Gap, VA",4,0,36.95025,-82.66425000000001,0,57224,0
13740,"Billings, MT",25,0,45.75528,-108.55080000000001,0,170740,0
13780,"Binghamton, NY",8,2,42.098625,-75.94662500000001,0.25,241609,0.08277837332218585
13820,"Birmingham-Hoover, AL",29,11,33.48744827586207,-86.80348275862069,0.3793103448275862,1149685,0.09567838146970692
13900,"Bismarck, ND",13,0,46.80838461538462,-100.78369230769232,0,132418,0
13980,"Blacksburg-Christiansburg-Radford, VA",27,1,37.198,-80.43162962962963,0.037037037037037035,182692,0.054736934293784074
14010,"Bloomington, IL",19,0,40.50321052631579,-88.98357894736843,0,188754,0
14020,"Bloomington, IN",39,10,39.16825641025641,-86.52864102564102,0.2564102564102564,167513,0.5969685934822969
14100,"Bloomsburg-Berwick, PA",7,2,41.00214285714286,-76.45514285714286,0.2857142857142857,83924,0.23831085267623087
14140,"Bluefield, WV-VA",4,0,37.342,-81.13274999999999,0,100947,0
14260,"Boise City, ID",67,1,43.61892537313433,-116.26655223880597,0.014925373134328358,710080,0.014082920234339793
14380,"Boone, NC",11,3,36.21727272727273,-81.67381818181818,0.2727272727272727,55088,0.5445832123148416
14460,"Boston-Cambridge-Newton, MA-NH",443,40,42.41779232505643,-71.06360045146727,0.09029345372460497,4844597,0.08256620726140894
14500,"Boulder, CO",75,9,40.03181333333333,-105.23398666666667,0.12,324073,0.27771520614182604
14540,"Bowling Green, KY",22,2,36.95759090909091,-86.46372727272727,0.09090909090909091,174962,0.11431053600210331
14580,"Bozeman, MT",30,1,45.705799999999996,-111.10503333333334,0.03333333333333333,108656,0.09203357384773965
14620,"Bradford, PA",1,0,41.956,-78.649,0,41329,0
14660,"Brainerd, MN",9,1,46.45144444444445,-94.15622222222223,0.1111111111111111,93651,0.10677942574024836
14700,"Branson, MO",1,0,36.564,-93.438,0,86783,0
14720,"Breckenridge, CO",1,0,39.566,-106.056,0,31004,0
14740,"Bremerton-Silverdale, WA",28,1,47.659214285714285,-122.58921428571429,0.03571428571428571,266550,0.03751641343087601
14780,"Brenham, TX",3,0,30.167,-96.398,0,34897,0
14820,"Brevard, NC",6,1,35.23533333333333,-82.72866666666667,0.16666666666666666,33825,0.29563932002956395
14860,"Bridgeport-Stamford-Norwalk, CT",127,10,41.162488188976376,-73.40778740157481,0.07874015748031496,943457,0.10599317191986492
15060,"Brookings, OR",9,0,42.24755555555556,-124.34566666666667,0,22676,0
15100,"Brookings, SD",1,0,44.311,-96.798,0,34668,0
15140,"Brownsville, TN",1,1,35.594,-89.262,1,17596,0.5683109797681292
15180,"Brownsville-Harlingen, TX",21,4,25.95490476190476,-97.53185714285715,0.19047619047619047,423181,0.09452220208374194
15220,"Brownwood, TX",1,0,31.709,-98.991,0,37870,0
15260,"Brunswick, GA",4,0,31.1495,-81.49074999999999,0,117728,0
15380,"Buffalo-Cheektowaga-Niagara Falls, NY",98,8,42.909806122448984,-78.84855102040817,0.08163265306122448,1129660,0.07081776817803587
15420,"Burley, ID",2,0,42.536,-113.793,0,44493,0
15460,"Burlington, IA-IL",2,0,40.807,-91.1245,0,46139,0
15500,"Burlington, NC",16,3,36.0808125,-79.4100625,0.1875,163529,0.18345369934384728
15540,"Burlington-South Burlington, VT",73,13,44.48183561643835,-73.196,0.1780821917808219,218881,0.593930035041872
15580,"Butte-Silver Bow, MT",11,4,46.005272727272725,-112.53209090909091,0.36363636363636365,34915,1.145639409995704
15620,"Cadillac, MI",1,0,44.252,-85.401,0,48287,0
15700,"Cambridge, MD",1,0,38.563,-76.079,0,32145,0
15860,"Cañon City, CO",3,0,38.449666666666666,-105.231,0,47607,0
15940,"Canton-Massillon, OH",5,1,40.8076,-81.4182,0.2,399418,0.025036428002743992
15980,"Cape Coral-Fort Myers, FL",36,1,26.59627777777778,-81.89525,0.027777777777777776,739506,0.013522540723131388
16020,"Cape Girardeau, MO-IL",10,1,37.3199,-89.559,0.1,96873,0.10322793760903451
16049,Idaho County,1,0,46.145,-115.978,0,16373,0
16060,"Carbondale-Marion, IL",13,1,37.72692307692307,-89.20330769230769,0.07692307692307693,125065,0.07995842162075721
16079,Shoshone County,1,0,47.47,-115.802,0,12552,0
16100,"Carlsbad-Artesia, NM",4,2,32.42225,-104.2375,0.5,57205,0.34961978848002795
16180,"Carson City, NV",12,0,39.164,-119.767,0,54608,0
16220,"Casper, WY",6,2,42.86083333333333,-106.32766666666667,0.3333333333333333,79556,0.25139524360199106
16260,"Cedar City, UT",3,0,37.67666666666667,-113.065,0,50822,0
16300,"Cedar Rapids, IA",24,0,41.99058333333333,-91.67570833333333,0,270594,0
16500,"Centralia, WA",1,0,46.558,-122.275,0,78230,0
16540,"Chambersburg-Waynesboro, PA",2,0,39.938,-77.661,0,154487,0
16580,"Champaign-Urbana, IL",21,1,40.10690476190476,-88.23066666666666,0.047619047619047616,239877,0.04168803178295544
16620,"Charleston, WV",57,3,38.33705263157895,-81.63950877192983,0.05263157894736842,214398,0.13992667842050766
16660,"Charleston-Mattoon, IL",3,0,39.47966666666667,-88.24166666666667,0,62212,0
16700,"Charleston-North Charleston, SC",66,9,32.83789393939394,-79.95877272727273,0.13636363636363635,775089,0.11611569768116951
16740,"Charlotte-Concord-Gastonia, NC-SC",96,16,35.21688541666666,-80.85427083333333,0.16666666666666666,2524863,0.06336977491452012
16820,"Charlottesville, VA",68,36,38.02251470588236,-78.48704411764706,0.5294117647058824,233586,1.541188256145488
16860,"Chattanooga, TN-GA",20,1,35.05885,-85.2932,0.05,556081,0.017982991686462942
16940,"Cheyenne, WY",23,3,41.14,-104.82,0.13043478260869565,98460,0.30469226081657524
16980,"Chicago-Naperville-Elgin, IL-IN-WI",420,52,41.91376904761905,-87.83079761904762,0.12380952380952381,9520784,0.05461735084001485
17020,Butte County,1,0,39.73,-121.847,0,229207,0
17020,"Chico, CA",22,1,39.683136363636365,-121.77272727272727,0.045454545454545456,229207,0.04362868498780578
17060,"Chillicothe, OH",10,0,39.3242,-83.0191,0,77320,0
17101,Lawrence County,1,0,38.729,-87.682,0,16000,0
17140,"Cincinnati, OH-KY-IN",75,12,39.17776,-84.51114666666666,0.16,2179858,0.05504945734997417
17187,Warren County,1,0,40.911,-90.647,0,17170,0
17200,"Claremont-Lebanon, NH-VT",34,2,43.632323529411764,-72.30605882352941,0.058823529411764705,217272,0.09205051732390736
17220,"Clarksburg, WV",1,0,39.281,-80.345,0,93362,0
17260,"Clarksdale, MS",1,1,34.32,-90.456,1,23185,0.4313133491481561
17300,"Clarksville, TN-KY",12,3,36.731,-87.52733333333333,0.25,285691,0.1050085581974931
17340,"Clearlake, CA",3,0,38.94733333333333,-122.81566666666666,0,64162,0
17420,"Cleveland, TN",1,0,35.287,-84.758,0,122082,0
17460,"Cleveland-Elyria, OH",105,9,41.48820952380952,-81.70949523809524,0.08571428571428572,2058549,0.04372011547939835
17540,"Clinton, IA",1,0,41.844,-90.189,0,46902,0
17580,"Clovis, NM",4,2,34.405,-103.205,0.5,49842,0.40126800690180975
17660,"Coeur d'Alene, ID",7,0,47.682,-116.78,0,157485,0
17740,"Coldwater, MI",1,0,41.94,-85.001,0,43423,0
17780,"College Station-Bryan, TX",20,2,30.64275,-96.3466,0.1,258825,0.07727228822563509
17820,"Colorado Springs, CO",74,9,38.84583783783784,-104.83167567567567,0.12162162162162163,725438,0.12406297988249856
17860,"Columbia, MO",45,0,38.94713333333333,-92.32637777777778,0,178523,0
17900,"Columbia, SC",54,5,34.00855555555555,-81.04062962962963,0.09259259259259259,825110,0.06059798087527724
17980,"Columbus, GA-AL",9,0,32.504333333333335,-84.95666666666666,0,303436,0
18020,"Columbus, IN",10,2,39.2136,-85.9049,0.2,82429,0.2426330539009329
18055,Greene County,1,0,39.025,-86.947,0,32180,0
18140,"Columbus, OH",99,5,39.986363636363635,-82.988929292929285,0.050505050505050504,2082475,0.02400989207553512
18180,"Concord, NH",50,0,43.203939999999996,-71.53966,0,150169,0
18260,"Cookeville, TN",4,0,36.162749999999996,-85.501,0,111033,0
18300,"Coos Bay, OR",19,1,43.33205263157895,-124.25336842105263,0.05263157894736842,63781,0.15678650381775136
18420,"Corinth, MS",1,0,34.766,-88.527,0,37203,0
18500,"Corning, NY",2,0,42.143,-77.055,0,96249,0
18580,"Corpus Christi, TX",26,2,27.797692307692305,-97.37069230769231,0.07692307692307693,453684,0.04408354713853695
18660,"Cortland, NY",1,0,42.601,-76.18,0,47836,0
18700,"Corvallis, OR",29,0,44.56972413793103,-123.27224137931034,0,91567,0
18820,"Crawfordsville, IN",3,0,40.041666666666664,-86.892,0,38397,0
18860,"Crescent City, CA",2,0,41.732,-124.08449999999999,0,27428,0
18880,"Crestview-Fort Walton Beach-Destin, FL",5,0,30.4084,-86.5198,0,271959,0
18900,"Crossville, TN",2,2,35.949,-85.027,1,59005,0.33895432590458435
19000,"Cullowhee, NC",3,1,35.352333333333334,-83.212,0.3333333333333333,43192,0.23152435636228932
19023,Butler County,1,0,42.71,-92.583,0,14582,0
19060,"Cumberland, MD-WV",5,0,39.5374,-78.88260000000001,0,98566,0
19065,Fayette County,1,0,42.963,-91.808,0,19708,0
19067,Floyd County,1,0,43.069,-92.678,0,15761,0
19089,Howard County,1,0,43.381,-92.114,0,9219,0
19100,"Dallas-Fort Worth-Arlington, TX",175,37,32.87446285714286,-97.03428,0.21142857142857144,7407944,0.049946381884096315
19140,"Dalton, GA",4,0,34.777750000000005,-84.96600000000001,0,143872,0
19147,Palo Alto County,1,0,43.129,-94.899,0,9059,0
19167,Sioux County,2,0,43.043499999999995,-96.117,0,34841,0
19180,"Danville, IL",4,0,40.214,-87.6875,0,77776,0
19191,Winneshiek County,8,1,43.303625,-91.786625,0.125,20131,0.4967463116586359
19220,"Danville, KY",4,2,37.646,-84.777,0.5,54456,0.36726898780666956
19260,"Danville, VA",10,1,36.5941,-79.4096,0.1,102363,0.0976915487041216
19300,"Daphne-Fairhope-Foley, AL",1,0,30.523,-87.903,0,212619,0
19340,"Davenport-Moline-Rock Island, IA-IL",36,3,41.509861111111114,-90.54455555555556,0.08333333333333333,381854,0.07856405851451079
19380,"Dayton, OH",75,11,39.767466666666664,-84.1462,0.14666666666666667,803713,0.1368647763567343
19460,"Decatur, AL",1,0,34.606,-86.983,0,151888,0
19500,"Decatur, IL",12,1,39.839333333333336,-88.95325,0.08333333333333333,105533,0.09475709019927417
19540,"Decatur, IN",1,0,40.836,-84.91,0,35422,0
19620,"Del Rio, TX",3,1,29.371,-100.896,0.3333333333333333,49096,0.20368258106566728
19660,"Deltona-Daytona Beach-Ormond Beach, FL",31,4,29.170870967741934,-81.05283870967742,0.12903225806451613,648117,0.06171725166906593
19700,"Deming, NM",7,0,32.205999999999996,-107.74185714285714,0,24148,0
19740,"Denver-Aurora-Lakewood, CO",184,5,39.73197826086956,-104.97340760869565,0.02717391304347826,2892979,0.017283222588204063
19760,"DeRidder, LA",1,1,30.846,-93.289,1,36847,0.27139251499443645
19780,"Des Moines-West Des Moines, IA",66,2,41.58809090909091,-93.62275757575757,0.030303030303030304,645100,0.03100294527980158
19820,"Detroit-Warren-Dearborn, MI",271,21,42.41526568265683,-83.15709963099631,0.07749077490774908,4321704,0.048591944288641706
19980,"Dodge City, KS",4,0,37.75175,-100.021,0,34288,0
20020,"Dothan, AL",5,1,31.223,-85.39,0.2,147923,0.06760273926299494
20100,"Dover, DE",16,1,39.164375,-75.5299375,0.0625,176445,0.05667488452492278
20180,"DuBois, PA",1,0,40.878,-78.463,0,79775,0
20220,"Dubuque, IA",25,0,42.4974,-90.68664,0,97009,0
20260,"Duluth, MN-WI",41,3,46.86973170731707,-92.17468292682926,0.07317073170731707,278659,0.10765846428789308
20340,"Duncan, OK",1,0,34.502,-97.958,0,43411,0
20420,"Durango, CO",22,2,37.27527272727273,-107.87986363636364,0.09090909090909091,55541,0.3600943447183162
20460,"Durant, OK",1,0,33.992,-96.397,0,46460,0
20500,"Durham-Chapel Hill, NC",126,64,35.94275396825397,-79.00976984126984,0.5079365079365079,566491,1.1297619909230685
20540,"Dyersburg, TN",1,1,36.035,-89.386,1,37403,0.26735823329679437
20580,"Eagle Pass, TX",1,0,28.709,-100.5,0,58227,0
20700,"East Stroudsburg, PA",8,1,40.994125000000004,-75.18849999999999,0.125,168089,0.0594922927734712
20740,"Eau Claire, WI",18,0,44.81033333333333,-91.49027777777778,0,167436,0
20780,"Edwards, CO",8,0,39.60925,-106.56725,0,54992,0
20820,"Effingham, IL",3,0,39.12,-88.543,0,34147,0
20940,"El Centro, CA",15,0,32.735733333333336,-115.47126666666666,0,181574,0
21020,"Elizabeth City, NC",1,0,36.295,-76.251,0,63497,0
21025,Breathitt County,1,0,37.553,-83.384,0,12931,0
21060,"Elizabethtown-Fort Knox, KY",4,0,37.777,-85.941,0,150531,0
21071,Floyd County,4,1,37.666,-82.772,0.25,36261,0.2757783844902237
21079,Garrard County,1,0,37.602,-84.57,0,17497,0
21095,Harlan County,2,0,36.9105,-83.155,0,26725,0
21115,Johnson County,1,0,37.815,-82.807,0,22571,0
21131,Leslie County,1,0,37.161,-83.373,0,10309,0
21133,Letcher County,2,0,37.118,-82.827,0,22328,0
21140,"Elkhart-Goshen, IN",26,3,41.61169230769231,-85.88111538461538,0.11538461538461539,204310,0.14683569086192552
21141,Logan County,1,0,36.845,-86.848,0,27014,0
21157,Marshall County,2,0,36.973,-88.3415,0,31311,0
21167,Mercer County,1,0,37.762,-84.843,0,21588,0
21180,"Elkins, WV",1,0,38.926,-79.847,0,28894,0
21193,Perry County,2,1,37.25,-83.193,0.5,26479,0.37765776653196875
21195,Pike County,10,2,37.4743,-82.5002,0.2,58862,0.33977778532839525
21205,Rowan County,1,0,38.184,-83.433,0,24562,0
21213,Simpson County,1,0,36.715,-86.581,0,18105,0
21220,"Elko, NV",2,0,40.783,-115.67349999999999,0,54321,0
21233,Webster County,1,0,37.477,-87.82,0,13071,0
21260,"Ellensburg, WA",15,3,46.99613333333333,-120.545,0.2,46157,0.6499555863682648
21300,"Elmira, NY",1,0,42.09,-76.808,0,84874,0
21340,"El Paso, TX",80,2,31.729275,-106.4204375,0.025,845145,0.02366457826763455
21380,"Emporia, KS",1,0,38.421,-96.224,0,33344,0
21500,"Erie, PA",30,5,42.10523333333333,-80.0847,0.16666666666666666,273892,0.18255370730068787
21540,"Escanaba, MI",1,0,45.745,-87.065,0,35896,0
21660,"Eugene, OR",89,13,44.03806741573034,-123.15021348314608,0.14606741573033707,375617,0.3460972213717697
21700,"Eureka-Arcata-Fortuna, CA",5,0,40.812599999999996,-124.1468,0,136527,0
21780,"Evansville, IN-KY",18,2,37.940777777777775,-87.57111111111111,0.1111111111111111,314960,0.063500127000254
21820,"Fairbanks, AK",31,1,64.84022580645161,-147.7296129032258,0.03225806451612903,99725,0.10027575833542242
21840,"Fairfield, IA",1,0,41.008,-91.964,0,18233,0
21900,"Fairmont, WV",8,0,39.4905,-80.16725,0,56369,0
22007,Assumption Parish,1,0,30.05,-91.041,0,22580,0
22009,Avoyelles Parish,1,0,30.971,-92.067,0,40871,0
22020,"Fargo, ND-MN",44,2,46.873295454545456,-96.79479545454546,0.045454545454545456,241619,0.08277494733443976
22039,Evangeline Parish,1,0,30.782,-92.381,0,33625,0
22060,"Faribault-Northfield, MN",8,2,44.41625,-93.189875,0.25,66173,0.302238072930047
22140,"Farmington, NM",10,0,36.756100000000004,-108.151,0,126902,0
22180,"Fayetteville, NC",9,0,35.06166666666667,-78.86822222222223,0,385380,0
22220,"Fayetteville-Springdale-Rogers, AR-MO",13,1,36.221384615384615,-94.18161538461538,0.07692307692307693,538412,0.018573137300060178
22380,"Flagstaff, AZ",16,2,35.157,-111.66475,0.125,141107,0.14173641279312862
22420,"Flint, MI",23,0,43.004260869565215,-83.69278260869565,0,407673,0
22500,"Florence, SC",2,1,34.195,-79.763,0.5,205546,0.04865091025853094
22520,"Florence-Muscle Shoals, AL",7,0,34.790571428571425,-87.68042857142858,0,147100,0
22580,"Forest City, NC",1,0,35.239,-81.769,0,66568,0
22620,"Forrest City, AR",1,0,35.008,-90.79,0,25938,0
22660,"Fort Collins, CO",39,7,40.54633333333334,-105.09417948717949,0.1794871794871795,343993,0.20349251292904214
22700,"Fort Dodge, IA",2,0,42.497,-94.168,0,36643,0
22800,"Fort Madison-Keokuk, IA-IL-MO",2,0,40.517,-91.3555,0,58943,0
22820,"Fort Morgan, CO",4,0,40.2525,-103.76025,0,28228,0
22840,"Fort Payne, AL",1,0,34.58,-85.591,0,71404,0
22900,"Fort Smith, AR-OK",5,2,35.3766,-94.404,0.4,281990,0.07092450086882514
23003,Aroostook County,3,0,46.181,-67.907,0,67595,0
23007,Franklin County,3,0,44.67,-70.151,0,29852,0
23009,Hancock County,16,2,44.41525,-68.2416875,0.125,54597,0.3663204938000257
23013,Knox County,20,4,44.11385,-69.0684,0.2,39869,1.003285760866839
23015,Lincoln County,2,0,44.070499999999996,-69.515,0,34190,0
23017,Oxford County,1,1,44.214,-70.545,1,57430,0.17412502176562772
23025,Somerset County,6,2,44.73533333333333,-69.702,0.3333333333333333,50421,0.39666012177465737
23027,Waldo County,4,1,44.426,-69.006,0.25,39800,0.25125628140703515
23029,Washington County,6,1,44.8345,-67.146,0.16666666666666666,31540,0.31705770450221943
23060,"Fort Wayne, IN",37,2,41.07735135135135,-85.13191891891891,0.05405405405405406,434001,0.046082843127089566
23180,"Frankfort, KY",61,2,38.18680327868852,-84.8758524590164,0.03278688524590164,73022,0.2738900605297034
23340,"Fremont, NE",2,0,41.433,-96.498,0,36794,0
23380,"Fremont, OH",2,0,41.35,-83.122,0,59112,0
23420,"Fresno, CA",40,4,36.732075,-119.764225,0.1,986542,0.04054566353992025
23460,"Gadsden, AL",2,1,34.014,-86.007,0.5,102937,0.09714679852725454
23540,"Gainesville, FL",54,11,29.651574074074073,-82.33327777777778,0.2037037037037037,284685,0.3863919770974937
23660,"Galesburg, IL",5,0,40.9634,-90.368,0,50628,0
23820,"Gardnerville Ranchos, NV",4,1,38.948750000000004,-119.76175,0.25,48018,0.20825523761922612
23900,"Gettysburg, PA",8,4,39.831500000000005,-77.231875,0.5,102367,0.390750925591255
23940,"Gillette, WY",1,0,44.291,-105.502,0,46251,0
23980,"Glasgow, KY",4,0,36.989000000000004,-85.90875,0,53894,0
24020,"Glens Falls, NY",33,3,43.30415151515152,-73.62575757575758,0.09090909090909091,125917,0.2382521819929001
24029,Kent County,1,0,39.219,-76.069,0,19437,0
24060,"Glenwood Springs, CO",17,0,39.32135294117647,-107.01935294117646,0,77065,0
24100,"Gloversville, NY",2,0,43.1395,-74.258,0,53777,0
24140,"Goldsboro, NC",8,0,35.367374999999996,-77.980625,0,123257,0
24220,"Grand Forks, ND-MN",13,1,47.914692307692306,-97.00015384615385,0.07692307692307693,102277,0.09777369301015869
24260,"Grand Island, NE",8,0,40.951875,-98.302375,0,84862,0
24300,"Grand Junction, CO",19,3,39.075105263157894,-108.57105263157895,0.15789473684210525,151406,0.1981427420313594
24330,"Grand Rapids, MN",5,0,47.269,-93.4396,0,45161,0
24340,"Grand Rapids-Wyoming, MI",68,3,42.93430882352941,-85.75851470588236,0.04411764705882353,1060326,0.028293185303387824
24420,"Grants Pass, OR",3,0,42.440666666666665,-123.325,0,86653,0
24500,"Great Falls, MT",14,1,47.496428571428574,-111.2855,0.07142857142857142,81604,0.12254301259742169
24540,"Greeley, CO",5,0,40.37,-104.854,0,305274,0
24580,"Green Bay, WI",23,5,44.512565217391305,-88.02960869565217,0.21739130434782608,319786,0.15635456211341334
24620,"Greeneville, TN",3,0,36.153666666666666,-82.82766666666667,0,68759,0
24640,"Greenfield Town, MA",36,0,42.59188888888889,-72.57969444444444,0,70787,0
24660,"Greensboro-High Point, NC",43,5,36.032000000000004,-79.81548837209303,0.11627906976744186,763486,0.06548908558899573
24700,"Greensburg, IN",1,0,39.337,-85.484,0,26652,0
24780,"Greenville, NC",13,3,35.61184615384615,-77.36607692307692,0.23076923076923078,178617,0.1679571373385512
24860,"Greenville-Anderson-Mauldin, SC",47,7,34.837382978723404,-82.39670212765958,0.14893617021276595,895422,0.07817543013238451
24940,"Greenwood, SC",1,0,34.195,-82.162,0,95147,0
25019,Nantucket County,3,0,41.27966666666667,-70.099,0,11270,0
25060,"Gulfport-Biloxi-Pascagoula, MS",15,3,30.384066666666666,-89.01153333333333,0.2,394322,0.07607995496066666
25180,"Hagerstown-Martinsburg, MD-WV",22,0,39.57618181818182,-77.82845454545455,0,265295,0
25200,"Hailey, ID",3,0,43.68633333333333,-114.36,0,28712,0
25220,"Hammond, LA",1,0,30.439,-90.441,0,132322,0
25260,"Hanford-Corcoran, CA",1,0,36.327,-119.646,0,149696,0
25420,"Harrisburg-Carlisle, PA",99,6,40.25328282828283,-76.91733333333333,0.06060606060606061,571101,0.10506022577442518
25460,"Harrison, AR",1,0,36.23,-93.108,0,45323,0
25500,"Harrisonburg, VA",8,0,38.446875000000006,-78.865,0,134220,0
25540,"Hartford-West Hartford-East Hartford, CT",119,16,41.73755462184874,-72.65706722689076,0.13445378151260504,1206719,0.13259093459206328
25580,"Hastings, NE",4,0,40.586,-98.39,0,31774,0
25620,"Hattiesburg, MS",9,3,31.327,-89.29,0.3333333333333333,148719,0.20172271196013958
25700,"Hays, KS",1,0,38.869,-99.296,0,28769,0
25740,"Helena, MT",32,2,46.588125,-112.027625,0.0625,79786,0.2506705437044093
25780,"Henderson, NC",3,0,36.33,-78.399,0,44312,0
25840,"Hermiston-Pendleton, OR",15,1,45.76153333333333,-119.02686666666666,0.06666666666666667,88311,0.11323617669373012
25860,"Hickory-Lenoir-Morganton, NC",5,1,35.7278,-81.524,0.2,367004,0.027247659426055303
25880,"Hillsdale, MI",1,0,41.92,-84.631,0,45843,0
25900,"Hilo, HI",22,0,19.754727272727273,-155.26304545454545,0,199503,0
25940,"Hilton Head Island-Bluffton-Beaufort, SC",18,1,32.342444444444446,-80.79755555555556,0.05555555555555555,214890,0.04653543673507376
26013,Baraga County,3,0,46.783,-88.52633333333333,0,8438,0
26031,Cheboygan County,1,0,45.777,-84.727,0,25398,0
26035,Clare County,1,0,43.819,-84.769,0,30597,0
26047,Emmet County,2,0,45.5045,-84.87100000000001,0,33127,0
26053,Gogebic County,2,0,46.415499999999994,-89.93350000000001,0,15338,0
26063,Huron County,1,0,43.802,-83.001,0,31271,0
26069,Iosco County,1,0,44.42,-83.331,0,25122,0
26090,"Holland, MI",6,0,42.6315,-86.14083333333333,0,116433,0
26101,Manistee County,3,0,44.244,-86.324,0,24421,0
26127,Oceana County,1,0,43.698,-86.364,0,26458,0
26143,Roscommon County,1,0,44.364,-84.41,0,23775,0
26157,Tuscola County,2,0,43.4915,-83.40899999999999,0,52794,0
26220,"Hood River, OR",7,0,45.65742857142857,-121.54671428571429,0,23476,0
26300,"Hot Springs, AR",2,0,34.504,-93.055,0,98444,0
26340,"Houghton, MI",16,0,47.1351875,-88.55475,0,38499,0
26380,"Houma-Thibodaux, LA",2,1,29.695999999999998,-90.7715,0.5,209893,0.047643323026494454
26420,"Houston-The Woodlands-Sugar Land, TX",126,16,29.73043650793651,-95.3016507936508,0.12698412698412698,6905695,0.023169282744169847
26460,"Hudson, NY",10,0,42.2977,-73.7638,0,60408,0
26580,"Huntington-Ashland, WV-KY-OH",27,1,38.437666666666665,-82.41322222222222,0.037037037037037035,355582,0.028122908358690822
26620,"Huntsville, AL",23,4,34.73682608695652,-86.62717391304348,0.17391304347826086,455741,0.08776914958276741
26660,"Huntsville, TX",1,0,30.724,-95.551,0,87093,0
26740,"Hutchinson, KS",2,0,38.061,-97.93,0,62688,0
26820,"Idaho Falls, ID",17,1,43.50570588235294,-111.99229411764706,0.058823529411764705,145792,0.06859086918349429
26860,"Indiana, PA",1,0,40.621,-79.153,0,84879,0
26900,"Indianapolis-Carmel-Anderson, IN",112,11,39.788267857142856,-86.13621428571429,0.09821428571428571,2026723,0.054274807164077184
26960,"Ionia, MI",1,0,42.881,-84.918,0,64229,0
26980,"Iowa City, IA",58,3,41.663275862068964,-91.53810344827586,0.05172413793103448,171470,0.17495771855135012
27005,Becker County,1,0,46.817,-95.845,0,34075,0
27020,"Iron Mountain, MI-WI",2,0,45.82,-88.066,0,29784,0
27031,Cook County,7,1,47.75,-90.334,0.14285714285714285,5384,1.8573551263001484
27060,"Ithaca, NY",22,5,42.44013636363636,-76.49877272727272,0.22727272727272727,102678,0.48695923177311595
27065,Kanabec County,1,0,45.877,-93.294,0,16054,0
27077,Lake of the Woods County,1,0,48.712,-94.6,0,3736,0
27100,"Jackson, MI",8,2,42.246,-84.401,0.25,158690,0.126031886067175
27115,Pine County,1,0,45.823,-92.97,0,29184,0
27121,Pope County,1,0,45.65,-95.39,0,10985,0
27140,"Jackson, MS",32,4,32.32171875,-90.16828125,0.125,581552,0.06878146752139104
27149,Stevens County,4,0,45.592,-95.919,0,9672,0
27180,"Jackson, TN",8,1,35.614875,-88.81524999999999,0.125,129186,0.07740776864366107
27220,"Jackson, WY-ID",23,1,43.48878260869565,-110.78265217391305,0.043478260869565216,34696,0.28821766197832605
27260,"Jacksonville, FL",117,30,30.25409401709402,-81.59108547008547,0.2564102564102564,1504841,0.19935660976807515
27300,"Jacksonville, IL",1,0,39.75,-90.24,0,39177,0
27340,"Jacksonville, NC",1,1,34.754,-77.43,1,194838,0.051324690255494305
27420,"Jamestown, ND",1,0,46.918,-98.687,0,21160,0
27460,"Jamestown-Dunkirk-Fredonia, NY",15,1,42.4186,-79.31426666666667,0.06666666666666667,128609,0.07775505602251787
27500,"Janesville-Beloit, WI",17,4,42.62894117647059,-89.02235294117648,0.23529411764705882,162320,0.2464268112370626
27620,"Jefferson City, MO",24,2,38.57758333333333,-92.17766666666667,0.08333333333333333,151298,0.13218945392536582
27740,"Johnson City, TN",22,3,36.30718181818182,-82.37895454545455,0.13636363636363635,201844,0.14862963476744415
27780,"Johnstown, PA",4,0,40.44,-78.70725,0,133054,0
27860,"Jonesboro, AR",5,0,35.842,-90.704,0,131158,0
27900,"Joplin, MO",12,1,37.088750000000005,-94.51466666666667,0.08333333333333333,178330,0.05607581450120563
27920,"Junction City, KS",1,0,39.032,-96.85,0,33633,0
27940,"Juneau, AK",34,0,58.3044705882353,-134.42435294117647,0,32061,0
27980,"Kahului-Wailuku-Lahaina, HI",27,0,20.890814814814814,-156.53566666666666,0,166491,0
28020,"Kalamazoo-Portage, MI",44,4,42.2805,-85.58863636363637,0.09090909090909091,338347,0.1182218255223188
28060,"Kalispell, MT",13,1,48.22330769230769,-114.30807692307692,0.07692307692307693,100092,0.09990808456220278
28095,Monroe County,1,0,33.984,-88.488,0,35852,0
28123,Scott County,1,0,32.354,-89.655,0,28429,0
28140,"Kansas City, MO-KS",78,8,39.06975641025641,-94.58564102564102,0.10256410256410256,2127259,0.03760708028500526
28147,Walthall County,1,0,31.108,-90.152,0,14523,0
28180,"Kapaa, HI",12,0,22.013833333333334,-159.37166666666667,0,71780,0
28260,"Kearney, NE",5,0,40.696,-99.08999999999999,0,56015,0
28300,"Keene, NH",14,3,42.94271428571428,-72.29207142857143,0.21428571428571427,76185,0.39377830281551485
28420,"Kennewick-Richland, WA",37,2,46.24935135135135,-119.21275675675676,0.05405405405405406,290570,0.06883023023712015
28500,"Kerrville, TX",2,1,30.047,-99.14,0.5,51850,0.1928640308582449
28540,"Ketchikan, AK",6,0,55.342,-131.646,0,13882,0
28580,"Key West, FL",6,0,24.643666666666668,-81.55783333333333,0,76636,0
28620,"Kill Devil Hills, NC",2,0,35.967,-75.632,0,40298,0
28660,"Killeen-Temple, TX",17,4,31.091764705882355,-97.56358823529412,0.23529411764705882,443653,0.09016055340547681
28700,"Kingsport-Bristol-Bristol, TN-VA",20,3,36.62665,-82.18155,0.15,306253,0.09795822408270285
28740,"Kingston, NY",38,1,41.86547368421053,-74.07473684210527,0.02631578947368421,178723,0.05595250751162414
28780,"Kingsville, TX",2,0,27.52,-97.85749999999999,0,31574,0
28900,"Klamath Falls, OR",11,0,42.225,-121.782,0,66789,0
28940,"Knoxville, TN",53,11,35.94979245283019,-83.93020754716981,0.20754716981132076,875797,0.12559988216447418
29020,"Kokomo, IN",7,1,40.48728571428571,-86.13242857142858,0.14285714285714285,82311,0.12149044477651832
29029,Camden County,1,0,38.008,-92.745,0,45449,0
29060,"Laconia, NH",2,0,43.6625,-71.49549999999999,0,60845,0
29100,"La Crosse-Onalaska, WI-MN",9,2,43.818333333333335,-91.23977777777777,0.2222222222222222,136778,0.14622234569886972
29180,"Lafayette, LA",12,2,30.1575,-91.97325000000001,0.16666666666666666,490107,0.04080741552354894
29200,"Lafayette-West Lafayette, IN",17,3,40.42041176470588,-86.8979411764706,0.17647058823529413,220337,0.1361550715494901
29260,"La Grande, OR",3,0,45.325,-118.088,0,26286,0
29300,"LaGrange, GA",5,0,33.042,-85.01700000000001,0,70038,0
29340,"Lake Charles, LA",6,0,30.227,-93.217,0,209256,0
29380,"Lake City, FL",1,1,30.19,-82.639,1,69825,0.14321518080916576
29420,"Lake Havasu City-Kingman, AZ",11,0,34.86863636363636,-114.17581818181819,0,207114,0
29460,"Lakeland-Winter Haven, FL",15,4,28.020533333333333,-81.92713333333333,0.26666666666666666,685830,0.05832349124418588
29540,"Lancaster, PA",32,1,40.03734375,-76.3404375,0.03125,541054,0.018482443526893804
29620,"Lansing-East Lansing, MI",77,9,42.729610389610386,-84.53876623376624,0.11688311688311688,480353,0.18736221070754217
29660,"Laramie, WY",8,0,41.309,-105.57499999999999,0,38430,0
29700,"Laredo, TX",2,0,27.5175,-99.494,0,273982,0
29740,"Las Cruces, NM",43,4,32.28618604651163,-106.75246511627907,0.09302325581395349,216186,0.18502585736356655
29780,"Las Vegas, NM",1,0,35.596,-105.219,0,27782,0
29820,"Las Vegas-Henderson-Paradise, NV",99,5,36.17648484848485,-115.17321212121212,0.050505050505050504,2183310,0.022901008102376667
29940,"Lawrence, KS",28,5,38.96557142857143,-95.24685714285714,0.17857142857142858,120629,0.4144940271410689
30003,Big Horn County,3,0,45.68933333333333,-107.562,0,13444,0
30017,Custer County,4,0,46.408,-105.841,0,11725,0
30020,"Lawton, OK",2,0,34.594,-98.418,0,127589,0
30035,Glacier County,2,0,48.557,-113.013,0,13675,0
30041,Hill County,4,0,48.55,-109.684,0,16463,0
30053,Lincoln County,2,0,48.634,-115.305,0,19508,0
30067,Park County,3,0,45.237,-110.69333333333334,0,16438,0
30087,Rosebud County,2,0,45.623,-106.667,0,9259,0
30140,"Lebanon, PA",9,1,40.337444444444444,-76.44566666666667,0.1111111111111111,139566,0.07165068856311708
30260,"Lewisburg, PA",8,0,40.963375,-76.8845,0,44756,0
30280,"Lewisburg, TN",1,1,35.626,-86.693,1,32934,0.30363757818667636
30300,"Lewiston, ID-WA",6,0,46.402499999999996,-116.97583333333334,0,62881,0
30340,"Lewiston-Auburn, ME",18,1,44.09316666666667,-70.20933333333333,0.05555555555555555,107569,0.09296358616329983
30420,"Lexington, NE",1,0,40.781,-99.742,0,25670,0
30460,"Lexington-Fayette, KY",60,4,38.03823333333333,-84.50633333333333,0.06666666666666667,512732,0.07801346512408042
30620,"Lima, OH",11,1,40.743,-84.105,0.09090909090909091,103069,0.09702238306377281
30700,"Lincoln, NE",59,4,40.82208474576271,-96.68761016949152,0.06779661016949153,331179,0.12078060505044101
30780,"Little Rock-North Little Rock-Conway, AR",39,2,34.7548717948718,-92.29358974358975,0.05128205128205128,737991,0.027100601497850246
30820,"Lock Haven, PA",1,0,41.142,-77.462,0,38837,0
30860,"Logan, UT-ID",10,1,41.7359,-111.8346,0.1,138052,0.07243647321299221
30880,"Logan, WV",4,0,37.88825,-82.00675,0,33043,0
30900,"Logansport, IN",1,0,40.749,-86.331,0,37905,0
30940,"London, KY",6,0,37.05983333333333,-84.05116666666666,0,127912,0
30980,"Longview, TX",7,1,32.47457142857143,-94.70814285714285,0.14285714285714285,218594,0.04574690979624326
31013,Box Butte County,1,0,42.093,-102.87,0,10860,0
31020,"Longview, WA",17,1,46.124235294117646,-122.92329411764706,0.058823529411764705,106900,0.09354536950420954
31045,Dawes County,1,0,42.829,-103,0,8885,0
31080,"Los Angeles-Long Beach-Anaheim, CA",580,37,33.9727724137931,-118.18637068965518,0.06379310344827586,13298709,0.027822249513091833
31089,Holt County,1,0,42.458,-98.648,0,10186,0
31140,"Louisville/Jefferson County, KY-IN",120,8,38.25403333333333,-85.73740833333333,0.06666666666666667,1292809,0.061880757327648556
31145,Red Willow County,1,0,40.197,-100.625,0,10750,0
31161,Sheridan County,1,0,42.997,-102.557,0,5278,0
31163,Sherman County,2,0,41.276,-98.967,0,3090,0
31179,Wayne County,1,0,42.243,-97.015,0,9260,0
31180,"Lubbock, TX",8,0,33.58325,-101.869375,0,316588,0
31220,"Ludington, MI",7,0,43.955,-86.45171428571429,0,29023,0
31260,"Lufkin, TX",5,1,31.3278,-94.7294,0.2,87711,0.11401078542030076
31300,"Lumberton, NC",2,1,34.6085,-79.243,0.5,132590,0.0754204691153179
31340,"Lynchburg, VA",16,3,37.391625000000005,-79.198125,0.1875,261954,0.11452392404773358
31380,"Macomb, IL",3,0,40.468333333333334,-90.68066666666667,0,30323,0
31420,"Macon-Bibb County, GA",9,3,32.841,-83.632,0.3333333333333333,229081,0.13095804540751962
31460,"Madera, CA",1,0,37.328,-119.649,0,155904,0
31500,"Madison, IN",4,4,38.736,-85.38,1,32047,1.2481667550784785
31540,"Madison, WI",109,11,43.07270642201835,-89.40021100917431,0.10091743119266056,654577,0.16804745660174436
31580,"Madisonville, KY",1,0,37.328,-87.499,0,45369,0
31660,"Malone, NY",3,0,44.35033333333333,-74.14,0,50444,0
31700,"Manchester-Nashua, NH",36,0,42.92063888888889,-71.62425,0,413157,0
31740,"Manhattan, KS",9,2,39.191,-96.58377777777777,0.2222222222222222,97954,0.20417747105784348
31820,"Manitowoc, WI",4,0,44.10275,-87.63550000000001,0,79140,0
31860,"Mankato-North Mankato, MN",13,0,44.21192307692308,-93.98538461538462,0,100945,0
31900,"Mansfield, OH",4,0,40.7585,-82.53375,0,120543,0
31930,"Marietta, OH",3,0,39.42366666666666,-81.45566666666666,0,60462,0
31940,"Marinette, WI-MI",1,0,45.108,-87.614,0,63297,0
31980,"Marion, IN",7,0,40.508428571428574,-85.658,0,66282,0
32020,"Marion, OH",1,0,40.589,-83.129,0,64941,0
32027,Pershing County,1,0,40.789,-119.203,0,6473,0
32100,"Marquette, MI",23,3,46.54195652173913,-87.45673913043478,0.13043478260869565,66565,0.4506872981296477
32140,"Marshall, MN",2,0,44.452,-95.7755,0,25953,0
32180,"Marshall, MO",1,0,39.113,-93.211,0,22924,0
32220,"Marshall, TX",2,0,32.5415,-94.37100000000001,0,66540,0
32260,"Marshalltown, IA",2,0,42.049,-92.908,0,40148,0
32300,"Martinsville, VA",1,0,36.692,-79.873,0,64219,0
32380,"Mason City, IA",2,0,43.154,-93.201,0,50458,0
32540,"McAlester, OK",2,0,34.933,-95.77,0,44145,0
32580,"McAllen-Edinburg-Mission, TX",23,0,26.20491304347826,-98.24469565217392,0,858323,0
32620,"McComb, MS",1,0,31.244,-90.453,0,52046,0
32700,"McPherson, KS",1,0,38.367,-97.657,0,28673,0
32740,"Meadville, PA",3,1,41.63633333333333,-79.992,0.3333333333333333,85788,0.11656641954585722
32780,"Medford, OR",34,1,42.25570588235294,-122.7834705882353,0.029411764705882353,216761,0.04613376022439461
32820,"Memphis, TN-MS-AR",84,26,35.12564285714286,-90.04929761904762,0.30952380952380953,1347576,0.19293902533140989
32860,"Menomonie, WI",4,2,44.875,-91.92099999999999,0.5,44699,0.4474373028479384
32900,"Merced, CA",17,3,37.306294117647056,-120.49376470588236,0.17647058823529413,271340,0.11056239404437238
32940,"Meridian, MS",1,0,32.339,-88.799,0,102272,0
32980,"Merrill, WI",1,0,45.181,-89.683,0,27766,0
33003,Carroll County,7,0,44.037285714285716,-71.16514285714285,0,48109,0
33020,"Mexico, MO",1,0,39.173,-91.887,0,25600,0
33100,"Miami-Fort Lauderdale-West Palm Beach, FL",334,23,26.16508982035928,-80.1827125748503,0.0688622754491018,6149687,0.03740027744501468
33140,"Michigan City-La Porte, IN",4,0,41.68125,-86.853,0,109911,0
33220,"Midland, MI",10,1,43.617,-84.2471,0.1,83245,0.12012733497507358
33260,"Midland, TX",6,0,31.997,-102.078,0,170948,0
33300,"Milledgeville, GA",2,1,33.076,-83.24549999999999,0.5,53466,0.18703475105674633
33340,"Milwaukee-Waukesha-West Allis, WI",81,9,43.03843209876543,-87.93748148148148,0.1111111111111111,1575151,0.0571373792099932
33420,"Mineral Wells, TX",1,0,32.808,-98.113,0,28575,0
33460,"Minneapolis-St. Paul-Bloomington, MN-WI",285,51,44.96612280701754,-93.20209122807017,0.17894736842105263,3592669,0.14195574376598566
33500,"Minot, ND",1,0,48.233,-101.292,0,76751,0
33540,"Missoula, MT",53,4,46.87405660377358,-113.99630188679245,0.07547169811320754,117863,0.33937707338180767
33660,"Mobile, AL",21,1,30.75109523809524,-88.07976190476191,0.047619047619047616,414515,0.024124579327647975
33700,"Modesto, CA",30,1,37.6389,-120.98046666666667,0.03333333333333333,545267,0.018339639112581543
33740,"Monroe, LA",5,1,32.509,-92.119,0.2,178211,0.056113259001969576
33780,"Monroe, MI",3,0,41.879666666666665,-83.596,0,149592,0
33860,"Montgomery, AL",31,5,32.36583870967742,-86.31116129032259,0.16129032258064516,374042,0.13367482796049643
33940,"Montrose, CO",1,0,38.478,-107.876,0,41785,0
34060,"Morgantown, WV",15,0,39.62566666666667,-79.89046666666667,0,139739,0
34140,"Moscow, ID",8,0,46.73125,-117.00325000000001,0,39714,0
34180,"Moses Lake, WA",3,0,47.06366666666667,-119.57533333333333,0,95821,0
34220,"Moultrie, GA",1,0,31.205,-83.759,0,45543,0
34260,"Mountain Home, AR",9,0,36.33411111111111,-92.38422222222222,0,41316,0
34380,"Mount Pleasant, MI",7,3,43.594142857142856,-84.77114285714286,0.42857142857142855,71125,0.421792618629174
34420,"Mount Pleasant, TX",2,1,33.1615,-94.97149999999999,0.5,32806,0.30482228860574284
34460,"Mount Sterling, KY",1,0,38.056,-83.943,0,46800,0
34500,"Mount Vernon, IL",2,0,38.317,-88.903,0,38111,0
34580,"Mount Vernon-Anacortes, WA",15,0,48.4562,-122.4464,0,126026,0
34620,"Muncie, IN",4,0,40.18825,-85.413,0,115389,0
34660,"Murray, KY",6,0,36.611,-88.316,0,38865,0
34700,"Muscatine, IA",2,0,41.4315,-91.0595,0,42892,0
34740,"Muskegon, MI",8,3,43.234,-86.248,0.375,173656,0.1727553323812595
34780,"Muskogee, OK",5,0,35.757,-95.3494,0,68959,0
34820,"Myrtle Beach-Conway-North Myrtle Beach, SC-NC",14,1,33.72278571428571,-78.85121428571429,0.07142857142857142,463386,0.021580280802613806
34860,"Nacogdoches, TX",7,0,31.606571428571428,-94.654,0,65599,0
34900,"Napa, CA",29,0,38.32627586206897,-122.31562068965518,0,140386,0
34940,"Naples-Immokalee-Marco Island, FL",33,0,26.166,-81.75766666666667,0,372345,0
34980,"Nashville-Davidson--Murfreesboro--Franklin, TN",134,21,36.098425373134326,-86.77161940298507,0.15671641791044777,1900584,0.1104923539291081
35053,Socorro County,3,0,33.931,-106.75233333333334,0,16885,0
35100,"New Bern, NC",1,0,35.108,-77.044,0,125010,0
35220,"New Castle, IN",1,1,39.927,-85.305,1,48247,0.2072667730636102
35260,"New Castle, PA",1,0,41,-80.385,0,86652,0
35300,"New Haven-Milford, CT",113,16,41.342230088495576,-72.90945132743363,0.1415929203539823,857794,0.18652496986455958
35380,"New Orleans-Metairie, LA",78,17,29.986397435897437,-90.09453846153846,0.21794871794871795,1270465,0.13380927455695354
35420,"New Philadelphia-Dover, OH",1,0,40.272,-81.606,0,92411,0
35440,"Newport, OR",11,1,44.556,-124.05509090909091,0.09090909090909091,48820,0.20483408439164275
35500,"Newton, IA",3,0,41.703,-93.057,0,36985,0
35580,"New Ulm, MN",1,0,44.314,-94.459,0,25172,0
35620,"New York-Newark-Jersey City, NY-NJ-PA",1336,101,40.80144311377246,-73.99605988023953,0.07559880239520958,19998951,0.050502648863932915
35660,"Niles-Benton Harbor, MI",5,0,42.0778,-86.4908,0,154362,0
35700,"Nogales, AZ",3,0,31.34,-110.934,0,46636,0
35740,"Norfolk, NE",2,0,42.036500000000004,-97.414,0,48357,0
35840,"North Port-Sarasota-Bradenton, FL",72,8,27.375708333333332,-82.5337638888889,0.1111111111111111,805139,0.09936172511827152
35860,"North Vernon, IN",1,0,38.993,-85.642,0,27638,0
35940,"Norwalk, OH",2,0,41.243,-82.616,0,58462,0
35980,"Norwich-New London, CT",24,2,41.40991666666667,-72.08791666666666,0.08333333333333333,267826,0.07467534892056783
36003,Allegany County,1,0,42.466,-78.115,0,46688,0
36017,Chenango County,1,0,42.294,-75.485,0,47790,0
36020,"Oak Harbor, WA",21,1,48.11704761904762,-122.52642857142857,0.047619047619047616,83285,0.12006964039142702
36025,Delaware County,4,1,42.251,-74.96925,0.25,45020,0.22212350066637052
36025,Delaware County,4,1,42.251,-74.96925,0.25,45020,0.22212350066637052
36031,Essex County,3,0,44.312666666666665,-73.53966666666666,0,37511,0
36039,Greene County,5,2,42.2158,-73.94120000000001,0.4,47474,0.4212832287146649
36100,"Ocala, FL",7,2,29.220714285714287,-82.14557142857143,0.2857142857142857,353717,0.05654237709807558
36105,Sullivan County,8,0,41.707,-74.822375,0,75079,0
36140,"Ocean City, NJ",5,0,39.0476,-74.8176,0,93184,0
36220,"Odessa, TX",4,1,31.85725,-102.36025,0.25,157173,0.06362415936579438
36260,"Ogden-Clearfield, UT",21,6,41.17209523809524,-111.96938095238096,0.2857142857142857,664589,0.09028136186424994
36300,"Ogdensburg-Massena, NY",14,0,44.66842857142857,-75.06078571428571,0,108562,0
36420,"Oklahoma City, OK",93,8,35.42937634408602,-97.50632258064516,0.08602150537634409,1383249,0.05783485113670785
36460,"Olean, NY",4,0,42.18325,-78.637,0,77245,0
36500,"Olympia-Tumwater, WA",63,8,47.03798412698413,-122.89492063492064,0.12698412698412698,280289,0.28541969181808774
36540,"Omaha-Council Bluffs, NE-IA",71,1,41.24216901408451,-95.97761971830987,0.014084507042253521,932217,0.010727116111377503
36580,"Oneonta, NY",11,1,42.522363636363636,-75.02427272727273,0.09090909090909091,59903,0.1669365474183263
36620,"Ontario, OR-ID",2,0,43.9985,-116.89099999999999,0,53668,0
36660,"Opelousas, LA",4,0,30.534,-92.082,0,83447,0
36700,"Orangeburg, SC",4,2,33.451499999999996,-80.74475,0.5,87673,0.22812040194814823
36740,"Orlando-Kissimmee-Sanford, FL",77,6,28.565155844155843,-81.40167532467532,0.07792207792207792,2512917,0.023876634206382464
36780,"Oshkosh-Neenah, WI",13,1,44.04976923076923,-88.53446153846154,0.07692307692307693,170375,0.058694057226705794
36820,"Oskaloosa, IA",2,1,41.301,-92.6445,0.5,22197,0.45051133035995855
36840,"Ottawa, KS",1,0,38.616,-95.269,0,25657,0
36860,"Ottawa-Peru, IL",1,0,41.346,-88.843,0,148567,0
36900,"Ottumwa, IA",1,0,41.016,-92.408,0,44098,0
36940,"Owatonna, MN",1,0,44.085,-93.226,0,36824,0
36980,"Owensboro, KY",5,2,37.772,-87.111,0.4,118543,0.1687151497768742
37009,Ashe County,2,0,36.411,-81.476,0,26803,0
37017,Bladen County,2,0,34.681,-78.6975,0,33468,0
37020,"Owosso, MI",2,0,42.915499999999994,-84.194,0,68459,0
37039,Cherokee County,2,0,35.1445,-83.9285,0,27980,0
37047,Columbus County,1,0,34.339,-78.703,0,55987,0
37060,"Oxford, MS",16,6,34.36525,-89.53075,0.375,54237,1.1062558769843465
37061,Duplin County,1,0,34.924,-77.774,0,58862,0
37095,Hyde County,1,0,35.115,-75.981,0,5267,0
37100,"Oxnard-Thousand Oaks-Ventura, CA",43,3,34.24288372093023,-119.11948837209303,0.06976744186046512,850802,0.035260847999887164
37120,"Ozark, AL",1,0,31.319,-85.494,0,49254,0
37123,Montgomery County,1,1,35.358,-79.894,1,27347,0.36567082312502286
37149,Polk County,2,0,35.253,-82.197,0,20518,0
37220,"Pahrump, NV",6,0,36.59866666666667,-115.99733333333333,0,44051,0
37260,"Palatka, FL",1,1,29.649,-81.638,1,73385,0.1362676296245827
37340,"Palm Bay-Melbourne-Titusville, FL",27,2,28.230037037037036,-80.68311111111112,0.07407407407407407,588265,0.03399828308670412
37460,"Panama City, FL",9,1,30.161666666666665,-85.66733333333333,0.1111111111111111,200168,0.04995803525038967
37580,"Paris, TX",3,0,33.661,-95.556,0,49597,0
37620,"Parkersburg-Vienna, WV",15,0,39.27673333333334,-81.55106666666667,0,90873,0
37740,"Payson, AZ",5,0,34.231,-111.325,0,53629,0
37860,"Pensacola-Ferry Pass-Brent, FL",27,9,30.428962962962963,-87.20729629629629,0.3333333333333333,487327,0.18468092266588965
37900,"Peoria, IL",13,1,40.69069230769231,-89.596,0.07692307692307693,371810,0.02689545735725236
37940,"Peru, IN",1,0,40.754,-86.069,0,35827,0
37980,"Philadelphia-Camden-Wilmington, PA-NJ-DE-MD",408,65,39.95353921568628,-75.28212009803921,0.15931372549019607,6078451,0.10693513857395576
38009,Bottineau County,1,0,48.971,-101.282,0,6536,0
38060,"Phoenix-Mesa-Scottsdale, AZ",196,21,33.43311734693878,-112.02755102040817,0.10714285714285714,4761694,0.044101951952393414
38180,"Pierre, SD",5,0,44.435,-100.2912,0,22073,0
38220,"Pine Bluff, AR",1,0,34.228,-92.003,0,90923,0
38240,"Pinehurst-Southern Pines, NC",1,0,35.195,-79.469,0,97232,0
38260,"Pittsburg, KS",4,0,37.411,-94.705,0,39031,0
38300,"Pittsburgh, PA",181,30,40.41624309392265,-79.93314364640884,0.16574585635359115,2330283,0.12873972817893792
38340,"Pittsfield, MA",54,3,42.36072222222222,-73.24205555555555,0.05555555555555555,126485,0.23718227457801322
38420,"Platteville, WI",1,0,42.689,-90.712,0,51806,0
38460,"Plattsburgh, NY",23,3,44.7115652173913,-73.44973913043478,0.13043478260869565,80567,0.37236089217669766
38540,"Pocatello, ID",4,0,42.8715,-112.44675,0,85641,0
38780,"Portales, NM",3,1,34.186,-103.334,0.3333333333333333,18905,0.5289605924358635
38820,"Port Angeles, WA",23,0,48.08304347826087,-123.44573913043479,0,75712,0
38840,"Port Clinton, OH",1,0,41.539,-82.767,0,40632,0
38860,"Portland-South Portland, ME",135,12,43.63619259259259,-70.28717777777777,0.08888888888888889,532280,0.22544525437739535
38900,"Portland-Vancouver-Hillsboro, OR-WA",282,53,45.5188475177305,-122.70125886524823,0.1879432624113475,2456462,0.21575745930529355
38940,"Port St. Lucie, FL",21,1,27.244904761904763,-80.30638095238095,0.047619047619047616,473192,0.02113307071970786
39020,"Portsmouth, OH",3,0,38.732,-82.998,0,75898,0
39075,Holmes County,1,1,40.555,-81.918,1,43887,0.2278579078086905
39131,Pike County,1,0,39.127,-82.985,0,28227,0
39140,"Prescott, AZ",13,1,34.54538461538461,-112.45723076923076,0.07692307692307693,228055,0.04384907149591107
39171,Williams County,1,0,41.584,-84.606,0,36746,0
39260,"Prineville, OR",1,0,44.3,-120.834,0,23091,0
39300,"Providence-Warwick, RI-MA",118,10,41.77379661016949,-71.36549152542372,0.0847457627118644,1617057,0.06184073907104078
39340,"Provo-Orem, UT",15,1,40.297066666666666,-111.71926666666667,0.06666666666666667,617751,0.01618775202306431
39380,"Pueblo, CO",20,1,38.254149999999996,-104.61104999999999,0.05,166426,0.06008676528907742
39420,"Pullman, WA",15,2,46.73133333333333,-117.1732,0.13333333333333333,49344,0.4053177691309987
39460,"Punta Gorda, FL",3,0,26.928333333333335,-82.15033333333334,0,181537,0
39500,"Quincy, IL-MO",2,0,39.936,-91.41,0,76058,0
39540,"Racine, WI",8,0,42.727375,-87.795625,0,195949,0
39580,"Raleigh, NC",95,10,35.7816,-78.65281052631579,0.10526315789473684,1334342,0.07494330538947286
39660,"Rapid City, SD",21,1,44.11090476190476,-103.24895238095237,0.047619047619047616,146869,0.06808788784563115
39740,"Reading, PA",47,6,40.361765957446806,-75.90159574468086,0.1276595744680851,417524,0.1437043140035064
39780,"Red Bluff, CA",1,0,40.178,-122.236,0,63718,0
39820,"Redding, CA",25,1,40.578520000000005,-122.38556,0.04,179539,0.055698204846857786
39900,"Reno, NV",52,0,39.520096153846154,-119.80667307692308,0,461336,0
39940,"Rexburg, ID",2,0,43.8185,-111.7875,0,52488,0
39980,"Richmond, IN",5,1,39.829,-84.89,0.2,66178,0.15110761884614224
40041,Delaware County,2,0,36.5965,-94.759,0,42582,0
40060,"Richmond, VA",123,28,37.541739837398374,-77.44654471544716,0.22764227642276422,1292911,0.21656556406434782
40080,"Richmond-Berea, KY",7,1,37.691428571428574,-84.29642857142858,0.14285714285714285,107983,0.09260716964707408
40140,"Riverside-San Bernardino-Ontario, CA",155,11,34.001587096774195,-117.07365806451612,0.07096774193548387,4570427,0.024067773098662336
40180,"Riverton, WY",5,2,42.986599999999996,-108.4502,0.4,39834,0.5020836471356128
40220,"Roanoke, VA",38,2,37.245973684210526,-79.95344736842105,0.05263157894736842,313488,0.06379829530954932
40340,"Rochester, MN",32,0,44.00471875,-92.46275,0,217828,0
40380,"Rochester, NY",67,6,43.10271641791045,-77.54141791044776,0.08955223880597014,1071589,0.055991616188669345
40420,"Rockford, IL",31,2,42.288387096774194,-89.09532258064516,0.06451612903225806,338252,0.059127514397549756
40580,"Rocky Mount, NC",3,0,35.952666666666666,-77.95633333333333,0,146769,0
40620,"Rolla, MO",1,0,37.951,-91.771,0,44686,0
40700,"Roseburg, OR",9,0,43.21622222222222,-123.34322222222222,0,109284,0
40740,"Roswell, NM",8,0,33.370125,-104.50425,0,65153,0
40760,"Ruidoso, NM",1,0,33.367,-105.659,0,19483,0
40780,"Russellville, AR",3,3,35.28333333333333,-93.13466666666666,1,85199,0.35211680888273333
40820,"Ruston, LA",1,0,32.535,-92.65,0,47465,0
40860,"Rutland, VT",7,1,43.60914285714286,-73.01514285714285,0.14285714285714285,59000,0.1694915254237288
40900,"Sacramento--Roseville--Arden-Arcade, CA",170,43,38.60834705882353,-121.44635294117647,0.2529411764705882,2320381,0.18531439448952564
40980,"Saginaw, MI",6,2,43.419,-83.951,0.3333333333333333,191996,0.10416883685076772
41031,Jefferson County,3,0,44.677,-121.174,0,23700,0
41057,Tillamook County,3,0,45.45333333333333,-123.84133333333332,0,26574,0
41060,"St. Cloud, MN",22,2,45.54536363636364,-94.2159090909091,0.09090909090909091,198106,0.1009560538297679
41100,"St. George, UT",10,0,37.1044,-113.5557,0,165859,0
41140,"St. Joseph, MO-KS",6,0,39.76716666666667,-94.847,0,126598,0
41180,"St. Louis, MO-IL",194,54,38.64118556701031,-90.22667525773196,0.27835051546391754,2805850,0.19245504927205662
41220,"St. Marys, GA",4,1,30.7745,-81.5985,0.25,53067,0.1884410273804813
41400,"Salem, OH",2,0,40.807500000000005,-80.718,0,103149,0
41420,"Salem, OR",75,5,44.943333333333335,-123.02666666666667,0.06666666666666667,424968,0.11765591762203272
41460,"Salina, KS",2,0,38.84,-97.611,0,60363,0
41500,"Salinas, CA",47,7,36.629829787234044,-121.73806382978724,0.14893617021276595,435477,0.16074327691244314
41540,"Salisbury, MD-DE",42,1,38.52447619047619,-75.295,0.023809523809523808,404067,0.024748370938482974
41620,"Salt Lake City, UT",147,12,40.74924489795919,-111.89808843537415,0.08163265306122448,1205238,0.09956539704191206
41660,"San Angelo, TX",5,0,31.4632,-100.4386,0,119200,0
41700,"San Antonio-New Braunfels, TX",49,7,29.457244897959182,-98.457,0.14285714285714285,2474274,0.028291127013418887
41740,"San Diego-Carlsbad, CA",293,21,32.79875767918089,-117.14565870307167,0.07167235494880546,3325468,0.0631490063954908
41760,"Sandpoint, ID",7,0,48.277,-116.553,0,43621,0
41780,"Sandusky, OH",2,0,41.4165,-82.3615,0,74857,0
41860,"San Francisco-Oakland-Hayward, CA",495,66,37.79507070707071,-122.32105858585858,0.13333333333333333,4710693,0.14010677409884278
41940,"San Jose-Sunnyvale-Santa Clara, CA",156,13,37.352634615384616,-121.98383974358974,0.08333333333333333,1993582,0.06520925650412172
42020,"San Luis Obispo-Paso Robles-Arroyo Grande, CA",52,2,35.29771153846154,-120.67576923076923,0.038461538461538464,282838,0.0707118562569386
42031,Clarion County,1,0,41.215,-79.385,0,38975,0
42065,Jefferson County,1,0,40.944,-78.971,0,43828,0
42100,"Santa Cruz-Watsonville, CA",38,4,36.950657894736835,-121.92631578947369,0.10526315789473684,275105,0.14539902946147834
42117,Tioga County,1,0,41.969,-77.539,0,40701,0
42127,Wayne County,1,0,41.577,-75.259,0,51215,0
42140,"Santa Fe, NM",42,2,35.685785714285714,-105.93904761904763,0.047619047619047616,149617,0.13367464927113898
42200,"Santa Maria-Santa Barbara, CA",65,2,34.575723076923076,-119.97866153846154,0.03076923076923077,445606,0.04488269906599104
42220,"Santa Rosa, CA",66,4,38.36775757575757,-122.68827272727273,0.06060606060606061,503246,0.07948398993732687
42300,"Sault Ste. Marie, MI",4,0,46.44925,-84.407,0,37714,0
42340,"Savannah, GA",25,1,32.09156,-81.10968,0.04,386337,0.025884137424062415
42420,"Scottsbluff, NE",4,0,41.86025,-103.66475,0,38148,0
42540,"Scranton--Wilkes-Barre--Hazleton, PA",51,3,41.30421568627451,-75.80511764705882,0.058823529411764705,555645,0.05399130739950868
42660,"Seattle-Tacoma-Bellevue, WA",265,32,47.56762264150944,-122.33397735849056,0.12075471698113208,3884469,0.08237934193837046
42680,"Sebastian-Vero Beach, FL",8,0,27.68525,-80.41925,0,154314,0
42700,"Sebring, FL",3,0,27.496,-81.441,0,104060,0
42740,"Sedalia, MO",1,0,38.704,-93.228,0,42504,0
42780,"Selinsgrove, PA",3,1,40.797666666666665,-76.86999999999999,0.3333333333333333,40585,0.24639645189109277
42820,"Selma, AL",10,4,32.407,-87.021,0.4,39235,1.0194978972855868
42900,"Seneca Falls, NY",3,0,42.911,-76.797,0,34327,0
42940,"Sevierville, TN",1,0,35.865,-83.529,0,97277,0
42980,"Seymour, IN",1,0,38.879,-86.042,0,43987,0
43060,"Shawnee, OK",2,0,35.327,-96.925,0,72248,0
43100,"Sheboygan, WI",13,1,43.75638461538461,-87.76346153846154,0.07692307692307693,115235,0.08677919035015402
43180,"Shelbyville, TN",2,2,35.483,-86.46,1,48138,0.41547218413727205
43260,"Sheridan, WY",4,0,44.79774999999999,-106.95575,0,30132,0
43300,"Sherman-Denison, TX",9,1,33.63422222222223,-96.61222222222221,0.1111111111111111,131214,0.07621137988324417
43320,"Show Low, AZ",6,0,34.6475,-110.05433333333333,0,109144,0
43340,"Shreveport-Bossier City, LA",15,1,32.528666666666666,-93.74746666666667,0.06666666666666667,439631,0.022746348642384184
43420,"Sierra Vista-Douglas, AZ",7,0,31.504,-110.12742857142857,0,124990,0
43460,"Sikeston, MO",2,0,36.9875,-89.5755,0,38566,0
43500,"Silver City, NM",1,0,32.77,-108.28,0,27692,0
43580,"Sioux City, IA-NE-SD",10,0,42.5264,-96.3832,0,168218,0
43620,"Sioux Falls, SD",21,0,43.548,-96.72966666666666,0,260521,0
43700,"Somerset, KY",2,0,37.092,-84.604,0,64357,0
43780,"South Bend-Mishawaka, IN-MI",38,8,41.67784210526316,-86.23321052631579,0.21052631578947367,321447,0.24887462007733777
43900,"Spartanburg, SC",4,2,34.9365,-82.00325000000001,0.5,334130,0.05985694190883788
43980,"Spencer, IA",1,0,43.145,-95.144,0,16153,0
44020,"Spirit Lake, IA",3,0,43.389,-95.20966666666666,0,17173,0
44060,"Spokane-Spokane Valley, WA",76,5,47.66132894736842,-117.40469736842105,0.06578947368421052,563958,0.08865908454175665
44100,"Springfield, IL",41,0,39.78621951219512,-89.64756097560976,0,209175,0
44140,"Springfield, MA",128,10,42.2362265625,-72.5877265625,0.078125,629506,0.1588547210034535
44180,"Springfield, MO",49,4,37.21048979591837,-93.29422448979592,0.08163265306122448,462300,0.08652390222799049
44220,"Springfield, OH",3,1,39.928333333333335,-83.81066666666666,0.3333333333333333,134649,0.07426716871272716
44260,"Starkville, MS",3,0,33.45166666666667,-88.81,0,49675,0
44300,"State College, PA",24,6,40.82429166666667,-77.83891666666666,0.25,162250,0.3697996918335901
44340,"Statesboro, GA",8,3,32.435,-81.785,0.375,76084,0.3943010356973871
44420,"Staunton-Waynesboro, VA",30,6,38.13933333333333,-79.0266,0.2,121984,0.4918677859391396
44460,"Steamboat Springs, CO",7,0,40.48771428571428,-106.89028571428571,0,25346,0
44540,"Sterling, CO",1,0,40.622,-103.179,0,21665,0
44580,"Sterling, IL",2,1,41.796,-89.6935,0.5,55947,0.1787405937762525
44620,"Stevens Point, WI",8,1,44.518,-89.569125,0.125,70608,0.14162701110355766
44660,"Stillwater, OK",8,0,36.122749999999996,-97.058125,0,81867,0
44700,"Stockton-Lodi, CA",24,3,37.950625,-121.29662499999999,0.125,742516,0.04040316976334517
44740,"Storm Lake, IA",4,0,42.6425,-95.204,0,20102,0
44900,"Summerville, GA",1,0,34.465,-85.359,0,24716,0
44920,"Summit Park, UT",6,0,40.646,-111.498,0,41349,0
44980,"Sunbury, PA",2,0,40.9025,-76.70599999999999,0,91767,0
45000,"Susanville, CA",9,0,40.306,-121.006,0,31123,0
45009,Bamberg County,1,0,33.323,-81.142,0,14397,0
45060,"Syracuse, NY",44,4,43.073409090909095,-76.16193181818183,0.09090909090909091,651048,0.06143940231749426
45061,Lee County,1,0,34.218,-80.248,0,17267,0
45140,"Tahlequah, OK",4,0,35.88175,-94.9865,0,48925,0
45180,"Talladega-Sylacauga, AL",2,2,33.5245,-86.112,1,90779,0.22031527115302
45220,"Tallahassee, FL",75,5,30.438053333333333,-84.28186666666667,0.06666666666666667,383467,0.13038931642096974
45300,"Tampa-St. Petersburg-Clearwater, FL",95,8,27.93161052631579,-82.54016842105263,0.08421052631578947,3091225,0.025879707882797275
45340,"Taos, NM",13,0,36.40692307692307,-105.58838461538461,0,32862,0
45460,"Terre Haute, IN",20,1,39.45885,-87.37010000000001,0.05,170022,0.05881591794003129
45500,"Texarkana, TX-AR",4,0,33.425,-94.048,0,150254,0
45520,"The Dalles, OR",4,0,45.595,-121.179,0,26321,0
45620,"Thomasville, GA",6,4,30.843,-83.97683333333333,0.6666666666666666,44662,0.895615959876405
45700,"Tifton, GA",2,0,31.4765,-83.503,0,40438,0
45780,"Toledo, OH",38,8,41.57676315789474,-83.59418421052632,0.21052631578947367,603830,0.13248762068794198
45820,"Topeka, KS",45,1,39.04802222222222,-95.68395555555556,0.022222222222222223,233153,0.042890290924843345
45860,"Torrington, CT",7,0,41.63585714285714,-73.29414285714286,0,181710,0
45900,"Traverse City, MI",14,0,44.778285714285715,-85.62314285714285,0,148671,0
45940,"Trenton, NJ",41,4,40.247195121951215,-74.72892682926829,0.0975609756097561,368602,0.10851813066668115
46020,"Truckee-Grass Valley, CA",9,0,39.25277777777778,-120.8558888888889,0,99503,0
46025,Clark County,1,0,44.814,-97.718,0,3686,0
46060,"Tucson, AZ",69,8,32.21471014492754,-110.98072463768116,0.11594202898550725,1027502,0.0778587292287509
46079,Lake County,1,0,44.016,-97.104,0,12792,0
46091,Marshall County,1,0,45.738,-97.921,0,4998,0
46102,Oglala Lakota County,1,0,43.026,-102.556,0,14364,0
46140,"Tulsa, OK",55,7,36.12283636363637,-95.96454545454546,0.12727272727272726,991610,0.07059226913806839
46180,"Tupelo, MS",2,0,34.258,-88.703,0,140186,0
46220,"Tuscaloosa, AL",7,1,33.19857142857143,-87.53557142857143,0.14285714285714285,242700,0.04120313143798928
46300,"Twin Falls, ID",2,0,42.64,-114.4945,0,109037,0
46340,"Tyler, TX",3,2,32.351,-95.301,0.6666666666666666,227460,0.08792754770069462
46380,"Ukiah, CA",19,0,39.24794736842105,-123.39968421052632,0,87697,0
46460,"Union City, TN-KY",1,1,36.424,-89.057,1,36607,0.27317179774360095
46500,"Urbana, OH",1,0,40.216,-83.755,0,38824,0
46520,"Urban Honolulu, HI",60,0,21.332833333333333,-157.87568333333334,0,986429,0
46540,"Utica-Rome, NY",21,1,43.111714285714285,-75.24166666666667,0.047619047619047616,292336,0.0342072136172076
46660,"Valdosta, GA",14,1,30.837714285714284,-83.27678571428572,0.07142857142857142,145403,0.06877437191804846
46700,"Vallejo-Fairfield, CA",18,0,38.223277777777774,-122.09522222222222,0,443877,0
46780,"Van Wert, OH",2,0,40.869,-84.584,0,28291,0
46820,"Vermillion, SD",2,0,42.779,-96.929,0,14021,0
46980,"Vicksburg, MS",1,0,32.353,-90.878,0,55805,0
47020,"Victoria, TX",6,1,28.805,-97.004,0.16666666666666666,99651,0.10035022227574233
47103,Lincoln County,1,0,35.152,-86.571,0,33833,0
47123,Monroe County,1,0,35.559,-84.365,0,46098,0
47180,"Vincennes, IN",1,0,38.677,-87.529,0,37094,0
47220,"Vineland-Bridgeton, NJ",10,2,39.4655,-75.0462,0.2,151748,0.13179745367319504
47240,"Vineyard Haven, MA",15,0,41.41966666666667,-70.6182,0,17321,0
47260,"Virginia Beach-Norfolk-Newport News, VA-NC",72,12,36.955194444444444,-76.33893055555555,0.16666666666666666,1724876,0.0695702183809155
47300,"Visalia-Porterville, CA",14,2,36.27585714285714,-119.26957142857142,0.14285714285714285,463097,0.043187496356055
47380,"Waco, TX",14,2,31.54207142857143,-97.15542857142857,0.14285714285714285,268550,0.07447402718301992
47460,"Walla Walla, WA",10,0,46.0629,-118.3404,0,64675,0
47660,"Warrensburg, MO",3,0,38.75666666666667,-93.72933333333333,0,53759,0
47820,"Washington, NC",1,0,35.35,-76.96,0,47051,0
47900,"Washington-Arlington-Alexandria, DC-VA-MD-WV",480,44,38.91626041666667,-77.09836875,0.09166666666666666,6200001,0.07096773048907573
47940,"Waterloo-Cedar Falls, IA",22,2,42.51231818181818,-92.38909090909091,0.09090909090909091,169553,0.11795721691742404
48020,"Watertown-Fort Atkinson, WI",6,0,42.94316666666667,-88.80666666666667,0,84775,0
48043,Brewster County,2,0,30.0105,-103.50999999999999,0,9330,0
48060,"Watertown-Fort Drum, NY",14,0,43.968,-75.96185714285714,0,113063,0
48127,Dimmit County,1,0,28.522,-99.861,0,10346,0
48140,"Wausau, WI",10,0,44.943200000000004,-89.67699999999999,0,135415,0
48163,Frio County,1,0,28.667,-99.171,0,19564,0
48260,"Weirton-Steubenville, WV-OH",5,0,40.3812,-80.6088,0,118181,0
48300,"Wenatchee, WA",21,0,47.46709523809524,-120.29257142857143,0,118646,0
48460,"West Plains, MO",1,0,36.728,-91.852,0,40084,0
48507,Zavala County,2,0,28.677,-99.828,0,11965,0
48540,"Wheeling, WV-OH",5,1,40.068599999999996,-80.752,0.2,141228,0.07080748859999433
48580,"Whitewater-Elkhorn, WI",1,0,42.834,-88.732,0,102956,0
48620,"Wichita, KS",35,2,37.688314285714284,-97.32622857142857,0.05714285714285714,644949,0.031010203907595794
48660,"Wichita Falls, TX",9,1,33.906333333333336,-98.50666666666666,0.1111111111111111,151180,0.06614631565021828
48700,"Williamsport, PA",8,2,41.2425,-76.996875,0.25,113930,0.17554638813306417
48780,"Williston, ND",1,0,48.147,-103.618,0,33395,0
48820,"Willmar, MN",5,0,45.122,-95.049,0,42715,0
48900,"Wilmington, NC",26,1,34.216884615384615,-77.93042307692308,0.038461538461538464,289425,0.03455126544009674
48940,"Wilmington, OH",5,0,39.4446,-83.83359999999999,0,41966,0
48980,"Wilson, NC",3,0,35.753,-77.91799999999999,0,81567,0
49019,Grand County,5,0,38.5698,-109.548,0,9640,0
49020,"Winchester, VA-WV",16,0,39.163125,-78.16475,0,138107,0
49025,Kane County,1,0,37.047,-112.526,0,7537,0
49037,San Juan County,4,0,37.545,-109.473,0,15320,0
49100,"Winona, MN",7,0,44.05385714285714,-91.666,0,50704,0
49180,"Winston-Salem, NC",43,9,36.09604651162791,-80.29181395348837,0.20930232558139536,666746,0.13498393691150753
49220,"Wisconsin Rapids-Marshfield, WI",2,0,44.5265,-89.99449999999999,0,73112,0
49300,"Wooster, OH",10,2,40.805,-81.935,0.2,116247,0.17204745068689944
49340,"Worcester, MA-CT",47,4,42.19559574468085,-71.77808510638299,0.0851063829787234,942303,0.042449190971481573
49380,"Worthington, MN",1,0,43.621,-95.594,0,21810,0
49420,"Yakima, WA",27,2,46.57259259259259,-120.46085185185186,0.07407407407407407,250377,0.07987954165119
49620,"York-Hanover, PA",19,2,39.96905263157895,-76.74747368421052,0.10526315789473684,445722,0.04487101825801733
49660,"Youngstown-Warren-Boardman, OH-PA",63,2,41.148650793650795,-80.66093650793651,0.031746031746031744,541875,0.03690888119953864
49700,"Yuba City, CA",4,0,39.14475,-121.59,0,173213,0
49740,"Yuma, AZ",11,0,32.67490909090909,-114.6389090909091,0,209756,0
50001,Addison County,6,1,44.05316666666667,-73.13933333333333,0.16666666666666666,36940,0.2707092582566324
50005,Caledonia County,4,0,44.477,-72.0145,0,30154,0
50015,Lamoille County,1,0,44.465,-72.727,0,25345,0
50019,Orleans County,2,0,44.786500000000004,-72.289,0,26834,0
50025,Windham County,17,0,42.87817647058824,-72.57376470588235,0,42906,0
51001,Accomack County,3,0,37.694,-75.73033333333333,0,32566,0
51109,Louisa County,2,0,38.002,-77.9415,0,35885,0
51131,Northampton County,1,0,37.516,-75.807,0,11887,0
51141,Patrick County,1,0,36.636,-80.269,0,17708,0
51171,Shenandoah County,5,0,38.882,-78.506,0,43271,0
51678,Lexington city,7,0,37.784285714285716,-79.44171428571428,0,7082,0
53031,Jefferson County,8,0,48.104,-122.76337500000001,0,31191,0
53047,Okanogan County,1,0,48.363,-120.122,0,41898,0
53055,San Juan County,13,0,48.581153846153846,-122.97423076923077,0,16725,0
54007,Braxton County,2,0,38.723,-80.65,0,14224,0
54025,Greenbrier County,8,1,37.8535,-80.47987499999999,0.125,35243,0.2837442896461709
54035,Jackson County,1,0,38.948,-81.761,0,28907,0
54041,Lewis County,1,0,39.038,-80.467,0,16192,0
54059,Mingo County,1,0,37.674,-82.277,0,24138,0
54063,Monroe County,5,0,37.5058,-80.5678,0,13373,0
54065,Morgan County,2,0,39.617,-78.233,0,17709,0
54071,Pendleton County,3,0,38.643,-79.331,0,6970,0
54089,Summers County,1,0,37.581,-80.854,0,12891,0
54097,Upshur County,3,0,38.994,-80.232,0,24546,0
54109,Wyoming County,1,0,37.583,-81.537,0,21248,0
55001,Adams County,1,0,43.956,-89.818,0,19891,0
55003,Ashland County,6,0,46.585499999999996,-90.8825,0,15513,0
55007,Bayfield County,1,0,46.814,-90.82,0,15033,0
55029,Door County,2,1,44.834,-87.377,0.5,27480,0.36390101892285304
55047,Green Lake County,1,0,43.844,-88.96,0,18785,0
55067,Langlade County,1,1,45.435,-89.184,1,19171,0.5216211986855146
55081,Monroe County,1,0,43.979,-90.504,0,45617,0
55085,Oneida County,5,0,45.7778,-89.59,0,35287,0
55123,Vernon County,3,0,43.61833333333333,-90.78166666666667,0,30737,0
56029,Park County,6,0,44.5255,-109.061,0,29189,0
56035,Sublette County,2,0,42.868,-109.863,0,9759,0
