GEOID,NAME,state,protest_count,totalvotes,democrat,republican,no_party,CBSAFP,perc_democrat,state_fips,county_fips,CTYNAME,pop,location_type,location_id
NA,"Aberdeen, SD",NA,4,18032,5832,11046,NA,10100,0.3234250221827862,NA,NA,NA,43235,CBSA,10100
NA,"Aberdeen, WA",NA,15,28367,12020,14067,NA,10140,0.42373180103641556,NA,NA,NA,72553,CBSA,10140
NA,"Abilene, TX",NA,6,57298,11590,42934,NA,10180,0.20227582114558973,NA,NA,NA,170516,CBSA,10180
NA,"Ada, OK",NA,1,14831,3637,10431,NA,10220,0.24522958667655587,NA,NA,NA,38354,CBSA,10220
NA,"Adrian, MI",NA,10,45939,16750,26430,NA,10300,0.3646139445786804,NA,NA,NA,98482,CBSA,10300
NA,"Akron, OH",NA,32,334118,166653,151997,NA,10420,0.4987848604385277,NA,NA,NA,704367,CBSA,10420
NA,"Alamogordo, NM",NA,4,20060,6124,11887,NA,10460,0.305284147557328,NA,NA,NA,66198,CBSA,10460
NA,"Albany, GA",NA,3,62154,31418,29679,NA,10500,0.5054863725584837,NA,NA,NA,151293,CBSA,10500
NA,"Albany, OR",NA,4,58719,17995,33488,NA,10540,0.3064595786712989,NA,NA,NA,124977,CBSA,10540
NA,"Albany-Schenectady-Troy, NY",NA,145,406816,204694,173895,NA,10580,0.503161134272005,NA,NA,NA,882130,CBSA,10580
NA,"Albemarle, NC",NA,2,29917,7094,21964,NA,10620,0.23712270615369188,NA,NA,NA,61451,CBSA,10620
NA,"Albert Lea, MN",NA,4,16051,6041,8808,NA,10660,0.376362843436546,NA,NA,NA,30537,CBSA,10660
NA,"Albuquerque, NM",NA,95,370268,183750,137532,NA,10740,0.4962621668629209,NA,NA,NA,912897,CBSA,10740
NA,"Alexandria, LA",NA,4,65665,19503,44224,NA,10780,0.29700753826239246,NA,NA,NA,153604,CBSA,10780
NA,"Alexandria, MN",NA,1,21785,6227,13966,NA,10820,0.2858388799632775,NA,NA,NA,37556,CBSA,10820
NA,"Allentown-Bethlehem-Easton, PA-NJ",NA,65,382524,173813,194027,NA,10900,0.45438456149156653,NA,NA,NA,838081,CBSA,10900
NA,"Alma, MI",NA,3,16465,5666,9880,NA,10940,0.34412389918007896,NA,NA,NA,41011,CBSA,10940
NA,"Alpena, MI",NA,3,14698,4877,9090,NA,10980,0.3318138522247925,NA,NA,NA,28438,CBSA,10980
NA,"Altoona, PA",NA,6,54909,13958,39135,NA,11020,0.25420240761988017,NA,NA,NA,123175,CBSA,11020
NA,"Amarillo, TX",NA,12,87889,16421,67486,NA,11100,0.18683794331486306,NA,NA,NA,264955,CBSA,11100
NA,"Ames, IA",NA,13,50667,25709,19458,NA,11180,0.5074111354530563,NA,NA,NA,97260,CBSA,11180
NA,"Amsterdam, NY",NA,1,19054,6595,11301,NA,11220,0.34612154928099087,NA,NA,NA,49216,CBSA,11220
NA,"Anchorage, AK",NA,64,NA,NA,NA,NA,11260,NA,NA,NA,NA,400647,CBSA,11260
NA,"Angola, IN",NA,3,14566,3744,10133,NA,11420,0.257036935328848,NA,NA,NA,34421,CBSA,11420
NA,"Ann Arbor, MI",NA,90,188578,128483,50631,NA,11460,0.6813254992629044,NA,NA,NA,369208,CBSA,11460
NA,"Anniston-Oxford-Jacksonville, AL",NA,3,47864,13242,32865,NA,11500,0.2766588667892362,NA,NA,NA,114664,CBSA,11500
NA,"Appleton, WI",NA,17,120518,47733,65232,NA,11540,0.3960653180437777,NA,NA,NA,236058,CBSA,11540
NA,"Ardmore, OK",NA,1,18534,4002,13752,NA,11620,0.2159274846228553,NA,NA,NA,48295,CBSA,11620
NA,"Arkansas City-Winfield, KS",NA,2,12621,3551,8270,NA,11680,0.2813564693764361,NA,NA,NA,35356,CBSA,11680
NA,"Asheville, NC",NA,76,239119,109678,117237,NA,11700,0.4586753875685328,NA,NA,NA,455255,CBSA,11700
NA,"Ashland, OH",NA,2,24590,5740,17493,NA,11740,0.23342822285481904,NA,NA,NA,53685,CBSA,11740
NA,"Ashtabula, OH",NA,1,40867,15577,23318,NA,11780,0.38116328578070324,NA,NA,NA,97692,CBSA,11780
NA,"Astoria, OR",NA,12,19664,9252,8138,NA,11820,0.4705044751830757,NA,NA,NA,39119,CBSA,11820
NA,"Athens, OH",NA,28,29443,16370,11354,NA,11900,0.5559895391094658,NA,NA,NA,66664,CBSA,11900
NA,"Athens, TX",NA,1,30045,5669,23650,NA,11980,0.18868364120485936,NA,NA,NA,81061,CBSA,11980
NA,"Athens-Clarke County, GA",NA,43,83797,39440,39968,NA,12020,0.4706612408558779,NA,NA,NA,208997,CBSA,12020
NA,"Atlanta-Sandy Springs-Roswell, GA",NA,174,2405433,1250397,1057123,NA,12060,0.5198220029408427,NA,NA,NA,5874249,CBSA,12060
NA,"Atlantic City-Hammonton, NJ",NA,21,117291,60924,52690,NA,12100,0.519426042918894,NA,NA,NA,266328,CBSA,12100
NA,"Auburn, IN",NA,1,16902,3942,12054,NA,12140,0.23322683706070288,NA,NA,NA,42822,CBSA,12140
NA,"Auburn, NY",NA,8,33172,13522,17384,NA,12180,0.40763294344628,NA,NA,NA,77463,CBSA,12180
NA,"Auburn-Opelika, AL",NA,5,59191,21230,34617,NA,12220,0.35866939230626277,NA,NA,NA,161641,CBSA,12220
NA,"Augusta-Richmond County, GA-SC",NA,21,249474,107350,133095,NA,12260,0.43030536248266354,NA,NA,NA,600006,CBSA,12260
NA,"Augusta-Waterville, ME",NA,58,66208,29302,31675,NA,12300,0.44257491541807636,NA,NA,NA,121929,CBSA,12300
NA,"Austin, MN",NA,1,17715,7437,8823,NA,12380,0.41981371718882304,NA,NA,NA,39699,CBSA,12380
NA,"Austin-Round Rock, TX",NA,230,784511,441316,288229,NA,12420,0.5625364080299703,NA,NA,NA,2115230,CBSA,12420
NA,"Bakersfield, CA",NA,52,244163,98689,129584,NA,12540,0.4041931005107244,NA,NA,NA,888988,CBSA,12540
NA,"Baltimore-Columbia-Towson, MD",NA,159,1314401,733718,497637,NA,12580,0.5582147305122257,NA,NA,NA,2798587,CBSA,12580
NA,"Bangor, ME",NA,26,80540,32838,41622,NA,12620,0.40772287062329277,NA,NA,NA,151190,CBSA,12620
NA,"Baraboo, WI",NA,1,31318,14692,14791,NA,12660,0.469123187943036,NA,NA,NA,63918,CBSA,12660
NA,"Barnstable Town, MA",NA,28,133862,72430,54099,NA,12700,0.541079619309438,NA,NA,NA,213482,CBSA,12700
NA,"Barre, VT",NA,68,31086,18594,7993,NA,12740,0.5981470758540822,NA,NA,NA,58283,CBSA,12740
NA,"Bartlesville, OK",NA,1,22224,5048,15825,NA,12780,0.22714182865370772,NA,NA,NA,52016,CBSA,12780
NA,"Bastrop, LA",NA,1,11852,5155,6502,NA,12820,0.43494768815389806,NA,NA,NA,25687,CBSA,12820
NA,"Batavia, NY",NA,1,26432,7650,16915,NA,12860,0.2894219128329298,NA,NA,NA,57816,CBSA,12860
NA,"Baton Rouge, LA",NA,29,371220,154561,202119,NA,12940,0.4163595711437961,NA,NA,NA,831182,CBSA,12940
NA,"Battle Creek, MI",NA,19,58902,24157,31494,NA,12980,0.4101218973888832,NA,NA,NA,134358,CBSA,12980
NA,"Bay City, MI",NA,10,52977,21642,28328,NA,13020,0.4085169035619231,NA,NA,NA,104189,CBSA,13020
NA,"Beaumont-Port Arthur, TX",NA,4,147932,52114,92269,NA,13140,0.3522834815996539,NA,NA,NA,412616,CBSA,13140
NA,"Beaver Dam, WI",NA,1,43065,13968,26643,NA,13180,0.3243469174503657,NA,NA,NA,87750,CBSA,13180
NA,"Beckley, WV",NA,13,44955,10733,32405,NA,13220,0.2387498609720832,NA,NA,NA,118639,CBSA,13220
NA,"Bedford, IN",NA,1,19152,4210,14035,NA,13260,0.2198203842940685,NA,NA,NA,45625,CBSA,13260
NA,"Beeville, TX",NA,1,8485,3444,4744,NA,13300,0.40589275191514435,NA,NA,NA,32599,CBSA,13300
NA,"Bellingham, WA",NA,21,109673,60340,40599,NA,13380,0.5501809925870542,NA,NA,NA,221650,CBSA,13380
NA,"Bemidji, MN",NA,18,21564,8688,10783,NA,13420,0.4028937117417919,NA,NA,NA,46484,CBSA,13420
NA,"Bend-Redmond, OR",NA,22,98557,42444,45692,NA,13460,0.4306543421573303,NA,NA,NA,186807,CBSA,13460
NA,"Bennington, VT",NA,13,17381,9539,5925,NA,13540,0.5488176744721247,NA,NA,NA,35713,CBSA,13540
NA,"Berlin, NH-VT",NA,2,18552,7582,9458,NA,13620,0.4086890901250539,NA,NA,NA,37797,CBSA,13620
NA,"Big Rapids, MI",NA,2,17168,5827,10305,NA,13660,0.33941053122087605,NA,NA,NA,43358,CBSA,13660
NA,"Big Stone Gap, VA",NA,4,23063,4419,18039,NA,13720,0.1916056020465681,NA,NA,NA,57224,CBSA,13720
NA,"Billings, MT",NA,25,75573,24070,45033,NA,13740,0.31849999338388046,NA,NA,NA,170740,CBSA,13740
NA,"Binghamton, NY",NA,8,108371,46738,54203,NA,13780,0.43127774035489197,NA,NA,NA,241609,CBSA,13780
NA,"Birmingham-Hoover, AL",NA,29,526093,196877,308383,NA,13820,0.37422470931945495,NA,NA,NA,1149685,CBSA,13820
NA,"Bismarck, ND",NA,13,66060,14838,44958,NA,13900,0.22461398728428703,NA,NA,NA,132418,CBSA,13900
NA,"Blacksburg-Christiansburg-Radford, VA",NA,27,80546,31368,43622,NA,13980,0.3894420579544608,NA,NA,NA,182692,CBSA,13980
NA,"Bloomington, IL",NA,19,87378,38106,42314,NA,14010,0.4361051981047861,NA,NA,NA,188754,CBSA,14010
NA,"Bloomington, IN",NA,39,67011,36162,26745,NA,14020,0.5396427452209339,NA,NA,NA,167513,CBSA,14020
NA,"Bloomsburg-Berwick, PA",NA,7,36784,11791,23292,NA,14100,0.3205469769464985,NA,NA,NA,83924,CBSA,14100
NA,"Bluefield, WV-VA",NA,4,41548,7599,32572,NA,14140,0.18289689034369885,NA,NA,NA,100947,CBSA,14140
NA,"Boise City, ID",NA,67,284147,95157,152679,NA,14260,0.33488652000549013,NA,NA,NA,710080,CBSA,14260
NA,"Boone, NC",NA,11,29985,14138,13697,NA,14380,0.4715024178756045,NA,NA,NA,55088,CBSA,14380
NA,"Boston-Cambridge-Newton, MA-NH",NA,443,2351502,1460641,761141,NA,14460,0.6211523528366125,NA,NA,NA,4844597,CBSA,14460
NA,"Boulder, CO",NA,75,188142,132334,41396,NA,14500,0.7033729842353116,NA,NA,NA,324073,CBSA,14500
NA,"Bowling Green, KY",NA,22,67370,20241,43702,NA,14540,0.3004453020632329,NA,NA,NA,174962,CBSA,14540
NA,"Bozeman, MT",NA,30,53819,24246,23802,NA,14580,0.45051004292164476,NA,NA,NA,108656,CBSA,14580
NA,"Bradford, PA",NA,1,16296,4025,11635,NA,14620,0.24699312714776633,NA,NA,NA,41329,CBSA,14620
NA,"Brainerd, MN",NA,9,51841,15931,32269,NA,14660,0.3073050288381783,NA,NA,NA,93651,CBSA,14660
NA,"Branson, MO",NA,1,40082,7260,31434,NA,14700,0.18112868619330372,NA,NA,NA,86783,CBSA,14700
NA,"Breckenridge, CO",NA,1,16174,9557,5100,NA,14720,0.5908866081365154,NA,NA,NA,31004,CBSA,14720
NA,"Bremerton-Silverdale, WA",NA,28,124317,63156,49018,NA,14740,0.5080238422741862,NA,NA,NA,266550,CBSA,14740
NA,"Brenham, TX",NA,3,14828,3382,10945,NA,14780,0.22808200701375775,NA,NA,NA,34897,CBSA,14780
NA,"Brevard, NC",NA,6,17869,6558,10520,NA,14820,0.3670043091387319,NA,NA,NA,33825,CBSA,14820
NA,"Bridgeport-Stamford-Norwalk, CT",NA,127,421209,243852,160077,NA,14860,0.5789334985719679,NA,NA,NA,943457,CBSA,14860
NA,"Brookings, OR",NA,9,12611,4300,7212,NA,15060,0.34097216715565776,NA,NA,NA,22676,CBSA,15060
NA,"Brookings, SD",NA,1,12680,4879,6748,NA,15100,0.38477917981072557,NA,NA,NA,34668,CBSA,15100
NA,"Brownsville, TN",NA,1,6834,3711,3013,NA,15140,0.5430201931518877,NA,NA,NA,17596,CBSA,15140
NA,"Brownsville-Harlingen, TX",NA,21,92079,59402,29472,NA,15180,0.6451199513461267,NA,NA,NA,423181,CBSA,15180
NA,"Brownwood, TX",NA,1,14026,1621,12017,NA,15220,0.11557108227577356,NA,NA,NA,37870,CBSA,15220
NA,"Brunswick, GA",NA,4,46467,14697,30566,NA,15260,0.31628897927561495,NA,NA,NA,117728,CBSA,15260
NA,"Buffalo-Cheektowaga-Niagara Falls, NY",NA,98,516027,251015,240264,NA,15380,0.48643772515779216,NA,NA,NA,1129660,CBSA,15380
NA,"Burley, ID",NA,2,15049,2203,10836,NA,15420,0.1463884643497907,NA,NA,NA,44493,CBSA,15420
NA,"Burlington, IA-IL",NA,2,22621,9367,11684,NA,15460,0.4140842579903629,NA,NA,NA,46139,CBSA,15460
NA,"Burlington, NC",NA,16,71157,29833,38815,NA,15500,0.4192560113551724,NA,NA,NA,163529,CBSA,15500
NA,"Burlington-South Burlington, VT",NA,73,108939,66259,28840,NA,15540,0.6082211145687035,NA,NA,NA,218881,CBSA,15540
NA,"Butte-Silver Bow, MT",NA,11,16452,8619,6376,NA,15580,0.5238876732312181,NA,NA,NA,34915,CBSA,15580
NA,"Cadillac, MI",NA,1,22615,6001,15386,NA,15620,0.26535485297369005,NA,NA,NA,48287,CBSA,15620
NA,"Cambridge, MD",NA,1,15225,6245,8413,NA,15700,0.4101806239737274,NA,NA,NA,32145,CBSA,15700
NA,"Cañon City, CO",NA,3,21973,5297,15122,NA,15860,0.2410685841714832,NA,NA,NA,47607,CBSA,15860
NA,"Canton-Massillon, OH",NA,5,188313,71300,107642,NA,15940,0.37862494888828707,NA,NA,NA,399418,CBSA,15940
NA,"Cape Coral-Fort Myers, FL",NA,36,326420,124908,191551,NA,15980,0.3826603762024386,NA,NA,NA,739506,CBSA,15980
NA,"Cape Girardeau, MO-IL",NA,10,45560,10459,33340,NA,16020,0.22956540825285338,NA,NA,NA,96873,CBSA,16020
NA,"Carbondale-Marion, IL",NA,13,56469,20215,32413,NA,16060,0.3579840266340824,NA,NA,NA,125065,CBSA,16060
NA,"Carlsbad-Artesia, NM",NA,4,19667,5033,13147,NA,16100,0.25591091676412264,NA,NA,NA,57205,CBSA,16100
NA,"Carson City, NV",NA,12,25016,9610,13125,NA,16180,0.3841541413495363,NA,NA,NA,54608,CBSA,16180
NA,"Casper, WY",NA,6,33348,6577,23552,NA,16220,0.19722322178241575,NA,NA,NA,79556,CBSA,16220
NA,"Cedar City, UT",NA,3,17654,2450,11561,NA,16260,0.1387787470261697,NA,NA,NA,50822,CBSA,16260
NA,"Cedar Rapids, IA",NA,24,141075,67400,62342,NA,16300,0.4777600567074251,NA,NA,NA,270594,CBSA,16300
NA,"Centralia, WA",NA,1,34149,9654,21992,NA,16500,0.28270227532284986,NA,NA,NA,78230,CBSA,16500
NA,"Chambersburg-Waynesboro, PA",NA,2,69731,17465,49768,NA,16540,0.2504624915747659,NA,NA,NA,154487,CBSA,16540
NA,"Champaign-Urbana, IL",NA,21,107032,54196,43482,NA,16580,0.5063532401524777,NA,NA,NA,239877,CBSA,16580
NA,"Charleston, WV",NA,57,87345,30621,52654,NA,16620,0.3505753048256912,NA,NA,NA,214398,CBSA,16620
NA,"Charleston-Mattoon, IL",NA,3,27430,8340,17209,NA,16660,0.3040466642362377,NA,NA,NA,62212,CBSA,16660
NA,"Charleston-North Charleston, SC",NA,66,318429,144059,155017,NA,16700,0.4524054027742448,NA,NA,NA,775089,CBSA,16700
NA,"Charlotte-Concord-Gastonia, NC-SC",NA,96,1122733,511612,561950,NA,16740,0.4556844770751372,NA,NA,NA,2524863,CBSA,16740
NA,"Charlottesville, VA",NA,68,118016,66747,43293,NA,16820,0.565575854121475,NA,NA,NA,233586,CBSA,16820
NA,"Chattanooga, TN-GA",NA,20,215919,69152,135747,NA,16860,0.3202682487414262,NA,NA,NA,556081,CBSA,16860
NA,"Cheyenne, WY",NA,23,40969,11573,24847,NA,16940,0.28248187654079915,NA,NA,NA,98460,CBSA,16940
NA,"Chicago-Naperville-Elgin, IL-IN-WI",NA,420,4027800,2572588,1237982,NA,16980,0.6387079795421818,NA,NA,NA,9520784,CBSA,16980
NA,"Chico, CA",NA,23,95564,41567,45144,NA,17020,0.4349650496002679,NA,NA,NA,229207,CBSA,17020
NA,"Chillicothe, OH",NA,10,30380,10356,18652,NA,17060,0.34088215931533905,NA,NA,NA,77320,CBSA,17060
NA,"Cincinnati, OH-KY-IN",NA,75,1043699,403869,587167,NA,17140,0.38695926699172845,NA,NA,NA,2179858,CBSA,17140
NA,"Claremont-Lebanon, NH-VT",NA,34,118451,63817,43418,NA,17200,0.5387628639690674,NA,NA,NA,217272,CBSA,17200
NA,"Clarksburg, WV",NA,1,37338,9547,25841,NA,17220,0.2556912528791044,NA,NA,NA,93362,CBSA,17220
NA,"Clarksdale, MS",NA,1,8912,6378,2426,NA,17260,0.7156642728904847,NA,NA,NA,23185,CBSA,17260
NA,"Clarksville, TN-KY",NA,12,86454,30474,51380,NA,17300,0.3524880283156361,NA,NA,NA,285691,CBSA,17300
NA,"Clearlake, CA",NA,3,24496,11496,10599,NA,17340,0.46930111038536904,NA,NA,NA,64162,CBSA,17340
NA,"Cleveland, TN",NA,1,45186,8322,34865,NA,17420,0.18417208870003984,NA,NA,NA,122082,CBSA,17420
NA,"Cleveland-Elyria, OH",NA,105,1001944,561368,400321,NA,17460,0.5602788179778511,NA,NA,NA,2058549,CBSA,17460
NA,"Clinton, IA",NA,1,23067,10095,11276,NA,17540,0.4376381844193003,NA,NA,NA,46902,CBSA,17540
NA,"Clovis, NM",NA,4,13370,3121,9035,NA,17580,0.23343305908750936,NA,NA,NA,49842,CBSA,17580
NA,"Coeur d'Alene, ID",NA,7,66310,16264,44449,NA,17660,0.24527220630372493,NA,NA,NA,157485,CBSA,17660
NA,"Coldwater, MI",NA,1,17663,5061,11786,NA,17740,0.28653116684594915,NA,NA,NA,43423,CBSA,17740
NA,"College Station-Bryan, TX",NA,20,81206,26815,48722,NA,17780,0.3302095904243529,NA,NA,NA,258825,CBSA,17780
NA,"Colorado Springs, CO",NA,74,333411,111613,188973,NA,17820,0.33476100068683995,NA,NA,NA,725438,CBSA,17820
NA,"Columbia, MO",NA,45,83868,41125,36200,NA,17860,0.4903538894453188,NA,NA,NA,178523,CBSA,17860
NA,"Columbia, SC",NA,54,347190,166891,163377,NA,17900,0.4806906880958553,NA,NA,NA,825110,CBSA,17900
NA,"Columbus, GA-AL",NA,9,109370,55323,50794,NA,17980,0.5058334095272927,NA,NA,NA,303436,CBSA,17980
NA,"Columbus, IN",NA,10,32490,9841,20640,NA,18020,0.30289319790704833,NA,NA,NA,82429,CBSA,18020
NA,"Columbus, OH",NA,99,954519,475027,429930,NA,18140,0.49766112565595866,NA,NA,NA,2082475,CBSA,18140
NA,"Concord, NH",NA,50,83648,40198,37674,NA,18180,0.4805614001530222,NA,NA,NA,150169,CBSA,18180
NA,"Cookeville, TN",NA,4,39907,9925,28297,NA,18260,0.2487032350214248,NA,NA,NA,111033,CBSA,18260
NA,"Coos Bay, OR",NA,19,31313,10448,17865,NA,18300,0.3336633347172101,NA,NA,NA,63781,CBSA,18300
NA,"Corinth, MS",NA,1,14783,2684,11819,NA,18420,0.18155989988500304,NA,NA,NA,37203,CBSA,18420
NA,"Corning, NY",NA,2,42002,12526,26831,NA,18500,0.29822389410028094,NA,NA,NA,96249,CBSA,18500
NA,"Corpus Christi, TX",NA,26,136573,59534,71536,NA,18580,0.4359133943019484,NA,NA,NA,453684,CBSA,18580
NA,"Cortland, NY",NA,1,20244,8771,9900,NA,18660,0.43326417704011067,NA,NA,NA,47836,CBSA,18660
NA,"Corvallis, OR",NA,29,48753,29193,13445,NA,18700,0.5987939203741308,NA,NA,NA,91567,CBSA,18700
NA,"Crawfordsville, IN",NA,3,15156,3362,11059,NA,18820,0.22182633940353655,NA,NA,NA,38397,CBSA,18820
NA,"Crescent City, CA",NA,2,9558,3485,5134,NA,18860,0.36461602845783636,NA,NA,NA,27428,CBSA,18860
NA,"Crestview-Fort Walton Beach-Destin, FL",NA,5,134492,30656,97649,NA,18880,0.2279392082800464,NA,NA,NA,271959,CBSA,18880
NA,"Crossville, TN",NA,2,26360,5202,20413,NA,18900,0.19734446130500757,NA,NA,NA,59005,CBSA,18900
NA,"Cullowhee, NC",NA,3,18713,7713,9870,NA,19000,0.41217335542136485,NA,NA,NA,43192,CBSA,19000
NA,"Cumberland, MD-WV",NA,5,42218,9925,30340,NA,19060,0.23508929840352455,NA,NA,NA,98566,CBSA,19060
NA,"Dallas-Fort Worth-Arlington, TX",NA,175,2433349,1070861,1243485,NA,19100,0.44007702964104206,NA,NA,NA,7407944,CBSA,19100
NA,"Dalton, GA",NA,4,43116,9737,31878,NA,19140,0.22583263753594954,NA,NA,NA,143872,CBSA,19140
NA,"Danville, IL",NA,4,30570,10039,19087,NA,19180,0.32839385017991496,NA,NA,NA,77776,CBSA,19180
NA,"Danville, KY",NA,4,22507,6146,15378,NA,19220,0.2730706002576976,NA,NA,NA,54456,CBSA,19220
NA,"Danville, VA",NA,10,50550,20258,28857,NA,19260,0.4007517309594461,NA,NA,NA,102363,CBSA,19260
NA,"Daphne-Fairhope-Foley, AL",NA,1,95215,18458,72883,NA,19300,0.193856010082445,NA,NA,NA,212619,CBSA,19300
NA,"Davenport-Moline-Rock Island, IA-IL",NA,36,183382,84680,84939,NA,19340,0.4617683305886074,NA,NA,NA,381854,CBSA,19340
NA,"Dayton, OH",NA,75,392893,164079,209528,NA,19380,0.4176175192736954,NA,NA,NA,803713,CBSA,19380
NA,"Decatur, AL",NA,1,65473,14881,48319,NA,19460,0.2272845295007102,NA,NA,NA,151888,CBSA,19460
NA,"Decatur, IL",NA,12,48060,18343,26866,NA,19500,0.38166874739908446,NA,NA,NA,105533,CBSA,19500
NA,"Decatur, IN",NA,1,13090,2805,9648,NA,19540,0.21428571428571427,NA,NA,NA,35422,CBSA,19540
NA,"Del Rio, TX",NA,3,13617,6964,5890,NA,19620,0.5114195490930454,NA,NA,NA,49096,CBSA,19620
NA,"Deltona-Daytona Beach-Ormond Beach, FL",NA,31,318372,131117,176857,NA,19660,0.41183583983516137,NA,NA,NA,648117,CBSA,19660
NA,"Deming, NM",NA,7,7295,3195,3478,NA,19700,0.43797121315969845,NA,NA,NA,24148,CBSA,19700
NA,"Denver-Aurora-Lakewood, CO",NA,184,1418470,761076,536923,NA,19740,0.5365471247188872,NA,NA,NA,2892979,CBSA,19740
NA,"DeRidder, LA",NA,1,15078,2393,12238,NA,19760,0.15870805146571162,NA,NA,NA,36847,CBSA,19760
NA,"Des Moines-West Des Moines, IA",NA,66,311493,150326,136633,NA,19780,0.4825983248419708,NA,NA,NA,645100,CBSA,19780
NA,"Detroit-Warren-Dearborn, MI",NA,271,2090816,1110502,887629,NA,19820,0.5311332991521014,NA,NA,NA,4321704,CBSA,19820
NA,"Dodge City, KS",NA,4,7718,2149,5114,NA,19980,0.27844001036537963,NA,NA,NA,34288,CBSA,19980
NA,"Dothan, AL",NA,5,62469,14481,46354,NA,20020,0.23181097824520963,NA,NA,NA,147923,CBSA,20020
NA,"Dover, DE",NA,16,74598,33351,36991,NA,20100,0.4470763291241052,NA,NA,NA,176445,CBSA,20100
NA,"DuBois, PA",NA,1,34271,8200,24932,NA,20180,0.23926935309737096,NA,NA,NA,79775,CBSA,20180
NA,"Dubuque, IA",NA,25,49721,22850,23460,NA,20220,0.4595643691800245,NA,NA,NA,97009,CBSA,20220
NA,"Duluth, MN-WI",NA,41,153144,77576,62449,NA,20260,0.5065559212244685,NA,NA,NA,278659,CBSA,20260
NA,"Duncan, OK",NA,1,17904,3086,14182,NA,20340,0.17236371760500446,NA,NA,NA,43411,CBSA,20340
NA,"Durango, CO",NA,22,31150,15525,12587,NA,20420,0.4983948635634029,NA,NA,NA,55541,CBSA,20420
NA,"Durant, OK",NA,1,13818,2804,10478,NA,20460,0.20292372268056158,NA,NA,NA,46460,CBSA,20460
NA,"Durham-Chapel Hill, NC",NA,126,297938,210071,75197,NA,20500,0.7050829367183776,NA,NA,NA,566491,CBSA,20500
NA,"Dyersburg, TN",NA,1,13336,2816,10180,NA,20540,0.21115776844631073,NA,NA,NA,37403,CBSA,20540
NA,"Eagle Pass, TX",NA,1,13588,10397,2816,NA,20580,0.7651604356785399,NA,NA,NA,58227,CBSA,20580
NA,"East Stroudsburg, PA",NA,8,69752,33918,33386,NA,20700,0.4862656267920633,NA,NA,NA,168089,CBSA,20700
NA,"Eau Claire, WI",NA,18,86446,39180,41220,NA,20740,0.4532309187238276,NA,NA,NA,167436,CBSA,20740
NA,"Edwards, CO",NA,8,25223,14099,8990,NA,20780,0.5589739523450818,NA,NA,NA,54992,CBSA,20780
NA,"Effingham, IL",NA,3,17609,3083,13635,NA,20820,0.1750809245272304,NA,NA,NA,34147,CBSA,20820
NA,"El Centro, CA",NA,15,48091,32667,12704,NA,20940,0.6792747083653906,NA,NA,NA,181574,CBSA,20940
NA,"Elizabeth City, NC",NA,1,29105,12208,15903,NA,21020,0.4194468304415049,NA,NA,NA,63497,CBSA,21020
NA,"Elizabethtown-Fort Knox, KY",NA,4,61754,18248,40430,NA,21060,0.29549502866211097,NA,NA,NA,150531,CBSA,21060
NA,"Elkhart-Goshen, IN",NA,26,65630,20740,41867,NA,21140,0.3160140179795825,NA,NA,NA,204310,CBSA,21140
NA,"Elkins, WV",NA,1,10876,2735,7629,NA,21180,0.25147112909157776,NA,NA,NA,28894,CBSA,21180
NA,"Elko, NV",NA,2,19413,3475,14274,NA,21220,0.17900376036676455,NA,NA,NA,54321,CBSA,21220
NA,"Ellensburg, WA",NA,15,18955,7489,10100,NA,21260,0.39509364283830123,NA,NA,NA,46157,CBSA,21260
NA,"Elmira, NY",NA,1,36119,13757,20097,NA,21300,0.38087986932085605,NA,NA,NA,84874,CBSA,21300
NA,"El Paso, TX",NA,80,214879,148167,56015,NA,21340,0.6895369021635432,NA,NA,NA,845145,CBSA,21340
NA,"Emporia, KS",NA,1,12288,4649,6552,NA,21380,0.3783365885416667,NA,NA,NA,33344,CBSA,21380
NA,"Erie, PA",NA,30,123679,58112,60069,NA,21500,0.46986149629282253,NA,NA,NA,273892,CBSA,21500
NA,"Escanaba, MI",NA,1,18492,6436,11121,NA,21540,0.3480423967120917,NA,NA,NA,35896,CBSA,21540
NA,"Eugene, OR",NA,89,191950,102753,67141,NA,21660,0.5353112789789007,NA,NA,NA,375617,CBSA,21660
NA,"Eureka-Arcata-Fortuna, CA",NA,5,59246,33200,18373,NA,21700,0.5603753839921682,NA,NA,NA,136527,CBSA,21700
NA,"Evansville, IN-KY",NA,18,134273,47844,80172,NA,21780,0.35631884295427974,NA,NA,NA,314960,CBSA,21780
NA,"Fairbanks, AK",NA,31,NA,NA,NA,NA,21820,NA,NA,NA,NA,99725,CBSA,21820
NA,"Fairfield, IA",NA,1,8156,3710,3748,NA,21840,0.4548798430603237,NA,NA,NA,18233,CBSA,21840
NA,"Fairmont, WV",NA,8,23029,6964,14668,NA,21900,0.30240132007468845,NA,NA,NA,56369,CBSA,21900
NA,"Fargo, ND-MN",NA,44,110219,44332,53359,NA,22020,0.4022174035329662,NA,NA,NA,241619,CBSA,22020
NA,"Faribault-Northfield, MN",NA,8,32443,14437,15429,NA,22060,0.4449958388558395,NA,NA,NA,66173,CBSA,22060
NA,"Farmington, NM",NA,10,46110,12865,27946,NA,22140,0.27900672305356755,NA,NA,NA,126902,CBSA,22140
NA,"Fayetteville, NC",NA,9,145736,81331,59025,NA,22180,0.5580707580831091,NA,NA,NA,385380,CBSA,22180
NA,"Fayetteville-Springdale-Rogers, AR-MO",NA,13,193768,64288,113874,NA,22220,0.33177820899219684,NA,NA,NA,538412,CBSA,22220
NA,"Flagstaff, AZ",NA,16,59784,32404,21108,NA,22380,0.5420179312190553,NA,NA,NA,141107,CBSA,22380
NA,"Flint, MI",NA,23,196296,102751,84175,NA,22420,0.5234492806781595,NA,NA,NA,407673,CBSA,22420
NA,"Florence, SC",NA,2,87605,40598,44562,NA,22500,0.4634210376120084,NA,NA,NA,205546,CBSA,22500
NA,"Florence-Muscle Shoals, AL",NA,7,64440,17264,44645,NA,22520,0.26790813159528243,NA,NA,NA,147100,CBSA,22520
NA,"Forest City, NC",NA,1,30307,7512,21871,NA,22580,0.24786352987758603,NA,NA,NA,66568,CBSA,22580
NA,"Forrest City, AR",NA,1,7430,4031,3195,NA,22620,0.5425302826379542,NA,NA,NA,25938,CBSA,22620
NA,"Fort Collins, CO",NA,39,195980,93113,83430,NA,22660,0.475114807633432,NA,NA,NA,343993,CBSA,22660
NA,"Fort Dodge, IA",NA,2,17430,6305,10056,NA,22700,0.361732644865175,NA,NA,NA,36643,CBSA,22700
NA,"Fort Madison-Keokuk, IA-IL-MO",NA,2,28487,9078,17691,NA,22800,0.31867167479903113,NA,NA,NA,58943,CBSA,22800
NA,"Fort Morgan, CO",NA,4,11960,3151,8145,NA,22820,0.26346153846153847,NA,NA,NA,28228,CBSA,22820
NA,"Fort Payne, AL",NA,1,25826,3622,21405,NA,22840,0.1402462634554325,NA,NA,NA,71404,CBSA,22840
NA,"Fort Smith, AR-OK",NA,5,98745,23099,70063,NA,22900,0.23392576839333637,NA,NA,NA,281990,CBSA,22900
NA,"Fort Wayne, IN",NA,37,175945,61347,105293,NA,23060,0.34867145983119724,NA,NA,NA,434001,CBSA,23060
NA,"Frankfort, KY",NA,61,35287,13351,20061,NA,23180,0.37835463485136167,NA,NA,NA,73022,CBSA,23180
NA,"Fremont, NE",NA,2,15529,4544,9933,NA,23340,0.2926138193058149,NA,NA,NA,36794,CBSA,23340
NA,"Fremont, OH",NA,2,28044,9929,16316,NA,23380,0.3540507773498788,NA,NA,NA,59112,CBSA,23380
NA,"Fresno, CA",NA,40,282319,141341,124049,NA,23420,0.500642889780709,NA,NA,NA,986542,CBSA,23420
NA,"Gadsden, AL",NA,2,44164,10442,32353,NA,23460,0.2364369169459288,NA,NA,NA,102937,CBSA,23460
NA,"Gainesville, FL",NA,54,136991,77278,53574,NA,23540,0.5641100510252498,NA,NA,NA,284685,CBSA,23540
NA,"Galesburg, IL",NA,5,22243,10083,10737,NA,23660,0.4533111540709437,NA,NA,NA,50628,CBSA,23660
NA,"Gardnerville Ranchos, NV",NA,4,27885,8454,17415,NA,23820,0.3031737493275955,NA,NA,NA,48018,CBSA,23820
NA,"Gettysburg, PA",NA,8,47489,14219,31423,NA,23900,0.29941670702689044,NA,NA,NA,102367,CBSA,23900
NA,"Gillette, WY",NA,1,18199,1324,15778,NA,23940,0.07275125006868509,NA,NA,NA,46251,CBSA,23940
NA,"Glasgow, KY",NA,4,23108,5251,16974,NA,23980,0.22723732040851652,NA,NA,NA,53894,CBSA,23980
NA,"Glens Falls, NY",NA,33,55936,22189,29361,NA,24020,0.3966854977116705,NA,NA,NA,125917,CBSA,24020
NA,"Glenwood Springs, CO",NA,17,36993,18604,15682,NA,24060,0.5029059551807099,NA,NA,NA,77065,CBSA,24060
NA,"Gloversville, NY",NA,2,21214,6496,13462,NA,24100,0.3062128782879231,NA,NA,NA,53777,CBSA,24100
NA,"Goldsboro, NC",NA,8,50689,21770,27540,NA,24140,0.42948174160074176,NA,NA,NA,123257,CBSA,24140
NA,"Grand Forks, ND-MN",NA,13,45161,15563,25319,NA,24220,0.34461150107393546,NA,NA,NA,102277,CBSA,24220
NA,"Grand Island, NE",NA,8,33846,8306,23401,NA,24260,0.24540566093482244,NA,NA,NA,84862,CBSA,24260
NA,"Grand Junction, CO",NA,19,77653,21729,49779,NA,24300,0.2798217712129602,NA,NA,NA,151406,CBSA,24300
NA,"Grand Rapids, MN",NA,5,23880,9015,12920,NA,24330,0.37751256281407036,NA,NA,NA,45161,CBSA,24330
NA,"Grand Rapids-Wyoming, MI",NA,68,507856,200644,272756,NA,24340,0.3950804952584985,NA,NA,NA,1060326,CBSA,24340
NA,"Grants Pass, OR",NA,3,44560,13453,26923,NA,24420,0.3019075403949731,NA,NA,NA,86653,CBSA,24420
NA,"Great Falls, MT",NA,14,34571,12175,19632,NA,24500,0.3521737872783547,NA,NA,NA,81604,CBSA,24500
NA,"Greeley, CO",NA,5,135428,46519,76651,NA,24540,0.3434961750893464,NA,NA,NA,305274,CBSA,24540
NA,"Green Bay, WI",NA,23,159715,62871,87068,NA,24580,0.3936449300316188,NA,NA,NA,319786,CBSA,24580
NA,"Greeneville, TN",NA,3,23583,4216,18562,NA,24620,0.17877284484586353,NA,NA,NA,68759,CBSA,24620
NA,"Greenfield Town, MA",NA,36,38177,24478,10364,NA,24640,0.6411713859129843,NA,NA,NA,70787,CBSA,24640
NA,"Greensboro-High Point, NC",NA,43,364258,176670,174322,NA,24660,0.4850133696445926,NA,NA,NA,763486,CBSA,24660
NA,"Greensburg, IN",NA,1,11127,2121,8490,NA,24700,0.1906174170935562,NA,NA,NA,26652,CBSA,24700
NA,"Greenville, NC",NA,13,80527,41824,35691,NA,24780,0.5193785935152185,NA,NA,NA,178617,CBSA,24780
NA,"Greenville-Anderson-Mauldin, SC",NA,47,371263,114823,237116,NA,24860,0.30927671219593655,NA,NA,NA,895422,CBSA,24860
NA,"Greenwood, SC",NA,1,39538,14452,23724,NA,24940,0.36552177651879203,NA,NA,NA,95147,CBSA,24940
NA,"Gulfport-Biloxi-Pascagoula, MS",NA,15,130517,39170,87794,NA,25060,0.3001141613736142,NA,NA,NA,394322,CBSA,25060
NA,"Hagerstown-Martinsburg, MD-WV",NA,22,108841,33450,69242,NA,25180,0.3073290396082359,NA,NA,NA,265295,CBSA,25180
NA,"Hailey, ID",NA,3,13062,6886,4934,NA,25200,0.527178073801868,NA,NA,NA,28712,CBSA,25200
NA,"Hammond, LA",NA,1,52416,16878,33959,NA,25220,0.3220009157509158,NA,NA,NA,132322,CBSA,25220
NA,"Hanford-Corcoran, CA",NA,1,33915,13617,18093,NA,25260,0.40150375939849625,NA,NA,NA,149696,CBSA,25260
NA,"Harrisburg-Carlisle, PA",NA,99,273647,116423,145555,NA,25420,0.42544957554806007,NA,NA,NA,571101,CBSA,25420
NA,"Harrison, AR",NA,1,19864,3625,15110,NA,25460,0.18249093838099073,NA,NA,NA,45323,CBSA,25460
NA,"Harrisonburg, VA",NA,8,55480,19578,32252,NA,25500,0.35288392213410236,NA,NA,NA,134220,CBSA,25500
NA,"Hartford-West Hartford-East Hartford, CT",NA,119,572912,324266,221234,NA,25540,0.5659961739324713,NA,NA,NA,1206719,CBSA,25540
NA,"Hastings, NE",NA,4,13513,3302,9287,NA,25580,0.2443572855768519,NA,NA,NA,31774,CBSA,25580
NA,"Hattiesburg, MS",NA,9,58088,18126,38347,NA,25620,0.31204379562043794,NA,NA,NA,148719,CBSA,25620
NA,"Hays, KS",NA,1,11947,2742,8466,NA,25700,0.22951368544404452,NA,NA,NA,28769,CBSA,25700
NA,"Helena, MT",NA,32,41192,16476,21072,NA,25740,0.39998057875315596,NA,NA,NA,79786,CBSA,25740
NA,"Henderson, NC",NA,3,19977,12229,7332,NA,25780,0.6121539770736347,NA,NA,NA,44312,CBSA,25780
NA,"Hermiston-Pendleton, OR",NA,15,31764,8690,19780,NA,25840,0.2735801536330437,NA,NA,NA,88311,CBSA,25840
NA,"Hickory-Lenoir-Morganton, NC",NA,5,165862,44659,115076,NA,25860,0.2692539581097539,NA,NA,NA,367004,CBSA,25860
NA,"Hillsdale, MI",NA,1,19940,4799,14095,NA,25880,0.24067201604814442,NA,NA,NA,45843,CBSA,25880
NA,"Hilo, HI",NA,22,64867,41259,17501,NA,25900,0.6360553131792746,NA,NA,NA,199503,CBSA,25900
NA,"Hilton Head Island-Bluffton-Beaufort, SC",NA,18,89951,38094,48109,NA,25940,0.4234972373847984,NA,NA,NA,214890,CBSA,25940
NA,"Holland, MI",NA,6,55786,18050,34183,NA,26090,0.3235578819058545,NA,NA,NA,116433,CBSA,26090
NA,"Hood River, OR",NA,7,10910,6510,3272,NA,26220,0.5967002749770852,NA,NA,NA,23476,CBSA,26220
NA,"Hot Springs, AR",NA,2,40805,12311,26087,NA,26300,0.3017032226442838,NA,NA,NA,98444,CBSA,26300
NA,"Houghton, MI",NA,16,17058,6545,9289,NA,26340,0.3836909368038457,NA,NA,NA,38499,CBSA,26340
NA,"Houma-Thibodaux, LA",NA,2,85541,19088,63861,NA,26380,0.2231444570439906,NA,NA,NA,209893,CBSA,26380
NA,"Houston-The Woodlands-Sugar Land, TX",NA,126,2093005,991171,1012507,NA,26420,0.47356360830480576,NA,NA,NA,6905695,CBSA,26420
NA,"Hudson, NY",NA,10,30902,15284,13756,NA,26460,0.49459581904083877,NA,NA,NA,60408,CBSA,26460
NA,"Huntington-Ashland, WV-KY-OH",NA,27,143564,39288,97923,NA,26580,0.27366192081580343,NA,NA,NA,355582,CBSA,26580
NA,"Huntsville, AL",NA,23,203683,72290,118587,NA,26620,0.3549142540123624,NA,NA,NA,455741,CBSA,26620
NA,"Huntsville, TX",NA,1,25781,7245,17621,NA,26660,0.28102090686939996,NA,NA,NA,87093,CBSA,26660
NA,"Hutchinson, KS",NA,2,24210,6837,15513,NA,26740,0.2824039653035936,NA,NA,NA,62688,CBSA,26740
NA,"Idaho Falls, ID",NA,17,56926,10066,36049,NA,26820,0.176826054878263,NA,NA,NA,145792,CBSA,26820
NA,"Indiana, PA",NA,1,37770,11528,24888,NA,26860,0.305215779719354,NA,NA,NA,84879,CBSA,26860
NA,"Indianapolis-Carmel-Anderson, IN",NA,112,852889,363921,440706,NA,26900,0.4266921017858127,NA,NA,NA,2026723,CBSA,26900
NA,"Ionia, MI",NA,1,26854,8352,16635,NA,26960,0.31101511879049676,NA,NA,NA,64229,CBSA,26960
NA,"Iowa City, IA",NA,58,87869,54143,27217,NA,26980,0.6161786295508086,NA,NA,NA,171470,CBSA,26980
NA,"Iron Mountain, MI-WI",NA,2,15822,4589,10477,NA,27020,0.2900391859436228,NA,NA,NA,29784,CBSA,27020
NA,"Ithaca, NY",NA,22,42678,28890,10371,NA,27060,0.6769295655841417,NA,NA,NA,102678,CBSA,27060
NA,"Jackson, MI",NA,8,69677,25795,39793,NA,27100,0.37020824662370655,NA,NA,NA,158690,CBSA,27100
NA,"Jackson, MS",NA,32,241722,118031,118812,NA,27140,0.4882923358237976,NA,NA,NA,581552,CBSA,27140
NA,"Jackson, TN",NA,8,50024,17994,30398,NA,27180,0.35970734047657127,NA,NA,NA,129186,CBSA,27180
NA,"Jackson, WY-ID",NA,23,17603,9473,6088,NA,27220,0.5381469067772539,NA,NA,NA,34696,CBSA,27220
NA,"Jacksonville, FL",NA,117,734933,289606,419879,NA,27260,0.3940576896125225,NA,NA,NA,1504841,CBSA,27260
NA,"Jacksonville, IL",NA,1,17408,5231,11042,NA,27300,0.3004940257352941,NA,NA,NA,39177,CBSA,27300
NA,"Jacksonville, NC",NA,1,57135,17514,37122,NA,27340,0.30653714885796796,NA,NA,NA,194838,CBSA,27340
NA,"Jamestown, ND",NA,1,10155,2498,6718,NA,27420,0.24598719842442146,NA,NA,NA,21160,CBSA,27420
NA,"Jamestown-Dunkirk-Fredonia, NY",NA,15,54234,19091,31594,NA,27460,0.35201165320647565,NA,NA,NA,128609,CBSA,27460
NA,"Janesville-Beloit, WI",NA,17,76068,39343,31488,NA,27500,0.5172082873218699,NA,NA,NA,162320,CBSA,27500
NA,"Jefferson City, MO",NA,24,70487,18137,48876,NA,27620,0.25730985855547833,NA,NA,NA,151298,CBSA,27620
NA,"Johnson City, TN",NA,22,78029,17739,56821,NA,27740,0.22733855361468172,NA,NA,NA,201844,CBSA,27740
NA,"Johnstown, PA",NA,4,63072,18867,42258,NA,27780,0.2991343226788432,NA,NA,NA,133054,CBSA,27780
NA,"Jonesboro, AR",NA,5,43295,12418,28394,NA,27860,0.2868229587712207,NA,NA,NA,131158,CBSA,27860
NA,"Joplin, MO",NA,12,74932,15562,55623,NA,27900,0.2076816313457535,NA,NA,NA,178330,CBSA,27900
NA,"Junction City, KS",NA,1,7504,2722,4274,NA,27920,0.3627398720682303,NA,NA,NA,33633,CBSA,27920
NA,"Juneau, AK",NA,34,NA,NA,NA,NA,27940,NA,NA,NA,NA,32061,CBSA,27940
NA,"Kahului-Wailuku-Lahaina, HI",NA,27,51945,33480,13446,NA,27980,0.6445278660121282,NA,NA,NA,166491,CBSA,27980
NA,"Kalamazoo-Portage, MI",NA,44,159573,80406,68924,NA,28020,0.5038822357165685,NA,NA,NA,338347,CBSA,28020
NA,"Kalispell, MT",NA,13,46571,13293,30240,NA,28060,0.2854351420411844,NA,NA,NA,100092,CBSA,28060
NA,"Kansas City, MO-KS",NA,78,821235,338549,426877,NA,28140,0.41224375483266057,NA,NA,NA,2127259,CBSA,28140
NA,"Kapaa, HI",NA,12,26335,16456,7574,NA,28180,0.6248718435542054,NA,NA,NA,71780,CBSA,28180
NA,"Kearney, NE",NA,5,24425,5313,17100,NA,28260,0.21752302968270215,NA,NA,NA,56015,CBSA,28260
NA,"Keene, NH",NA,14,41895,22064,16876,NA,28300,0.5266499582289056,NA,NA,NA,76185,CBSA,28300
NA,"Kennewick-Richland, WA",NA,37,103747,35246,60400,NA,28420,0.3397303054546156,NA,NA,NA,290570,CBSA,28420
NA,"Kerrville, TX",NA,2,23297,4681,17727,NA,28500,0.20092715800317637,NA,NA,NA,51850,CBSA,28500
NA,"Ketchikan, AK",NA,6,NA,NA,NA,NA,28540,NA,NA,NA,NA,13882,CBSA,28540
NA,"Key West, FL",NA,6,42478,18971,21904,NA,28580,0.4466076557276708,NA,NA,NA,76636,CBSA,28580
NA,"Kill Devil Hills, NC",NA,2,21348,7942,12435,NA,28620,0.3720254824807945,NA,NA,NA,40298,CBSA,28620
NA,"Killeen-Temple, TX",NA,17,121452,44348,70608,NA,28660,0.3651483713730527,NA,NA,NA,443653,CBSA,28660
NA,"Kingsport-Bristol-Bristol, TN-VA",NA,20,126031,25054,96086,NA,28700,0.19879236060969127,NA,NA,NA,306253,CBSA,28700
NA,"Kingston, NY",NA,38,81355,42101,34006,NA,28740,0.5174973879909041,NA,NA,NA,178723,CBSA,28740
NA,"Kingsville, TX",NA,2,9698,4815,4451,NA,28780,0.49649412249948444,NA,NA,NA,31574,CBSA,28780
NA,"Klamath Falls, OR",NA,11,30507,7210,20435,NA,28900,0.23633920083915166,NA,NA,NA,66789,CBSA,28900
NA,"Knoxville, TN",NA,53,341338,99215,222902,NA,28940,0.29066497137734443,NA,NA,NA,875797,CBSA,28940
NA,"Kokomo, IN",NA,7,36843,11215,23675,NA,29020,0.3043997502917786,NA,NA,NA,82311,CBSA,29020
NA,"Laconia, NH",NA,2,35045,13517,19315,NA,29060,0.3857040947353403,NA,NA,NA,60845,CBSA,29060
NA,"La Crosse-Onalaska, WI-MN",NA,9,73572,36551,32005,NA,29100,0.49680585005165007,NA,NA,NA,136778,CBSA,29100
NA,"Lafayette, LA",NA,12,216828,62185,147196,NA,29180,0.28679414097810246,NA,NA,NA,490107,CBSA,29180
NA,"Lafayette-West Lafayette, IN",NA,17,74824,30034,39620,NA,29200,0.4013952742435582,NA,NA,NA,220337,CBSA,29200
NA,"La Grande, OR",NA,3,12968,3249,8431,NA,29260,0.25053979025293027,NA,NA,NA,26286,CBSA,29260
NA,"LaGrange, GA",NA,5,26111,9713,15750,NA,29300,0.37198881697368924,NA,NA,NA,70038,CBSA,29300
NA,"Lake Charles, LA",NA,6,87477,26619,57447,NA,29340,0.30429712953119104,NA,NA,NA,209256,CBSA,29340
NA,"Lake City, FL",NA,1,28707,7601,20368,NA,29380,0.26477862542237085,NA,NA,NA,69825,CBSA,29380
NA,"Lake Havasu City-Kingman, AZ",NA,11,79943,17455,58282,NA,29420,0.21834306943697385,NA,NA,NA,207114,CBSA,29420
NA,"Lakeland-Winter Haven, FL",NA,15,284314,117433,157430,NA,29460,0.41303980809949564,NA,NA,NA,685830,CBSA,29460
NA,"Lancaster, PA",NA,32,241112,91093,137914,NA,29540,0.3778036762998109,NA,NA,NA,541054,CBSA,29540
NA,"Lansing-East Lansing, MI",NA,77,228014,120540,93113,NA,29620,0.5286517494539809,NA,NA,NA,480353,CBSA,29620
NA,"Laramie, WY",NA,8,17060,6890,7602,NA,29660,0.40386869871043374,NA,NA,NA,38430,CBSA,29660
NA,"Laredo, TX",NA,2,56905,42307,12947,NA,29700,0.7434671821456814,NA,NA,NA,273982,CBSA,29700
NA,"Las Cruces, NM",NA,43,70648,37947,25374,NA,29740,0.5371277318536972,NA,NA,NA,216186,CBSA,29740
NA,"Las Vegas, NM",NA,1,10751,7285,2313,NA,29780,0.677611384987443,NA,NA,NA,27782,CBSA,29780
NA,"Las Vegas-Henderson-Paradise, NV",NA,99,767156,402227,320057,NA,29820,0.5243092669548306,NA,NA,NA,2183310,CBSA,29820
NA,"Lawrence, KS",NA,28,50087,31195,14688,NA,29940,0.6228162996386288,NA,NA,NA,120629,CBSA,29940
NA,"Lawton, OK",NA,2,35166,11887,21237,NA,30020,0.3380253654097708,NA,NA,NA,127589,CBSA,30020
NA,"Lebanon, PA",NA,9,61845,18953,40525,NA,30140,0.3064596976311747,NA,NA,NA,139566,CBSA,30140
NA,"Lewisburg, PA",NA,8,17468,6180,10622,NA,30260,0.3537897870391573,NA,NA,NA,44756,CBSA,30260
NA,"Lewisburg, TN",NA,1,11455,2852,8184,NA,30280,0.24897424705368834,NA,NA,NA,32934,CBSA,30280
NA,"Lewiston, ID-WA",NA,6,26937,7962,16440,NA,30300,0.2955785722240784,NA,NA,NA,62881,CBSA,30300
NA,"Lewiston-Auburn, ME",NA,18,55601,23009,28227,NA,30340,0.4138234923832305,NA,NA,NA,107569,CBSA,30340
NA,"Lexington, NE",NA,1,9645,2302,6778,NA,30420,0.23867288750648005,NA,NA,NA,25670,CBSA,30420
NA,"Lexington-Fayette, KY",NA,60,222412,96092,111396,NA,30460,0.4320450335413557,NA,NA,NA,512732,CBSA,30460
NA,"Lima, OH",NA,11,45894,13294,30487,NA,30620,0.2896674946616115,NA,NA,NA,103069,CBSA,30620
NA,"Lincoln, NE",NA,59,144145,63773,67042,NA,30700,0.44242256061604635,NA,NA,NA,331179,CBSA,30700
NA,"Little Rock-North Little Rock-Conway, AR",NA,39,298254,125545,155157,NA,30780,0.42093316434984945,NA,NA,NA,737991,CBSA,30780
NA,"Lock Haven, PA",NA,1,15394,4744,10022,NA,30820,0.3081720150708068,NA,NA,NA,38837,CBSA,30820
NA,"Logan, UT-ID",NA,10,51656,8948,25040,NA,30860,0.1732228589128078,NA,NA,NA,138052,CBSA,30860
NA,"Logan, WV",NA,4,12359,2092,9897,NA,30880,0.16926935836232704,NA,NA,NA,33043,CBSA,30880
NA,"Logansport, IN",NA,1,14209,3759,9701,NA,30900,0.2645506369202618,NA,NA,NA,37905,CBSA,30900
NA,"London, KY",NA,6,50619,7268,41789,NA,30940,0.14358244927793912,NA,NA,NA,127912,CBSA,30940
NA,"Longview, TX",NA,7,76756,17992,56648,NA,30980,0.23440512793788107,NA,NA,NA,218594,CBSA,30980
NA,"Longview, WA",NA,17,45692,17908,24185,NA,31020,0.39192856517552305,NA,NA,NA,106900,CBSA,31020
NA,"Los Angeles-Long Beach-Anaheim, CA",NA,580,4631829,3074325,1276891,NA,31080,0.6637388815519744,NA,NA,NA,13298709,CBSA,31080
NA,"Louisville/Jefferson County, KY-IN",NA,120,590676,263077,297247,NA,31140,0.44538291719995393,NA,NA,NA,1292809,CBSA,31140
NA,"Lubbock, TX",NA,8,102750,28894,68378,NA,31180,0.28120681265206815,NA,NA,NA,316588,CBSA,31180
NA,"Ludington, MI",NA,7,14685,5281,8505,NA,31220,0.35961865849506297,NA,NA,NA,29023,CBSA,31220
NA,"Lufkin, TX",NA,5,29911,7538,21668,NA,31260,0.25201430911704725,NA,NA,NA,87711,CBSA,31260
NA,"Lumberton, NC",NA,2,40858,19016,20762,NA,31300,0.46541680943756425,NA,NA,NA,132590,CBSA,31300
NA,"Lynchburg, VA",NA,16,129138,38304,83626,NA,31340,0.2966129257073828,NA,NA,NA,261954,CBSA,31340
NA,"Macomb, IL",NA,3,13092,5288,6795,NA,31380,0.4039107852123434,NA,NA,NA,30323,CBSA,31380
NA,"Macon-Bibb County, GA",NA,9,97069,47711,46850,NA,31420,0.4915163440439275,NA,NA,NA,229081,CBSA,31420
NA,"Madera, CA",NA,1,43112,17029,23357,NA,31460,0.3949944331044721,NA,NA,NA,155904,CBSA,31460
NA,"Madison, IN",NA,4,13544,4326,8546,NA,31500,0.3194034258712345,NA,NA,NA,32047,CBSA,31500
NA,"Madison, WI",NA,109,371033,246843,98941,NA,31540,0.6652858371088286,NA,NA,NA,654577,CBSA,31540
NA,"Madisonville, KY",NA,1,20345,4310,15277,NA,31580,0.21184566232489555,NA,NA,NA,45369,CBSA,31580
NA,"Malone, NY",NA,3,16952,7297,8221,NA,31660,0.43045068428504013,NA,NA,NA,50444,CBSA,31660
NA,"Manchester-Nashua, NH",NA,36,214157,99589,100013,NA,31700,0.4650279934814178,NA,NA,NA,413157,CBSA,31700
NA,"Manhattan, KS",NA,9,32225,11566,17719,NA,31740,0.35891388673390223,NA,NA,NA,97954,CBSA,31740
NA,"Manitowoc, WI",NA,4,40346,14506,23193,NA,31820,0.35953997918009223,NA,NA,NA,79140,CBSA,31820
NA,"Mankato-North Mankato, MN",NA,13,51690,22314,24104,NA,31860,0.43168891468369125,NA,NA,NA,100945,CBSA,31860
NA,"Mansfield, OH",NA,4,55214,16085,36590,NA,31900,0.2913210417647698,NA,NA,NA,120543,CBSA,31900
NA,"Marietta, OH",NA,3,29840,8026,20514,NA,31930,0.2689678284182306,NA,NA,NA,60462,CBSA,31930
NA,"Marinette, WI-MI",NA,1,30814,9782,19697,NA,31940,0.31745310573116114,NA,NA,NA,63297,CBSA,31940
NA,"Marion, IN",NA,7,25312,7010,17008,NA,31980,0.27694374209860934,NA,NA,NA,66282,CBSA,31980
NA,"Marion, OH",NA,1,26322,7928,16961,NA,32020,0.3011929184712408,NA,NA,NA,64941,CBSA,32020
NA,"Marquette, MI",NA,23,32976,16042,14646,NA,32100,0.48647501213003397,NA,NA,NA,66565,CBSA,32100
NA,"Marshall, MN",NA,2,12215,3825,7256,NA,32140,0.3131395824805567,NA,NA,NA,25953,CBSA,32140
NA,"Marshall, MO",NA,1,9274,2789,5977,NA,32180,0.30073323269355184,NA,NA,NA,22924,CBSA,32180
NA,"Marshall, TX",NA,2,26548,7151,18749,NA,32220,0.26936115714931447,NA,NA,NA,66540,CBSA,32220
NA,"Marshalltown, IA",NA,2,17980,7652,9146,NA,32260,0.42558398220244714,NA,NA,NA,40148,CBSA,32260
NA,"Martinsville, VA",NA,1,30013,11731,17357,NA,32300,0.3908639589511212,NA,NA,NA,64219,CBSA,32300
NA,"Mason City, IA",NA,2,27222,11392,14074,NA,32380,0.4184850488575417,NA,NA,NA,50458,CBSA,32380
NA,"McAlester, OK",NA,2,17271,3711,12753,NA,32540,0.21486885530658328,NA,NA,NA,44145,CBSA,32540
NA,"McAllen-Edinburg-Mission, TX",NA,23,173437,118809,48642,NA,32580,0.6850268397170154,NA,NA,NA,858323,CBSA,32580
NA,"McComb, MS",NA,1,23360,10740,12298,NA,32620,0.4597602739726027,NA,NA,NA,52046,CBSA,32620
NA,"McPherson, KS",NA,1,12742,3226,8549,NA,32700,0.25317846491916496,NA,NA,NA,28673,CBSA,32700
NA,"Meadville, PA",NA,3,37492,10971,24987,NA,32740,0.2926224261175717,NA,NA,NA,85788,CBSA,32740
NA,"Medford, OR",NA,34,109327,44447,53870,NA,32780,0.40655098923413246,NA,NA,NA,216761,CBSA,32780
NA,"Memphis, TN-MS-AR",NA,84,495951,265987,213548,NA,32820,0.5363170958421296,NA,NA,NA,1347576,CBSA,32820
NA,"Menomonie, WI",NA,4,22091,9026,11488,NA,32860,0.40858268072970894,NA,NA,NA,44699,CBSA,32860
NA,"Merced, CA",NA,17,70789,37317,28725,NA,32900,0.5271581742926161,NA,NA,NA,271340,CBSA,32900
NA,"Meridian, MS",NA,1,41936,16681,24656,NA,32940,0.39777279664250287,NA,NA,NA,102272,CBSA,32940
NA,"Merrill, WI",NA,1,14706,5370,8400,NA,32980,0.36515707874337006,NA,NA,NA,27766,CBSA,32980
NA,"Mexico, MO",NA,1,10061,2570,6981,NA,33020,0.25544180498956365,NA,NA,NA,25600,CBSA,33020
NA,"Miami-Fort Lauderdale-West Palm Beach, FL",NA,334,2474487,1552139,867352,NA,33100,0.6272568819314872,NA,NA,NA,6149687,CBSA,33100
NA,"Michigan City-La Porte, IN",NA,4,45203,19798,22687,NA,33140,0.4379797801030905,NA,NA,NA,109911,CBSA,33140
NA,"Midland, MI",NA,10,42506,15635,23846,NA,33220,0.36783042394014964,NA,NA,NA,83245,CBSA,33220
NA,"Midland, TX",NA,6,50974,10291,38428,NA,33260,0.20188723663043906,NA,NA,NA,170948,CBSA,33260
NA,"Milledgeville, GA",NA,2,19696,10671,8540,NA,33300,0.5417851340373679,NA,NA,NA,53466,CBSA,33300
NA,"Milwaukee-Waukesha-West Allis, WI",NA,81,811815,409020,350526,NA,33340,0.503834001589032,NA,NA,NA,1575151,CBSA,33340
NA,"Mineral Wells, TX",NA,1,10270,1708,8284,NA,33420,0.16630963972736124,NA,NA,NA,28575,CBSA,33420
NA,"Minneapolis-St. Paul-Bloomington, MN-WI",NA,285,1918882,994822,755614,NA,33460,0.5184383406587795,NA,NA,NA,3592669,CBSA,33460
NA,"Minot, ND",NA,1,31525,6497,21679,NA,33500,0.20609040444091992,NA,NA,NA,76751,CBSA,33500
NA,"Missoula, MT",NA,53,59203,31543,22250,NA,33540,0.5327939462527237,NA,NA,NA,117863,CBSA,33540
NA,"Mobile, AL",NA,21,172737,72186,95116,NA,33660,0.417895413258306,NA,NA,NA,414515,CBSA,33660
NA,"Modesto, CA",NA,30,172146,81647,78494,NA,33700,0.474289266088088,NA,NA,NA,545267,CBSA,33700
NA,"Monroe, LA",NA,5,78911,27119,49706,NA,33740,0.34366564864214116,NA,NA,NA,178211,CBSA,33740
NA,"Monroe, MI",NA,3,74218,26863,43261,NA,33780,0.3619472365194427,NA,NA,NA,149592,CBSA,33780
NA,"Montgomery, AL",NA,31,164795,78178,81560,NA,33860,0.474395461027337,NA,NA,NA,374042,CBSA,33860
NA,"Montrose, CO",NA,1,21186,5466,14382,NA,33940,0.2580005664117814,NA,NA,NA,41785,CBSA,33940
NA,"Morgantown, WV",NA,15,48707,17169,27970,NA,34060,0.35249553452275856,NA,NA,NA,139739,CBSA,34060
NA,"Moscow, ID",NA,8,18173,8093,7265,NA,34140,0.44533098552798106,NA,NA,NA,39714,CBSA,34140
NA,"Moses Lake, WA",NA,3,28346,7810,18518,NA,34180,0.27552388344034434,NA,NA,NA,95821,CBSA,34180
NA,"Moultrie, GA",NA,1,13624,3463,9898,NA,34220,0.2541837933059307,NA,NA,NA,45543,CBSA,34220
NA,"Mountain Home, AR",NA,9,19766,4169,14682,NA,34260,0.21091773752909035,NA,NA,NA,41316,CBSA,34260
NA,"Mount Pleasant, MI",NA,7,25392,11404,12338,NA,34380,0.4491178323881537,NA,NA,NA,71125,CBSA,34380
NA,"Mount Pleasant, TX",NA,2,9419,2597,6511,NA,34420,0.2757192907952012,NA,NA,NA,32806,CBSA,34420
NA,"Mount Sterling, KY",NA,1,18818,5219,12948,NA,34460,0.27734084387288765,NA,NA,NA,46800,CBSA,34460
NA,"Mount Vernon, IL",NA,2,16999,4425,11695,NA,34500,0.2603094299664686,NA,NA,NA,38111,CBSA,34500
NA,"Mount Vernon-Anacortes, WA",NA,15,55968,26690,24736,NA,34580,0.47687964551172096,NA,NA,NA,126026,CBSA,34580
NA,"Muncie, IN",NA,4,45123,18153,24263,NA,34620,0.4023003789641646,NA,NA,NA,115389,CBSA,34620
NA,"Murray, KY",NA,6,16049,4749,10367,NA,34660,0.2959062869960745,NA,NA,NA,38865,CBSA,34660
NA,"Muscatine, IA",NA,2,19434,8368,9584,NA,34700,0.4305855716785016,NA,NA,NA,42892,CBSA,34700
NA,"Muskegon, MI",NA,8,78088,37304,36127,NA,34740,0.4777174469828911,NA,NA,NA,173656,CBSA,34740
NA,"Muskogee, OK",NA,5,24216,7977,15043,NA,34780,0.329410307234886,NA,NA,NA,68959,CBSA,34780
NA,"Myrtle Beach-Conway-North Myrtle Beach, SC-NC",NA,14,201271,62692,132008,NA,34820,0.31148054116092233,NA,NA,NA,463386,CBSA,34820
NA,"Nacogdoches, TX",NA,7,22622,6846,14771,NA,34860,0.3026257625320484,NA,NA,NA,65599,CBSA,34860
NA,"Napa, CA",NA,29,61372,39199,17411,NA,34900,0.6387114645115036,NA,NA,NA,140386,CBSA,34900
NA,"Naples-Immokalee-Marco Island, FL",NA,33,170789,61085,105423,NA,34940,0.35766354976023046,NA,NA,NA,372345,CBSA,34940
NA,"Nashville-Davidson--Murfreesboro--Franklin, TN",NA,134,719346,281062,398113,NA,34980,0.39071879179143276,NA,NA,NA,1900584,CBSA,34980
NA,"New Bern, NC",NA,1,59006,22143,34963,NA,35100,0.3752669220079314,NA,NA,NA,125010,CBSA,35100
NA,"New Castle, IN",NA,1,20155,5124,13895,NA,35220,0.2542297196725378,NA,NA,NA,48247,CBSA,35220
NA,"New Castle, PA",NA,1,40753,14009,25428,NA,35260,0.34375383407356513,NA,NA,NA,86652,CBSA,35260
NA,"New Haven-Milford, CT",NA,113,379006,205609,159048,NA,35300,0.5424953694664464,NA,NA,NA,857794,CBSA,35300
NA,"New Orleans-Metairie, LA",NA,78,557251,271328,262388,NA,35380,0.4869044649538538,NA,NA,NA,1270465,CBSA,35380
NA,"New Philadelphia-Dover, OH",NA,1,41289,12188,26918,NA,35420,0.29518758022717917,NA,NA,NA,92411,CBSA,35420
NA,"Newport, OR",NA,11,25256,12501,10039,NA,35440,0.49497149192271145,NA,NA,NA,48820,CBSA,35440
NA,"Newton, IA",NA,3,19034,7109,10560,NA,35500,0.37348954502469267,NA,NA,NA,36985,CBSA,35500
NA,"New Ulm, MN",NA,1,13779,3763,8708,NA,35580,0.27309674141810003,NA,NA,NA,25172,CBSA,35580
NA,"New York-Newark-Jersey City, NY-NJ-PA",NA,1336,7806694,4867604,2681567,NA,35620,0.6235166896512148,NA,NA,NA,19998951,CBSA,35620
NA,"Niles-Benton Harbor, MI",NA,5,72031,29495,38647,NA,35660,0.40947647540642224,NA,NA,NA,154362,CBSA,35660
NA,"Nogales, AZ",NA,3,16433,11690,3897,NA,35700,0.7113734558510315,NA,NA,NA,46636,CBSA,35700
NA,"Norfolk, NE",NA,2,20774,3510,15867,NA,35740,0.16896120150187735,NA,NA,NA,48357,CBSA,35740
NA,"North Port-Sarasota-Bradenton, FL",NA,72,408021,169094,226382,NA,35840,0.4144247477458268,NA,NA,NA,805139,CBSA,35840
NA,"North Vernon, IN",NA,1,11150,2364,8224,NA,35860,0.21201793721973095,NA,NA,NA,27638,CBSA,35860
NA,"Norwalk, OH",NA,2,24834,7192,16226,NA,35940,0.28960296367882743,NA,NA,NA,58462,CBSA,35940
NA,"Norwich-New London, CT",NA,24,123528,62278,54058,NA,35980,0.5041609999352373,NA,NA,NA,267826,CBSA,35980
NA,"Oak Harbor, WA",NA,21,42876,20960,18465,NA,36020,0.4888515719749977,NA,NA,NA,83285,CBSA,36020
NA,"Ocala, FL",NA,7,174700,62041,107833,NA,36100,0.3551287922152261,NA,NA,NA,353717,CBSA,36100
NA,"Ocean City, NJ",NA,5,48722,18750,28446,NA,36140,0.3848364188662206,NA,NA,NA,93184,CBSA,36140
NA,"Odessa, TX",NA,4,36530,10249,25020,NA,36220,0.2805639200656994,NA,NA,NA,157173,CBSA,36220
NA,"Ogden-Clearfield, UT",NA,21,248377,54766,117872,NA,36260,0.2204954565036215,NA,NA,NA,664589,CBSA,36260
NA,"Ogdensburg-Massena, NY",NA,14,39158,16488,19942,NA,36300,0.42106338423821443,NA,NA,NA,108562,CBSA,36300
NA,"Oklahoma City, OK",NA,93,510818,176770,299065,NA,36420,0.3460528015849089,NA,NA,NA,1383249,CBSA,36420
NA,"Olean, NY",NA,4,31161,9497,19692,NA,36460,0.30477199062931226,NA,NA,NA,77245,CBSA,36460
NA,"Olympia-Tumwater, WA",NA,63,129410,68798,48624,NA,36500,0.5316281585657986,NA,NA,NA,280289,CBSA,36500
NA,"Omaha-Council Bluffs, NE-IA",NA,71,413481,170037,211067,NA,36540,0.41123292243174414,NA,NA,NA,932217,CBSA,36540
NA,"Oneonta, NY",NA,11,25668,10451,13308,NA,36580,0.4071606669783388,NA,NA,NA,59903,CBSA,36580
NA,"Ontario, OR-ID",NA,2,19139,3753,13683,NA,36620,0.19609174983018968,NA,NA,NA,53668,CBSA,36620
NA,"Opelousas, LA",NA,4,39977,17209,21971,NA,36660,0.43047252169997746,NA,NA,NA,83447,CBSA,36660
NA,"Orangeburg, SC",NA,4,38910,26318,11931,NA,36700,0.6763813929581085,NA,NA,NA,87673,CBSA,36700
NA,"Orlando-Kissimmee-Sanford, FL",NA,77,1081839,584104,457148,NA,36740,0.5399176772144468,NA,NA,NA,2512917,CBSA,36740
NA,"Oshkosh-Neenah, WI",NA,13,87144,37054,43448,NA,36780,0.42520425961626734,NA,NA,NA,170375,CBSA,36780
NA,"Oskaloosa, IA",NA,2,10632,2619,7432,NA,36820,0.24633182844243792,NA,NA,NA,22197,CBSA,36820
NA,"Ottawa, KS",NA,1,10965,2892,7185,NA,36840,0.2637482900136799,NA,NA,NA,25657,CBSA,36840
NA,"Ottawa-Peru, IL",NA,1,69425,26719,37737,NA,36860,0.38486136118113073,NA,NA,NA,148567,CBSA,36860
NA,"Ottumwa, IA",NA,1,19031,6571,11438,NA,36900,0.3452787557143608,NA,NA,NA,44098,CBSA,36900
NA,"Owatonna, MN",NA,1,19179,6241,11198,NA,36940,0.3254079983315084,NA,NA,NA,36824,CBSA,36940
NA,"Owensboro, KY",NA,5,54668,16395,35076,NA,36980,0.29990122192141655,NA,NA,NA,118543,CBSA,36980
NA,"Owosso, MI",NA,2,34111,12546,19230,NA,37020,0.3677992436457448,NA,NA,NA,68459,CBSA,37020
NA,"Oxford, MS",NA,16,19643,7969,10872,NA,37060,0.4056915949702184,NA,NA,NA,54237,CBSA,37060
NA,"Oxnard-Thousand Oaks-Ventura, CA",NA,43,351726,194402,132323,NA,37100,0.5527086425228729,NA,NA,NA,850802,CBSA,37100
NA,"Ozark, AL",NA,1,18749,4413,13808,NA,37120,0.23537255320283748,NA,NA,NA,49254,CBSA,37120
NA,"Pahrump, NV",NA,6,19595,5094,13324,NA,37220,0.25996427660117377,NA,NA,NA,44051,CBSA,37220
NA,"Palatka, FL",NA,1,33117,10094,22138,NA,37260,0.3047981399281336,NA,NA,NA,73385,CBSA,37260
NA,"Palm Bay-Melbourne-Titusville, FL",NA,27,314752,119679,181848,NA,37340,0.38023269113460756,NA,NA,NA,588265,CBSA,37340
NA,"Panama City, FL",NA,9,94746,23517,67523,NA,37460,0.24821100626939396,NA,NA,NA,200168,CBSA,37460
NA,"Paris, TX",NA,3,18611,3583,14561,NA,37580,0.19252055236150664,NA,NA,NA,49597,CBSA,37580
NA,"Parkersburg-Vienna, WV",NA,15,38037,8786,27345,NA,37620,0.23098561926545205,NA,NA,NA,90873,CBSA,37620
NA,"Payson, AZ",NA,5,36697,7003,14182,NA,37740,0.19083303812300734,NA,NA,NA,53629,CBSA,37740
NA,"Pensacola-Ferry Pass-Brent, FL",NA,27,240214,75925,154147,NA,37860,0.31607233550084507,NA,NA,NA,487327,CBSA,37860
NA,"Peoria, IL",NA,13,171494,66377,93110,NA,37900,0.38705144203295744,NA,NA,NA,371810,CBSA,37900
NA,"Peru, IN",NA,1,13482,2766,9975,NA,37940,0.20516243880729862,NA,NA,NA,35827,CBSA,37940
NA,"Philadelphia-Camden-Wilmington, PA-NJ-DE-MD",NA,408,2975280,1850036,1022842,NA,37980,0.6218023177650507,NA,NA,NA,6078451,CBSA,37980
NA,"Phoenix-Mesa-Scottsdale, AZ",NA,196,1697380,750799,820180,NA,38060,0.4423281763659287,NA,NA,NA,4761694,CBSA,38060
NA,"Pierre, SD",NA,5,10603,2916,7001,NA,38180,0.275016504762803,NA,NA,NA,22073,CBSA,38180
NA,"Pine Bluff, AR",NA,1,33074,17747,14167,NA,38220,0.5365846284090222,NA,NA,NA,90923,CBSA,38220
NA,"Pinehurst-Southern Pines, NC",NA,1,48692,16329,30490,NA,38240,0.3353528300336811,NA,NA,NA,97232,CBSA,38240
NA,"Pittsburg, KS",NA,4,14891,5199,8624,NA,38260,0.34913706265529515,NA,NA,NA,39031,CBSA,38260
NA,"Pittsburgh, PA",NA,181,1199642,549847,608057,NA,38300,0.45834257220070657,NA,NA,NA,2330283,CBSA,38300
NA,"Pittsfield, MA",NA,54,64803,43714,16839,NA,38340,0.6745675354536056,NA,NA,NA,126485,CBSA,38340
NA,"Platteville, WI",NA,1,24321,10046,12349,NA,38420,0.4130586735742774,NA,NA,NA,51806,CBSA,38420
NA,"Plattsburgh, NY",NA,23,32105,15059,14449,NA,38460,0.46905466438249493,NA,NA,NA,80567,CBSA,38460
NA,"Pocatello, ID",NA,4,33416,10342,17180,NA,38540,0.309492458702418,NA,NA,NA,85641,CBSA,38540
NA,"Portales, NM",NA,3,5950,1454,3884,NA,38780,0.24436974789915966,NA,NA,NA,18905,CBSA,38780
NA,"Port Angeles, WA",NA,23,39457,17677,18794,NA,38820,0.44800669082798994,NA,NA,NA,75712,CBSA,38820
NA,"Port Clinton, OH",NA,1,22218,8285,12653,NA,38840,0.3728958502115402,NA,NA,NA,40632,CBSA,38840
NA,"Portland-South Portland, ME",NA,135,307708,169489,117416,NA,38860,0.5508111586309098,NA,NA,NA,532280,CBSA,38860
NA,"Portland-Vancouver-Hillsboro, OR-WA",NA,282,1163544,672364,371379,NA,38900,0.5778586800327276,NA,NA,NA,2456462,CBSA,38900
NA,"Port St. Lucie, FL",NA,21,226639,97066,123493,NA,38940,0.4282846288591107,NA,NA,NA,473192,CBSA,38940
NA,"Portsmouth, OH",NA,3,30784,9132,20550,NA,39020,0.2966476091476091,NA,NA,NA,75898,CBSA,39020
NA,"Prescott, AZ",NA,13,114450,35590,71330,NA,39140,0.3109654871122761,NA,NA,NA,228055,CBSA,39140
NA,"Prineville, OR",NA,1,12172,2637,8511,NA,39260,0.21664475846204403,NA,NA,NA,23091,CBSA,39260
NA,"Providence-Warwick, RI-MA",NA,118,712375,381428,285933,NA,39300,0.5354314792068784,NA,NA,NA,1617057,CBSA,39300
NA,"Provo-Orem, UT",NA,15,205728,28964,105009,NA,39340,0.14078783636646447,NA,NA,NA,617751,CBSA,39340
NA,"Pueblo, CO",NA,20,78646,35875,36265,NA,39380,0.45615797370495637,NA,NA,NA,166426,CBSA,39380
NA,"Pullman, WA",NA,15,17305,8146,7403,NA,39420,0.4707310026004045,NA,NA,NA,49344,CBSA,39420
NA,"Punta Gorda, FL",NA,3,96374,33445,60218,NA,39460,0.34703343225351235,NA,NA,NA,181537,CBSA,39460
NA,"Quincy, IL-MO",NA,2,36407,8610,26134,NA,39500,0.2364929821188233,NA,NA,NA,76058,CBSA,39500
NA,"Racine, WI",NA,8,94133,42512,46611,NA,39540,0.4516163300861547,NA,NA,NA,195949,CBSA,39540
NA,"Raleigh, NC",NA,95,643901,343972,266822,NA,39580,0.5342001332502978,NA,NA,NA,1334342,CBSA,39580
NA,"Rapid City, SD",NA,21,64085,17418,41538,NA,39660,0.2717952719045018,NA,NA,NA,146869,CBSA,39660
NA,"Reading, PA",NA,47,183065,78437,96626,NA,39740,0.4284652992106629,NA,NA,NA,417524,CBSA,39740
NA,"Red Bluff, CA",NA,1,23908,6809,15494,NA,39780,0.28480006692320564,NA,NA,NA,63718,CBSA,39780
NA,"Redding, CA",NA,25,80053,22301,51778,NA,39820,0.2785779421133499,NA,NA,NA,179539,CBSA,39820
NA,"Reno, NV",NA,52,212467,98131,96374,NA,39900,0.46186466604225596,NA,NA,NA,461336,CBSA,39900
NA,"Rexburg, ID",NA,2,21403,1852,13031,NA,39940,0.08652992571134888,NA,NA,NA,52488,CBSA,39940
NA,"Richmond, IN",NA,5,25579,8322,16028,NA,39980,0.3253450095781696,NA,NA,NA,66178,CBSA,39980
NA,"Richmond, VA",NA,123,650756,336136,277482,NA,40060,0.5165315417760267,NA,NA,NA,1292911,CBSA,40060
NA,"Richmond-Berea, KY",NA,7,44062,12708,29040,NA,40080,0.28841178339612367,NA,NA,NA,107983,CBSA,40080
NA,"Riverside-San Bernardino-Ontario, CA",NA,155,1405374,714528,604483,NA,40140,0.5084255152009358,NA,NA,NA,4570427,CBSA,40140
NA,"Riverton, WY",NA,5,17023,4200,11167,NA,40180,0.24672501909181696,NA,NA,NA,39834,CBSA,40180
NA,"Roanoke, VA",NA,38,151684,55980,87507,NA,40220,0.3690567231876796,NA,NA,NA,313488,CBSA,40220
NA,"Rochester, MN",NA,32,113670,47108,55455,NA,40340,0.41442772939209993,NA,NA,NA,217828,CBSA,40340
NA,"Rochester, NY",NA,67,496212,243124,219877,NA,40380,0.4899599364787631,NA,NA,NA,1071589,CBSA,40380
NA,"Rockford, IL",NA,31,141377,64699,67906,NA,40420,0.4576345515890138,NA,NA,NA,338252,CBSA,40420
NA,"Rocky Mount, NC",NA,3,72551,39459,31580,NA,40580,0.5438794778845226,NA,NA,NA,146769,CBSA,40580
NA,"Rolla, MO",NA,1,18553,4766,12709,NA,40620,0.2568856788659516,NA,NA,NA,44686,CBSA,40620
NA,"Roseburg, OR",NA,9,53521,14096,34582,NA,40700,0.26337325535771006,NA,NA,NA,109284,CBSA,40700
NA,"Roswell, NM",NA,8,20271,5534,12872,NA,40740,0.27300083863647573,NA,NA,NA,65153,CBSA,40740
NA,"Ruidoso, NM",NA,1,8902,2331,5896,NA,40760,0.26185126937766795,NA,NA,NA,19483,CBSA,40760
NA,"Russellville, AR",NA,3,29008,6480,20864,NA,40780,0.22338665195808052,NA,NA,NA,85199,CBSA,40780
NA,"Ruston, LA",NA,1,18669,7107,10761,NA,40820,0.3806845572874819,NA,NA,NA,47465,CBSA,40820
NA,"Rutland, VT",NA,7,29619,13635,12479,NA,40860,0.4603463992707384,NA,NA,NA,59000,CBSA,40860
NA,"Sacramento--Roseville--Arden-Arcade, CA",NA,170,917850,490688,354913,NA,40900,0.5346058724192406,NA,NA,NA,2320381,CBSA,40900
NA,"Saginaw, MI",NA,6,94320,44396,45469,NA,40980,0.4706955046649703,NA,NA,NA,191996,CBSA,40980
NA,"St. Cloud, MN",NA,22,99650,31216,60489,NA,41060,0.313256397390868,NA,NA,NA,198106,CBSA,41060
NA,"St. George, UT",NA,10,61963,10288,42650,NA,41100,0.166034569016994,NA,NA,NA,165859,CBSA,41100
NA,"St. Joseph, MO-KS",NA,6,52771,15469,34131,NA,41140,0.2931344867446135,NA,NA,NA,126598,CBSA,41140
NA,"St. Louis, MO-IL",NA,194,1375135,645962,656719,NA,41180,0.46974442509280906,NA,NA,NA,2805850,CBSA,41180
NA,"St. Marys, GA",NA,4,18901,5930,12310,NA,41220,0.31374001375588595,NA,NA,NA,53067,CBSA,41220
NA,"Salem, OH",NA,2,46201,12432,31676,NA,41400,0.2690850847384256,NA,NA,NA,103149,CBSA,41400
NA,"Salem, OR",NA,75,177135,74208,82317,NA,41420,0.4189347108137861,NA,NA,NA,424968,CBSA,41420
NA,"Salina, KS",NA,2,24967,6741,16111,NA,41460,0.2699963952417191,NA,NA,NA,60363,CBSA,41460
NA,"Salinas, CA",NA,47,133408,89088,34895,NA,41500,0.6677860398177021,NA,NA,NA,435477,CBSA,41500
NA,"Salisbury, MD-DE",NA,42,186728,71332,107360,NA,41540,0.38201019664967223,NA,NA,NA,404067,CBSA,41540
NA,"Salt Lake City, UT",NA,147,440697,180436,149212,NA,41620,0.40943323871049725,NA,NA,NA,1205238,CBSA,41620
NA,"San Angelo, TX",NA,5,39245,9263,28154,NA,41660,0.2360300675245254,NA,NA,NA,119200,CBSA,41660
NA,"San Antonio-New Braunfels, TX",NA,49,790334,371623,380665,NA,41700,0.4702100630872517,NA,NA,NA,2474274,CBSA,41700
NA,"San Diego-Carlsbad, CA",NA,293,1306400,735476,477766,NA,41740,0.5629791794243724,NA,NA,NA,3325468,CBSA,41740
NA,"Sandpoint, ID",NA,7,20943,5819,13343,NA,41760,0.2778494007544287,NA,NA,NA,43621,CBSA,41760
NA,"Sandusky, OH",NA,2,37578,16057,19648,NA,41780,0.42729788706157856,NA,NA,NA,74857,CBSA,41780
NA,"San Francisco-Oakland-Hayward, CA",NA,495,1979890,1525802,329266,NA,41860,0.7706498845895479,NA,NA,NA,4710693,CBSA,41860
NA,"San Jose-Sunnyvale-Santa Clara, CA",NA,156,725633,524205,152667,NA,41940,0.7224106400894116,NA,NA,NA,1993582,CBSA,41940
NA,"San Luis Obispo-Paso Robles-Arroyo Grande, CA",NA,52,135009,67107,56164,NA,42020,0.4970557518387663,NA,NA,NA,282838,CBSA,42020
NA,"Santa Cruz-Watsonville, CA",NA,38,128821,95249,22438,NA,42100,0.7393903167961745,NA,NA,NA,275105,CBSA,42100
NA,"Santa Fe, NM",NA,42,71434,50793,14332,NA,42140,0.711047960355013,NA,NA,NA,149617,CBSA,42140
NA,"Santa Maria-Santa Barbara, CA",NA,65,176786,107142,56365,NA,42200,0.6060547780932879,NA,NA,NA,445606,CBSA,42200
NA,"Santa Rosa, CA",NA,66,231253,160435,51408,NA,42220,0.6937639727917043,NA,NA,NA,503246,CBSA,42220
NA,"Sault Ste. Marie, MI",NA,4,15456,5379,9122,NA,42300,0.3480201863354037,NA,NA,NA,37714,CBSA,42300
NA,"Savannah, GA",NA,25,150773,71157,74091,NA,42340,0.4719478951801715,NA,NA,NA,386337,CBSA,42340
NA,"Scottsbluff, NE",NA,4,15455,3307,11049,NA,42420,0.21397605952766094,NA,NA,NA,38148,CBSA,42420
NA,"Scranton--Wilkes-Barre--Hazleton, PA",NA,51,251583,108245,135909,NA,42540,0.43025562140526186,NA,NA,NA,555645,CBSA,42540
NA,"Seattle-Tacoma-Bellevue, WA",NA,265,1689157,1076087,491418,NA,42660,0.6370556437323469,NA,NA,NA,3884469,CBSA,42660
NA,"Sebastian-Vero Beach, FL",NA,8,80009,29043,48620,NA,42680,0.36299666287542653,NA,NA,NA,154314,CBSA,42680
NA,"Sebring, FL",NA,3,45686,14937,29565,NA,42700,0.32694917480190866,NA,NA,NA,104060,CBSA,42700
NA,"Sedalia, MO",NA,1,18111,4324,12810,NA,42740,0.23874993098117167,NA,NA,NA,42504,CBSA,42740
NA,"Selinsgrove, PA",NA,3,16363,4002,11725,NA,42780,0.24457617796247633,NA,NA,NA,40585,CBSA,42780
NA,"Selma, AL",NA,10,18792,12836,5789,NA,42820,0.6830566198382291,NA,NA,NA,39235,CBSA,42820
NA,"Seneca Falls, NY",NA,3,13980,5697,7236,NA,42900,0.4075107296137339,NA,NA,NA,34327,CBSA,42900
NA,"Sevierville, TN",NA,1,36312,6297,28629,NA,42940,0.1734137475214805,NA,NA,NA,97277,CBSA,42940
NA,"Seymour, IN",NA,1,17573,3843,12859,NA,42980,0.21868775963125248,NA,NA,NA,43987,CBSA,42980
NA,"Shawnee, OK",NA,2,25452,6015,17848,NA,43060,0.23632720414898634,NA,NA,NA,72248,CBSA,43060
NA,"Sheboygan, WI",NA,13,59655,22956,32458,NA,43100,0.38481267286899673,NA,NA,NA,115235,CBSA,43100
NA,"Shelbyville, TN",NA,2,15355,3395,11486,NA,43180,0.22110061869098013,NA,NA,NA,48138,CBSA,43180
NA,"Sheridan, WY",NA,4,14510,2927,10266,NA,43260,0.20172294968986906,NA,NA,NA,30132,CBSA,43260
NA,"Sherman-Denison, TX",NA,9,47416,10301,35325,NA,43300,0.21724734266914122,NA,NA,NA,131214,CBSA,43300
NA,"Show Low, AZ",NA,6,40294,16459,20577,NA,43320,0.4084727254678116,NA,NA,NA,109144,CBSA,43320
NA,"Shreveport-Bossier City, LA",NA,15,187297,77549,104090,NA,43340,0.4140429371532913,NA,NA,NA,439631,CBSA,43340
NA,"Sierra Vista-Douglas, AZ",NA,7,50015,17450,28092,NA,43420,0.3488953314005798,NA,NA,NA,124990,CBSA,43420
NA,"Sikeston, MO",NA,2,17256,3575,13168,NA,43460,0.20717431617987947,NA,NA,NA,38566,CBSA,43460
NA,"Silver City, NM",NA,1,12811,6276,5288,NA,43500,0.4898914994926235,NA,NA,NA,27692,CBSA,43500
NA,"Sioux City, IA-NE-SD",NA,10,73866,24192,45354,NA,43580,0.3275119811550646,NA,NA,NA,168218,CBSA,43580
NA,"Sioux Falls, SD",NA,21,110231,40270,62273,NA,43620,0.3653237292594642,NA,NA,NA,260521,CBSA,43620
NA,"Somerset, KY",NA,2,28041,4208,22902,NA,43700,0.15006597482258122,NA,NA,NA,64357,CBSA,43700
NA,"South Bend-Mishawaka, IN-MI",NA,38,132655,59522,66264,NA,43780,0.4486977498021183,NA,NA,NA,321447,CBSA,43780
NA,"Spartanburg, SC",NA,4,133182,44726,83338,NA,43900,0.3358261626946584,NA,NA,NA,334130,CBSA,43900
NA,"Spencer, IA",NA,1,8617,2249,5877,NA,43980,0.26099570616223744,NA,NA,NA,16153,CBSA,43980
NA,"Spirit Lake, IA",NA,3,10354,3056,6753,NA,44020,0.2951516322194321,NA,NA,NA,17173,CBSA,44020
NA,"Spokane-Spokane Valley, WA",NA,76,256725,101468,132969,NA,44060,0.3952400428474048,NA,NA,NA,563958,CBSA,44060
NA,"Springfield, IL",NA,41,104888,42724,54175,NA,44100,0.4073297231332469,NA,NA,NA,209175,CBSA,44100
NA,"Springfield, MA",NA,128,286073,167957,100475,NA,44140,0.5871123804063998,NA,NA,NA,629506,CBSA,44140
NA,"Springfield, MO",NA,49,208721,58316,138154,NA,44180,0.2793968982517332,NA,NA,NA,462300,CBSA,44180
NA,"Springfield, OH",NA,3,61429,23328,35205,NA,44220,0.3797554900779762,NA,NA,NA,134649,CBSA,44220
NA,"Starkville, MS",NA,3,18124,8859,8576,NA,44260,0.4887993820348709,NA,NA,NA,49675,CBSA,44260
NA,"State College, PA",NA,24,76148,37088,35274,NA,44300,0.48705153122865996,NA,NA,NA,162250,CBSA,44300
NA,"Statesboro, GA",NA,8,25316,9261,15097,NA,44340,0.3658160846895244,NA,NA,NA,76084,CBSA,44340
NA,"Staunton-Waynesboro, VA",NA,30,56802,17274,36097,NA,44420,0.3041090102461181,NA,NA,NA,121984,CBSA,44420
NA,"Steamboat Springs, CO",NA,7,13986,7600,5230,NA,44460,0.5434005434005434,NA,NA,NA,25346,CBSA,44460
NA,"Sterling, CO",NA,1,9722,1851,7282,NA,44540,0.19039292326681753,NA,NA,NA,21665,CBSA,44540
NA,"Sterling, IL",NA,2,25582,11035,12615,NA,44580,0.4313579860839653,NA,NA,NA,55947,CBSA,44580
NA,"Stevens Point, WI",NA,8,38496,18521,17306,NA,44620,0.4811149210307564,NA,NA,NA,70608,CBSA,44620
NA,"Stillwater, OK",NA,8,27760,8788,16651,NA,44660,0.3165706051873199,NA,NA,NA,81867,CBSA,44660
NA,"Stockton-Lodi, CA",NA,24,224166,121124,88936,NA,44700,0.5403317184586423,NA,NA,NA,742516,CBSA,44700
NA,"Storm Lake, IA",NA,4,8278,2856,4903,NA,44740,0.34501087219135057,NA,NA,NA,20102,CBSA,44740
NA,"Summerville, GA",NA,1,8252,1613,6462,NA,44900,0.19546776539020844,NA,NA,NA,24716,CBSA,44900
NA,"Summit Park, UT",NA,6,20641,10503,7333,NA,44920,0.5088416258902185,NA,NA,NA,41349,CBSA,44920
NA,"Sunbury, PA",NA,2,36622,9788,25427,NA,44980,0.267271039266015,NA,NA,NA,91767,CBSA,44980
NA,"Susanville, CA",NA,9,10524,2224,7574,NA,45000,0.2113264918282022,NA,NA,NA,31123,CBSA,45000
NA,"Syracuse, NY",NA,44,286684,141099,127273,NA,45060,0.492176054471125,NA,NA,NA,651048,CBSA,45060
NA,"Tahlequah, OK",NA,4,16490,5456,9994,NA,45140,0.3308671922377198,NA,NA,NA,48925,CBSA,45140
NA,"Talladega-Sylacauga, AL",NA,2,38659,13903,23995,NA,45180,0.35963165110323597,NA,NA,NA,90779,CBSA,45180
NA,"Tallahassee, FL",NA,75,197241,114977,74991,NA,45220,0.5829264706627932,NA,NA,NA,383467,CBSA,45220
NA,"Tampa-St. Petersburg-Clearwater, FL",NA,95,1424998,663534,707142,NA,45300,0.46563854826462914,NA,NA,NA,3091225,CBSA,45300
NA,"Taos, NM",NA,13,15260,10668,2727,NA,45340,0.6990825688073394,NA,NA,NA,32862,CBSA,45340
NA,"Terre Haute, IN",NA,20,66598,22431,41119,NA,45460,0.336811916273762,NA,NA,NA,170022,CBSA,45460
NA,"Texarkana, TX-AR",NA,4,55920,14508,39823,NA,45500,0.2594420600858369,NA,NA,NA,150254,CBSA,45500
NA,"The Dalles, OR",NA,4,11964,4781,5833,NA,45520,0.3996155132062855,NA,NA,NA,26321,CBSA,45520
NA,"Thomasville, GA",NA,6,18802,7142,11228,NA,45620,0.3798532071056271,NA,NA,NA,44662,CBSA,45620
NA,"Tifton, GA",NA,2,14219,4347,9584,NA,45700,0.30571770166678386,NA,NA,NA,40438,CBSA,45700
NA,"Toledo, OH",NA,38,283122,144220,121905,NA,45780,0.5093917109938472,NA,NA,NA,603830,CBSA,45780
NA,"Topeka, KS",NA,45,99987,40485,52284,NA,45820,0.4049026373428546,NA,NA,NA,233153,CBSA,45820
NA,"Torrington, CT",NA,7,97442,39775,53051,NA,45860,0.40819153958252086,NA,NA,NA,181710,CBSA,45860
NA,"Traverse City, MI",NA,14,85407,34127,46307,NA,45900,0.399580830611074,NA,NA,NA,148671,CBSA,45900
NA,"Trenton, NJ",NA,41,156529,104775,46193,NA,45940,0.6693647822448237,NA,NA,NA,368602,CBSA,45940
NA,"Truckee-Grass Valley, CA",NA,9,54935,26053,23365,NA,46020,0.47425138800400474,NA,NA,NA,99503,CBSA,46020
NA,"Tucson, AZ",NA,69,421640,224661,167428,NA,46060,0.5328265819182241,NA,NA,NA,1027502,CBSA,46060
NA,"Tulsa, OK",NA,55,387325,119639,246001,NA,46140,0.3088853030400826,NA,NA,NA,991610,CBSA,46140
NA,"Tupelo, MS",NA,2,55634,13532,41026,NA,46180,0.24323255563144838,NA,NA,NA,140186,CBSA,46180
NA,"Tuscaloosa, AL",NA,7,100282,40509,56352,NA,46220,0.40395085857880775,NA,NA,NA,242700,CBSA,46220
NA,"Twin Falls, ID",NA,2,36625,7562,24472,NA,46300,0.20647098976109216,NA,NA,NA,109037,CBSA,46300
NA,"Tyler, TX",NA,3,84768,22300,58930,NA,46340,0.2630709701774254,NA,NA,NA,227460,CBSA,46340
NA,"Ukiah, CA",NA,19,37477,22079,10888,NA,46380,0.5891346692638152,NA,NA,NA,87697,CBSA,46380
NA,"Union City, TN-KY",NA,1,14631,3200,11075,NA,46460,0.21871369011004033,NA,NA,NA,36607,CBSA,46460
NA,"Urbana, OH",NA,1,18104,4594,12631,NA,46500,0.2537560760053027,NA,NA,NA,38824,CBSA,46500
NA,"Urban Honolulu, HI",NA,60,285790,175696,90326,NA,46520,0.6147730851324399,NA,NA,NA,986429,CBSA,46520
NA,"Utica-Rome, NY",NA,21,117264,41826,68136,NA,46540,0.3566823577568563,NA,NA,NA,292336,CBSA,46540
NA,"Valdosta, GA",NA,14,48194,18554,28327,NA,46660,0.38498568286508694,NA,NA,NA,145403,CBSA,46660
NA,"Vallejo-Fairfield, CA",NA,18,166113,102360,51920,NA,46700,0.6162070397861696,NA,NA,NA,443877,CBSA,46700
NA,"Van Wert, OH",NA,2,13770,2697,10469,NA,46780,0.19586056644880173,NA,NA,NA,28291,CBSA,46780
NA,"Vermillion, SD",NA,2,5069,2608,2109,NA,46820,0.5144999013612153,NA,NA,NA,14021,CBSA,46820
NA,"Vicksburg, MS",NA,1,23688,12992,10307,NA,46980,0.5484633569739953,NA,NA,NA,55805,CBSA,46980
NA,"Victoria, TX",NA,6,34831,9839,23895,NA,47020,0.28247825213172173,NA,NA,NA,99651,CBSA,47020
NA,"Vincennes, IN",NA,1,15516,3772,11077,NA,47180,0.24310389275586491,NA,NA,NA,37094,CBSA,47180
NA,"Vineland-Bridgeton, NJ",NA,10,54004,27771,24453,NA,47220,0.5142396859491889,NA,NA,NA,151748,CBSA,47220
NA,"Vineyard Haven, MA",NA,15,11502,8400,2477,NA,47240,0.7303077725612936,NA,NA,NA,17321,CBSA,47240
NA,"Virginia Beach-Norfolk-Newport News, VA-NC",NA,72,780091,398446,336008,NA,47260,0.5107686154564018,NA,NA,NA,1724876,CBSA,47260
NA,"Visalia-Porterville, CA",NA,14,112334,47585,58299,NA,47300,0.42360282728292414,NA,NA,NA,463097,CBSA,47300
NA,"Waco, TX",NA,14,84323,28747,51701,NA,47380,0.3409152900157727,NA,NA,NA,268550,CBSA,47380
NA,"Walla Walla, WA",NA,10,27601,10220,15148,NA,47460,0.37027643925944714,NA,NA,NA,64675,CBSA,47460
NA,"Warrensburg, MO",NA,3,21132,5930,13719,NA,47660,0.28061707363240584,NA,NA,NA,53759,CBSA,47660
NA,"Washington, NC",NA,1,23938,8764,14543,NA,47820,0.36611245718105107,NA,NA,NA,47051,CBSA,47820
NA,"Washington-Arlington-Alexandria, DC-VA-MD-WV",NA,480,2854536,1950984,735001,NA,47900,0.6834679961997326,NA,NA,NA,6200001,CBSA,47900
NA,"Waterloo-Cedar Falls, IA",NA,22,84815,39445,39211,NA,47940,0.4650710369628014,NA,NA,NA,169553,CBSA,47940
NA,"Watertown-Fort Atkinson, WI",NA,6,43146,16561,23410,NA,48020,0.38383627682751587,NA,NA,NA,84775,CBSA,48020
NA,"Watertown-Fort Drum, NY",NA,14,38236,13809,21763,NA,48060,0.3611517941207239,NA,NA,NA,113063,CBSA,48060
NA,"Wausau, WI",NA,10,69515,26477,39013,NA,48140,0.3808818240667482,NA,NA,NA,135415,CBSA,48140
NA,"Weirton-Steubenville, WV-OH",NA,5,54516,15505,36651,NA,48260,0.28441191576784797,NA,NA,NA,118181,CBSA,48260
NA,"Wenatchee, WA",NA,21,48923,17950,27717,NA,48300,0.3669030926149255,NA,NA,NA,118646,CBSA,48300
NA,"West Plains, MO",NA,1,17455,2881,13893,NA,48460,0.1650529934116299,NA,NA,NA,40084,CBSA,48460
NA,"Wheeling, WV-OH",NA,5,62276,17196,41913,NA,48540,0.2761256342732353,NA,NA,NA,141228,CBSA,48540
NA,"Whitewater-Elkhorn, WI",NA,1,51324,18706,28851,NA,48580,0.36446886446886445,NA,NA,NA,102956,CBSA,48580
NA,"Wichita, KS",NA,35,244412,83943,141608,NA,48620,0.3434487668363255,NA,NA,NA,644949,CBSA,48620
NA,"Wichita Falls, TX",NA,9,47420,9700,35794,NA,48660,0.20455504006748207,NA,NA,NA,151180,CBSA,48660
NA,"Williamsport, PA",NA,8,50565,13020,35627,NA,48700,0.2574903589439336,NA,NA,NA,113930,CBSA,48700
NA,"Williston, ND",NA,1,12807,1735,10069,NA,48780,0.13547278831888812,NA,NA,NA,33395,CBSA,48780
NA,"Willmar, MN",NA,5,21772,7266,12785,NA,48820,0.3337313981260334,NA,NA,NA,42715,CBSA,48820
NA,"Wilmington, NC",NA,26,139790,60333,72983,NA,48900,0.4315973960941412,NA,NA,NA,289425,CBSA,48900
NA,"Wilmington, OH",NA,5,18675,4066,13838,NA,48940,0.21772423025435073,NA,NA,NA,41966,CBSA,48940
NA,"Wilson, NC",NA,3,38135,19663,17531,NA,48980,0.5156155762422971,NA,NA,NA,81567,CBSA,48980
NA,"Winchester, VA-WV",NA,16,59715,18676,37565,NA,49020,0.31275223980574396,NA,NA,NA,138107,CBSA,49020
NA,"Winona, MN",NA,7,26074,11366,12122,NA,49100,0.4359131702078699,NA,NA,NA,50704,CBSA,49100
NA,"Winston-Salem, NC",NA,43,315098,125668,176890,NA,49180,0.39882195380484803,NA,NA,NA,666746,CBSA,49180
NA,"Wisconsin Rapids-Marshfield, WI",NA,2,37800,14232,21503,NA,49220,0.3765079365079365,NA,NA,NA,73112,CBSA,49220
NA,"Wooster, OH",NA,10,49853,15031,32270,NA,49300,0.30150642890096885,NA,NA,NA,116247,CBSA,49300
NA,"Worcester, MA-CT",NA,47,434528,220570,183429,NA,49340,0.5076082553943589,NA,NA,NA,942303,CBSA,49340
NA,"Worthington, MN",NA,1,8632,2733,5299,NA,49380,0.3166126042632067,NA,NA,NA,21810,CBSA,49380
NA,"Yakima, WA",NA,27,77750,31291,41735,NA,49420,0.4024565916398714,NA,NA,NA,250377,CBSA,49420
NA,"York-Hanover, PA",NA,19,205986,68524,128528,NA,49620,0.3326633848902353,NA,NA,NA,445722,CBSA,49620
NA,"Youngstown-Warren-Boardman, OH-PA",NA,63,263410,119128,134184,NA,49660,0.45225314149045215,NA,NA,NA,541875,CBSA,49660
NA,"Yuba City, CA",NA,4,56521,20986,31346,NA,49700,0.37129562463509136,NA,NA,NA,173213,CBSA,49700
NA,"Yuma, AZ",NA,11,53010,24605,25165,NA,49740,0.46415770609318996,NA,NA,NA,209756,CBSA,49740
02016,Aleutians West Census Area,AK,3,NA,NA,NA,NA,NA,NA,02,016,Aleutians West Census Area,5726,county,02016
02050,Bethel Census Area,AK,3,NA,NA,NA,NA,NA,NA,02,050,Bethel Census Area,18079,county,02050
02100,Haines Borough,AK,2,NA,NA,NA,NA,NA,NA,02,100,Haines Borough,2518,county,02100
02105,Hoonah-Angoon Census Area,AK,2,NA,NA,NA,NA,NA,NA,02,105,Hoonah-Angoon Census Area,2139,county,02105
02122,Kenai Peninsula Borough,AK,18,NA,NA,NA,NA,NA,NA,02,122,Kenai Peninsula Borough,58522,county,02122
02150,Kodiak Island Borough,AK,7,NA,NA,NA,NA,NA,NA,02,150,Kodiak Island Borough,13519,county,02150
02164,Lake and Peninsula Borough,AK,1,NA,NA,NA,NA,NA,NA,02,164,Lake and Peninsula Borough,1607,county,02164
02180,Nome Census Area,AK,4,NA,NA,NA,NA,NA,NA,02,180,Nome Census Area,9968,county,02180
02185,North Slope Borough,AK,3,NA,NA,NA,NA,NA,NA,02,185,North Slope Borough,9831,county,02185
02195,Petersburg Borough,AK,3,NA,NA,NA,NA,NA,NA,02,195,Petersburg Borough,3259,county,02195
02220,Sitka City and Borough,AK,6,NA,NA,NA,NA,NA,NA,02,220,Sitka City and Borough,8686,county,02220
02261,Valdez-Cordova Census Area,AK,5,NA,NA,NA,NA,NA,NA,02,261,Valdez-Cordova Census Area,9224,county,02261
02275,Wrangell City and Borough,AK,2,NA,NA,NA,NA,NA,NA,02,275,Wrangell City and Borough,2511,county,02275
02282,Yakutat City and Borough,AK,1,NA,NA,NA,NA,NA,NA,02,282,Yakutat City and Borough,607,county,02282
05001,Arkansas County,AR,1,6212,1939,3826,447,NA,0.312137797810689,05,001,Arkansas County,17904,county,05001
06009,Calaveras County,CA,1,23136,7944,13511,1681,NA,0.3433609958506224,06,009,Calaveras County,45642,county,06009
06011,Colusa County,CA,2,6632,2661,3551,420,NA,0.4012364294330519,06,011,Colusa County,21675,county,06011
06027,Inyo County,CA,1,8086,3155,4248,683,NA,0.39018055899084836,06,027,Inyo County,17948,county,06027
06063,Plumas County,CA,1,9676,3459,5420,797,NA,0.357482430756511,06,063,Plumas County,18740,county,06063
06093,Siskiyou County,CA,2,20492,7234,11341,1917,NA,0.35301581104821395,06,093,Siskiyou County,43784,county,06093
08015,Chaffee County,CO,7,11250,4888,5391,971,NA,0.43448888888888887,08,015,Chaffee County,19651,county,08015
08049,Grand County,CO,1,8588,3358,4494,736,NA,0.3910107126222636,08,049,Grand County,15356,county,08049
08051,Gunnison County,CO,1,9412,5128,3289,995,NA,0.5448363790905227,08,051,Gunnison County,16931,county,08051
08083,Montezuma County,CO,12,12858,3973,7853,1032,NA,0.30899051174366154,08,083,Montezuma County,26148,county,08083
08091,Ouray County,CO,1,3310,1697,1351,262,NA,0.5126888217522658,08,091,Ouray County,4809,county,08091
08113,San Miguel County,CO,1,4329,2975,1033,321,NA,0.6872256872256872,08,113,San Miguel County,8047,county,08113
12125,Union County,FL,1,5694,1014,4568,112,NA,0.1780821917808219,12,125,Union County,15469,county,12125
13131,Grady County,GA,1,9213,3013,6053,147,NA,0.32703788125474875,13,131,Grady County,24749,county,13131
13133,Greene County,GA,1,8852,3199,5490,163,NA,0.3613872571170357,13,133,Greene County,17220,county,13133
13187,Lumpkin County,GA,4,12425,2220,9619,586,NA,0.17867203219315894,13,187,Lumpkin County,32822,county,13187
13241,Rabun County,GA,1,7992,1444,6287,261,NA,0.1806806806806807,13,241,Rabun County,16557,county,13241
13259,Stewart County,GA,1,2058,1222,805,31,NA,0.5937803692905733,13,259,Stewart County,6179,county,13259
16049,Idaho County,ID,1,8233,1196,6441,596,NA,0.1452690392323576,16,049,Idaho County,16373,county,16049
16079,Shoshone County,ID,1,5120,1384,3297,439,NA,0.2703125,16,079,Shoshone County,12552,county,16079
17101,Lawrence County,IL,1,6094,1290,4521,283,NA,0.21168362323596981,17,101,Lawrence County,16000,county,17101
17187,Warren County,IL,1,7807,2987,4275,545,NA,0.3826053541693352,17,187,Warren County,17170,county,17187
18055,Greene County,IN,1,13801,2929,10277,595,NA,0.21223099775378595,18,055,Greene County,32180,county,18055
19023,Butler County,IA,1,7513,2157,4921,435,NA,0.28710235591641153,19,023,Butler County,14582,county,19023
19065,Fayette County,IA,1,9975,3689,5620,666,NA,0.3698245614035088,19,065,Fayette County,19708,county,19065
19067,Floyd County,IA,1,8060,3179,4375,506,NA,0.3944168734491315,19,067,Floyd County,15761,county,19067
19089,Howard County,IA,1,4559,1677,2611,271,NA,0.3678438254003071,19,089,Howard County,9219,county,19089
19147,Palo Alto County,IA,1,4703,1398,3081,224,NA,0.2972570699553477,19,147,Palo Alto County,9059,county,19147
19167,Sioux County,IA,2,18194,2300,14785,1109,NA,0.12641530174782895,19,167,Sioux County,34841,county,19167
19191,Winneshiek County,IA,8,11362,5254,5344,764,NA,0.46241858827671184,19,191,Winneshiek County,20131,county,19191
21025,Breathitt County,KY,1,5738,1537,3991,210,NA,0.2678633670268386,21,025,Breathitt County,12931,county,21025
21071,Floyd County,KY,4,16540,4015,11993,532,NA,0.24274486094316808,21,071,Floyd County,36261,county,21071
21079,Garrard County,KY,1,7623,1453,5904,266,NA,0.19060737242555426,21,079,Garrard County,17497,county,21079
21095,Harlan County,KY,2,10757,1372,9129,256,NA,0.12754485451334016,21,095,Harlan County,26725,county,21095
21115,Johnson County,KY,1,9572,1250,8043,279,NA,0.13058921855411618,21,115,Johnson County,22571,county,21115
21131,Leslie County,KY,1,4492,400,4015,77,NA,0.08904719501335707,21,131,Leslie County,10309,county,21131
21133,Letcher County,KY,2,9134,1542,7293,299,NA,0.1688197941756076,21,133,Letcher County,22328,county,21133
21141,Logan County,KY,1,10899,2755,7778,366,NA,0.25277548398935684,21,141,Logan County,27014,county,21141
21157,Marshall County,KY,2,16698,3672,12322,704,NA,0.21990657563780094,21,157,Marshall County,31311,county,21157
21167,Mercer County,KY,1,10585,2395,7740,450,NA,0.22626358053849788,21,167,Mercer County,21588,county,21167
21193,Perry County,KY,2,10572,2136,8158,278,NA,0.20204313280363223,21,193,Perry County,26479,county,21193
21195,Pike County,KY,10,24665,4280,19747,638,NA,0.1735252381917697,21,195,Pike County,58862,county,21195
21205,Rowan County,KY,1,8848,3295,5174,379,NA,0.3724005424954792,21,205,Rowan County,24562,county,21205
21213,Simpson County,KY,1,7531,2144,5077,310,NA,0.2846899482140486,21,213,Simpson County,18105,county,21213
21233,Webster County,KY,1,5805,1240,4397,168,NA,0.2136089577950043,21,233,Webster County,13071,county,21233
22007,Assumption Parish,LA,1,10904,3931,6714,259,NA,0.360509904622157,22,007,Assumption Parish,22580,county,22007
22009,Avoyelles Parish,LA,1,16586,5035,11165,386,NA,0.3035692752924153,22,009,Avoyelles Parish,40871,county,22009
22039,Evangeline Parish,LA,1,14882,4208,10360,314,NA,0.28275769385835237,22,039,Evangeline Parish,33625,county,22039
23003,Aroostook County,ME,3,35097,13386,19419,2292,NA,0.38140011966834775,23,003,Aroostook County,67595,county,23003
23007,Franklin County,ME,3,16488,7016,7918,1554,NA,0.4255215914604561,23,007,Franklin County,29852,county,23007
23009,Hancock County,ME,16,32130,16117,13705,2308,NA,0.5016184251478369,23,009,Hancock County,54597,county,23009
23013,Knox County,ME,20,23147,12443,9148,1556,NA,0.5375642631874541,23,013,Knox County,39869,county,23013
23015,Lincoln County,ME,2,21503,10241,9727,1535,NA,0.476259126633493,23,015,Lincoln County,34190,county,23015
23017,Oxford County,ME,1,31201,12172,16210,2819,NA,0.39011570141982627,23,017,Oxford County,57430,county,23017
23025,Somerset County,ME,6,26064,9092,15001,1971,NA,0.3488336402701044,23,025,Somerset County,50421,county,23025
23027,Waldo County,ME,4,22707,10440,10378,1889,NA,0.45977011494252873,23,027,Waldo County,39800,county,23027
23029,Washington County,ME,6,16365,6075,9093,1197,NA,0.3712190650779102,23,029,Washington County,31540,county,23029
24029,Kent County,MD,1,10021,4575,4876,570,NA,0.45654126334697137,24,029,Kent County,19437,county,24029
25019,Nantucket County,MA,3,6406,4146,1892,368,NA,0.6472057446144239,25,019,Nantucket County,11270,county,25019
26013,Baraga County,MI,3,3490,1156,2158,176,NA,0.3312320916905444,26,013,Baraga County,8438,county,26013
26031,Cheboygan County,MI,1,13672,4302,8683,687,NA,0.3146576945582212,26,031,Cheboygan County,25398,county,26031
26035,Clare County,MI,1,13389,4249,8505,635,NA,0.3173500634849503,26,035,Clare County,30597,county,26035
26047,Emmet County,MI,2,18802,6972,10616,1214,NA,0.3708116157855547,26,047,Emmet County,33127,county,26047
26053,Gogebic County,MI,2,7329,2925,4018,386,NA,0.39909946786737616,26,053,Gogebic County,15338,county,26053
26063,Huron County,MI,1,15917,4579,10692,646,NA,0.2876798391656719,26,063,Huron County,31271,county,26063
26069,Iosco County,MI,1,13361,4345,8345,671,NA,0.32520020956515233,26,069,Iosco County,25122,county,26069
26101,Manistee County,MI,3,12599,4979,6915,705,NA,0.39519009445194064,26,101,Manistee County,24421,county,26101
26127,Oceana County,MI,1,11930,3973,7228,729,NA,0.3330259849119866,26,127,Oceana County,26458,county,26127
26143,Roscommon County,MI,1,13041,4287,8141,613,NA,0.32873245916724175,26,143,Roscommon County,23775,county,26143
26157,Tuscola County,MI,2,25796,7429,17102,1265,NA,0.28799038610637306,26,157,Tuscola County,52794,county,26157
27005,Becker County,MN,1,17222,5208,10880,1134,NA,0.30240390198583206,27,005,Becker County,34075,county,27005
27031,Cook County,MN,7,3395,1912,1156,327,NA,0.563181148748159,27,031,Cook County,5384,county,27031
27065,Kanabec County,MN,1,8177,2327,5230,620,NA,0.2845786963434022,27,065,Kanabec County,16054,county,27065
27077,Lake of the Woods County,MN,1,2242,553,1540,149,NA,0.24665477252453166,27,077,Lake of the Woods County,3736,county,27077
27115,Pine County,MN,1,13811,4580,8191,1040,NA,0.33161972340887697,27,115,Pine County,29184,county,27115
27121,Pope County,MN,1,6319,2106,3793,420,NA,0.33328058237062824,27,121,Pope County,10985,county,27121
27149,Stevens County,MN,4,5398,2116,2799,483,NA,0.39199703593923674,27,149,Stevens County,9672,county,27149
28095,Monroe County,MS,1,15884,5524,10167,193,NA,0.347771342231176,28,095,Monroe County,35852,county,28095
28123,Scott County,MS,1,10522,4268,6122,132,NA,0.40562630678578215,28,123,Scott County,28429,county,28123
28147,Walthall County,MS,1,6919,2790,4056,73,NA,0.4032374620609915,28,147,Walthall County,14523,county,28147
29029,Camden County,MO,1,22514,4768,16944,802,NA,0.2117793373012348,29,029,Camden County,45449,county,29029
30003,Big Horn County,MT,3,4237,2094,1853,290,NA,0.49421760679726223,30,003,Big Horn County,13444,county,30003
30017,Custer County,MT,4,5185,1176,3657,352,NA,0.22680810028929604,30,017,Custer County,11725,county,30017
30035,Glacier County,MT,2,5075,3121,1620,334,NA,0.614975369458128,30,035,Glacier County,13675,county,30035
30041,Hill County,MT,4,6445,2371,3478,596,NA,0.3678820791311094,30,041,Hill County,16463,county,30041
30053,Lincoln County,MT,2,9330,2041,6729,560,NA,0.2187566988210075,30,053,Lincoln County,19508,county,30053
30067,Park County,MT,3,9359,3595,4980,784,NA,0.38412223528154715,30,067,Park County,16438,county,30067
30087,Rosebud County,MT,2,3453,987,2253,213,NA,0.2858384013900956,30,087,Rosebud County,9259,county,30087
31013,Box Butte County,NE,1,4924,965,3617,342,NA,0.19597887896019497,31,013,Box Butte County,10860,county,31013
31045,Dawes County,NE,1,3676,801,2632,243,NA,0.2178998911860718,31,045,Dawes County,8885,county,31045
31089,Holt County,NE,1,5118,531,4354,233,NA,0.10375146541617819,31,089,Holt County,10186,county,31089
31145,Red Willow County,NE,1,5170,645,4258,267,NA,0.12475822050290135,31,145,Red Willow County,10750,county,31145
31161,Sheridan County,NE,1,2608,287,2211,110,NA,0.11004601226993865,31,161,Sheridan County,5278,county,31161
31163,Sherman County,NE,2,1573,340,1150,83,NA,0.2161474888747616,31,163,Sherman County,3090,county,31163
31179,Wayne County,NE,1,3776,835,2693,248,NA,0.2211334745762712,31,179,Wayne County,9260,county,31179
32027,Pershing County,NV,1,1982,430,1403,149,NA,0.21695257315842584,32,027,Pershing County,6473,county,32027
33003,Carroll County,NH,7,29616,12987,14635,1994,NA,0.4385129659643436,33,003,Carroll County,48109,county,33003
35053,Socorro County,NM,3,6868,3313,2616,939,NA,0.48238206173558534,35,053,Socorro County,16885,county,35053
36003,Allegany County,NY,1,18692,4882,12525,1285,NA,0.2611812540124117,36,003,Allegany County,46688,county,36003
36017,Chenango County,NY,1,20160,6775,11921,1464,NA,0.33606150793650796,36,017,Chenango County,47790,county,36017
36025,Delaware County,DE,1,19792,6627,11942,1223,NA,0.3348322554567502,36,025,Delaware County,45020,county,36025
36025,Delaware County,NY,3,19792,6627,11942,1223,NA,0.3348322554567502,36,025,Delaware County,45020,county,36025
36031,Essex County,NY,3,17218,7762,7958,1498,NA,0.4508072946916018,36,031,Essex County,37511,county,36031
36039,Greene County,NY,5,22050,7405,13073,1572,NA,0.33582766439909295,36,039,Greene County,47474,county,36039
36105,Sullivan County,NY,8,29955,12568,15931,1456,NA,0.41956267734935737,36,105,Sullivan County,75079,county,36105
37009,Ashe County,NC,2,13424,3500,9412,512,NA,0.2607270560190703,37,009,Ashe County,26803,county,37009
37017,Bladen County,NC,2,15897,7058,8550,289,NA,0.4439831414732339,37,017,Bladen County,33468,county,37017
37039,Cherokee County,NC,2,14181,2860,10844,477,NA,0.20167830195331782,37,039,Cherokee County,27980,county,37039
37047,Columbus County,NC,1,23732,9063,14272,397,NA,0.38188943199056125,37,047,Columbus County,55987,county,37047
37061,Duplin County,NC,1,20856,8283,12217,356,NA,0.3971518987341772,37,061,Duplin County,58862,county,37061
37095,Hyde County,NC,1,2304,965,1288,51,NA,0.4188368055555556,37,095,Hyde County,5267,county,37095
37123,Montgomery County,NC,1,11540,4150,7130,260,NA,0.3596187175043328,37,123,Montgomery County,27347,county,37123
37149,Polk County,NC,2,10934,3735,6768,431,NA,0.34159502469361624,37,149,Polk County,20518,county,37149
38009,Bottineau County,ND,1,3494,736,2494,264,NA,0.21064682312535776,38,009,Bottineau County,6536,county,38009
39075,Holmes County,OH,1,11054,1788,8720,546,NA,0.16175140220734577,39,075,Holmes County,43887,county,39075
39131,Pike County,OH,1,11879,3539,7902,438,NA,0.2979207003956562,39,131,Pike County,28227,county,39131
39171,Williams County,OH,1,17308,4358,11939,1011,NA,0.25179107926970185,39,171,Williams County,36746,county,39171
40041,Delaware County,OK,2,15716,3311,11826,579,NA,0.21067701705268516,40,041,Delaware County,42582,county,40041
41031,Jefferson County,OR,3,9459,2980,5483,996,NA,0.3150438735595729,41,031,Jefferson County,23700,county,41031
41057,Tillamook County,OR,3,13803,5768,6538,1497,NA,0.4178801709773238,41,057,Tillamook County,26574,county,41057
42031,Clarion County,PA,1,17535,4273,12576,686,NA,0.2436840604505275,42,031,Clarion County,38975,county,42031
42065,Jefferson County,PA,1,19478,3650,15192,636,NA,0.18739090255673066,42,065,Jefferson County,43828,county,42065
42117,Tioga County,PA,1,18325,3901,13614,810,NA,0.21287858117326058,42,117,Tioga County,40701,county,42117
42127,Wayne County,PA,1,24018,7008,16244,766,NA,0.2917811641269048,42,127,Wayne County,51215,county,42127
45009,Bamberg County,SC,1,6214,3898,2204,112,NA,0.6272932088831671,45,009,Bamberg County,14397,county,45009
45061,Lee County,SC,1,8156,5199,2803,154,NA,0.6374448258950466,45,061,Lee County,17267,county,45061
46025,Clark County,SD,1,1657,398,1139,120,NA,0.24019312009656005,46,025,Clark County,3686,county,46025
46079,Lake County,SD,1,6786,2314,4038,434,NA,0.34099616858237547,46,079,Lake County,12792,county,46079
46091,Marshall County,SD,1,1947,754,1056,137,NA,0.3872624550590652,46,091,Marshall County,4998,county,46091
46102,Oglala Lakota County,SD,1,NA,NA,NA,NA,NA,NA,46,102,Oglala Lakota County,14364,county,46102
47103,Lincoln County,TN,1,13348,2554,10398,396,NA,0.19133952652082709,47,103,Lincoln County,33833,county,47103
47123,Monroe County,TN,1,17093,3186,13374,533,NA,0.1863920903293746,47,123,Monroe County,46098,county,47123
48043,Brewster County,TX,2,4252,1873,2077,302,NA,0.44049858889934146,48,043,Brewster County,9330,county,48043
48127,Dimmit County,TX,1,3225,2173,974,78,NA,0.6737984496124031,48,127,Dimmit County,10346,county,48127
48163,Frio County,TX,1,4400,2444,1856,100,NA,0.5554545454545454,48,163,Frio County,19564,county,48163
48507,Zavala County,TX,2,3396,2636,694,66,NA,0.7762073027090695,48,507,Zavala County,11965,county,48507
49019,Grand County,UT,5,4533,1960,1975,598,NA,0.43238473417163026,49,019,Grand County,9640,county,49019
49025,Kane County,UT,1,3505,741,2265,499,NA,0.21141226818830242,49,025,Kane County,7537,county,49025
49037,San Juan County,UT,4,5447,2042,2645,760,NA,0.37488525794015054,49,037,San Juan County,15320,county,49037
50001,Addison County,VT,6,19031,11219,5297,2515,NA,0.5895118490883295,50,001,Addison County,36940,county,50001
50005,Caledonia County,VT,4,14075,6445,5534,2096,NA,0.45790408525754883,50,005,Caledonia County,30154,county,50005
50015,Lamoille County,VT,1,12762,7241,3570,1951,NA,0.5673875568092775,50,015,Lamoille County,25345,county,50015
50019,Orleans County,VT,2,12047,5185,5159,1703,NA,0.430397609363327,50,019,Orleans County,26834,county,50019
50025,Windham County,VT,17,22635,14340,5454,2841,NA,0.633532140490391,50,025,Windham County,42906,county,50025
51001,Accomack County,VA,3,15818,6740,8583,495,NA,0.4260968516879504,51,001,Accomack County,32566,county,51001
51109,Louisa County,VA,2,17631,6212,10528,891,NA,0.35233395723441663,51,109,Louisa County,35885,county,51109
51131,Northampton County,VA,1,6172,3255,2686,231,NA,0.5273817239144524,51,131,Northampton County,11887,county,51131
51141,Patrick County,VA,1,8525,1768,6454,303,NA,0.2073900293255132,51,141,Patrick County,17708,county,51141
51171,Shenandoah County,VA,5,20513,5273,14094,1146,NA,0.25705650075561837,51,171,Shenandoah County,43271,county,51171
51678,Lexington city,VA,7,2465,1514,766,185,NA,0.6141987829614605,51,678,Lexington city,7082,county,51678
53031,Jefferson County,WA,8,20276,12656,6037,1583,NA,0.6241862300256461,53,031,Jefferson County,31191,county,53031
53047,Okanogan County,WA,1,17091,6298,9610,1183,NA,0.36849803990404306,53,047,Okanogan County,41898,county,53047
53055,San Juan County,WA,13,10774,7172,2688,914,NA,0.6656766289214776,53,055,San Juan County,16725,county,53055
54007,Braxton County,WV,2,5090,1321,3537,232,NA,0.2595284872298625,54,007,Braxton County,14224,county,54007
54025,Greenbrier County,WV,8,14066,3765,9556,745,NA,0.2676667140622778,54,025,Greenbrier County,35243,county,54025
54035,Jackson County,WV,1,12187,2663,9020,504,NA,0.21851152867809961,54,035,Jackson County,28907,county,54035
54041,Lewis County,WV,1,6928,1347,5274,307,NA,0.19442840646651272,54,041,Lewis County,16192,county,54041
54059,Mingo County,WV,1,9510,1370,7911,229,NA,0.1440588853838065,54,059,Mingo County,24138,county,54059
54063,Monroe County,WV,5,5805,1111,4443,251,NA,0.19138673557278207,54,063,Monroe County,13373,county,54063
54065,Morgan County,WV,2,7654,1573,5732,349,NA,0.20551345701593937,54,065,Morgan County,17709,county,54065
54071,Pendleton County,WV,3,3225,729,2398,98,NA,0.22604651162790698,54,071,Pendleton County,6970,county,54071
54089,Summers County,WV,1,4862,1190,3455,217,NA,0.24475524475524477,54,089,Summers County,12891,county,54089
54097,Upshur County,WV,3,9218,1766,7005,447,NA,0.19158168800173572,54,097,Upshur County,24546,county,54097
54109,Wyoming County,WV,1,7831,1062,6547,222,NA,0.13561486400204317,54,109,Wyoming County,21248,county,54109
55001,Adams County,WI,1,10164,3770,5983,411,NA,0.3709169618260527,55,001,Adams County,19891,county,55001
55003,Ashland County,WI,6,8029,4228,3302,499,NA,0.5265911072362686,55,003,Ashland County,15513,county,55003
55007,Bayfield County,WI,1,9529,4954,4125,450,NA,0.5198866617693357,55,007,Bayfield County,15033,county,55007
55029,Door County,WI,2,17608,8026,8584,998,NA,0.4558155383916402,55,029,Door County,27480,county,55029
55047,Green Lake County,WI,1,9388,2701,6213,474,NA,0.28770771197273115,55,047,Green Lake County,18785,county,55047
55067,Langlade County,WI,1,10132,3260,6436,436,NA,0.32175286221871296,55,067,Langlade County,19171,county,55067
55081,Monroe County,WI,1,19670,7048,11352,1270,NA,0.358312150482969,55,081,Monroe County,45617,county,55081
55085,Oneida County,WI,5,21473,8104,12117,1252,NA,0.37740418199599496,55,085,Oneida County,35287,county,55085
55123,Vernon County,WI,3,14213,6352,6996,865,NA,0.4469147963132344,55,123,Vernon County,30737,county,55123
56029,Park County,WY,6,15095,2535,11115,1445,NA,0.16793640278237826,56,029,Park County,29189,county,56029
56035,Sublette County,WY,2,4390,644,3409,337,NA,0.14669703872437356,56,035,Sublette County,9759,county,56035
