CBSAFP,protest_count,democrat,republican,totalvotes,perc_democrat,pop,location_type,location_id,NAME,GEOID,state,no_party,state_fips,county_fips,CTYNAME
10100,4,5832,11046,18032,0.3234250221827862,43235,CBSA,10100,"Aberdeen, SD",NA,NA,NA,NA,NA,NA
10140,15,12020,14067,28367,0.42373180103641556,72553,CBSA,10140,"Aberdeen, WA",NA,NA,NA,NA,NA,NA
10180,6,11590,42934,57298,0.20227582114558973,170516,CBSA,10180,"Abilene, TX",NA,NA,NA,NA,NA,NA
10300,9,16750,26430,45939,0.3646139445786804,98482,CBSA,10300,"Adrian, MI",NA,NA,NA,NA,NA,NA
10420,30,166653,151997,334118,0.4987848604385277,704367,CBSA,10420,"Akron, OH",NA,NA,NA,NA,NA,NA
10460,4,6124,11887,20060,0.305284147557328,66198,CBSA,10460,"Alamogordo, NM",NA,NA,NA,NA,NA,NA
10500,3,31418,29679,62154,0.5054863725584837,151293,CBSA,10500,"Albany, GA",NA,NA,NA,NA,NA,NA
10540,4,17995,33488,58719,0.3064595786712989,124977,CBSA,10540,"Albany, OR",NA,NA,NA,NA,NA,NA
10580,139,204694,173895,406816,0.503161134272005,882130,CBSA,10580,"Albany-Schenectady-Troy, NY",NA,NA,NA,NA,NA,NA
10620,1,7094,21964,29917,0.23712270615369188,61451,CBSA,10620,"Albemarle, NC",NA,NA,NA,NA,NA,NA
10660,4,6041,8808,16051,0.376362843436546,30537,CBSA,10660,"Albert Lea, MN",NA,NA,NA,NA,NA,NA
10740,88,183750,137532,370268,0.4962621668629209,912897,CBSA,10740,"Albuquerque, NM",NA,NA,NA,NA,NA,NA
10780,4,19503,44224,65665,0.29700753826239246,153604,CBSA,10780,"Alexandria, LA",NA,NA,NA,NA,NA,NA
10820,1,6227,13966,21785,0.2858388799632775,37556,CBSA,10820,"Alexandria, MN",NA,NA,NA,NA,NA,NA
10900,60,173813,194027,382524,0.45438456149156653,838081,CBSA,10900,"Allentown-Bethlehem-Easton, PA-NJ",NA,NA,NA,NA,NA,NA
10940,3,5666,9880,16465,0.34412389918007896,41011,CBSA,10940,"Alma, MI",NA,NA,NA,NA,NA,NA
10980,3,4877,9090,14698,0.3318138522247925,28438,CBSA,10980,"Alpena, MI",NA,NA,NA,NA,NA,NA
11020,6,13958,39135,54909,0.25420240761988017,123175,CBSA,11020,"Altoona, PA",NA,NA,NA,NA,NA,NA
11100,12,16421,67486,87889,0.18683794331486306,264955,CBSA,11100,"Amarillo, TX",NA,NA,NA,NA,NA,NA
11180,12,25709,19458,50667,0.5074111354530563,97260,CBSA,11180,"Ames, IA",NA,NA,NA,NA,NA,NA
11220,1,6595,11301,19054,0.34612154928099087,49216,CBSA,11220,"Amsterdam, NY",NA,NA,NA,NA,NA,NA
11260,61,NA,NA,NA,NA,400647,CBSA,11260,"Anchorage, AK",NA,NA,NA,NA,NA,NA
11420,3,3744,10133,14566,0.257036935328848,34421,CBSA,11420,"Angola, IN",NA,NA,NA,NA,NA,NA
11460,83,128483,50631,188578,0.6813254992629044,369208,CBSA,11460,"Ann Arbor, MI",NA,NA,NA,NA,NA,NA
11500,3,13242,32865,47864,0.2766588667892362,114664,CBSA,11500,"Anniston-Oxford-Jacksonville, AL",NA,NA,NA,NA,NA,NA
11540,16,47733,65232,120518,0.3960653180437777,236058,CBSA,11540,"Appleton, WI",NA,NA,NA,NA,NA,NA
11620,1,4002,13752,18534,0.2159274846228553,48295,CBSA,11620,"Ardmore, OK",NA,NA,NA,NA,NA,NA
11680,2,3551,8270,12621,0.2813564693764361,35356,CBSA,11680,"Arkansas City-Winfield, KS",NA,NA,NA,NA,NA,NA
11700,74,109678,117237,239119,0.4586753875685328,455255,CBSA,11700,"Asheville, NC",NA,NA,NA,NA,NA,NA
11740,2,5740,17493,24590,0.23342822285481904,53685,CBSA,11740,"Ashland, OH",NA,NA,NA,NA,NA,NA
11780,1,15577,23318,40867,0.38116328578070324,97692,CBSA,11780,"Ashtabula, OH",NA,NA,NA,NA,NA,NA
11820,10,9252,8138,19664,0.4705044751830757,39119,CBSA,11820,"Astoria, OR",NA,NA,NA,NA,NA,NA
11900,27,16370,11354,29443,0.5559895391094658,66664,CBSA,11900,"Athens, OH",NA,NA,NA,NA,NA,NA
11980,1,5669,23650,30045,0.18868364120485936,81061,CBSA,11980,"Athens, TX",NA,NA,NA,NA,NA,NA
12020,42,39440,39968,83797,0.4706612408558779,208997,CBSA,12020,"Athens-Clarke County, GA",NA,NA,NA,NA,NA,NA
12060,167,1250397,1057123,2405433,0.5198220029408427,5874249,CBSA,12060,"Atlanta-Sandy Springs-Roswell, GA",NA,NA,NA,NA,NA,NA
12100,21,60924,52690,117291,0.519426042918894,266328,CBSA,12100,"Atlantic City-Hammonton, NJ",NA,NA,NA,NA,NA,NA
12140,1,3942,12054,16902,0.23322683706070288,42822,CBSA,12140,"Auburn, IN",NA,NA,NA,NA,NA,NA
12180,7,13522,17384,33172,0.40763294344628,77463,CBSA,12180,"Auburn, NY",NA,NA,NA,NA,NA,NA
12220,5,21230,34617,59191,0.35866939230626277,161641,CBSA,12220,"Auburn-Opelika, AL",NA,NA,NA,NA,NA,NA
12260,21,107350,133095,249474,0.43030536248266354,600006,CBSA,12260,"Augusta-Richmond County, GA-SC",NA,NA,NA,NA,NA,NA
12300,54,29302,31675,66208,0.44257491541807636,121929,CBSA,12300,"Augusta-Waterville, ME",NA,NA,NA,NA,NA,NA
12380,1,7437,8823,17715,0.41981371718882304,39699,CBSA,12380,"Austin, MN",NA,NA,NA,NA,NA,NA
12420,216,441316,288229,784511,0.5625364080299703,2115230,CBSA,12420,"Austin-Round Rock, TX",NA,NA,NA,NA,NA,NA
12540,51,98689,129584,244163,0.4041931005107244,888988,CBSA,12540,"Bakersfield, CA",NA,NA,NA,NA,NA,NA
12580,155,733718,497637,1314401,0.5582147305122257,2798587,CBSA,12580,"Baltimore-Columbia-Towson, MD",NA,NA,NA,NA,NA,NA
12620,24,32838,41622,80540,0.40772287062329277,151190,CBSA,12620,"Bangor, ME",NA,NA,NA,NA,NA,NA
12660,1,14692,14791,31318,0.469123187943036,63918,CBSA,12660,"Baraboo, WI",NA,NA,NA,NA,NA,NA
12700,28,72430,54099,133862,0.541079619309438,213482,CBSA,12700,"Barnstable Town, MA",NA,NA,NA,NA,NA,NA
12740,63,18594,7993,31086,0.5981470758540822,58283,CBSA,12740,"Barre, VT",NA,NA,NA,NA,NA,NA
12780,1,5048,15825,22224,0.22714182865370772,52016,CBSA,12780,"Bartlesville, OK",NA,NA,NA,NA,NA,NA
12820,1,5155,6502,11852,0.43494768815389806,25687,CBSA,12820,"Bastrop, LA",NA,NA,NA,NA,NA,NA
12860,1,7650,16915,26432,0.2894219128329298,57816,CBSA,12860,"Batavia, NY",NA,NA,NA,NA,NA,NA
12940,28,154561,202119,371220,0.4163595711437961,831182,CBSA,12940,"Baton Rouge, LA",NA,NA,NA,NA,NA,NA
12980,18,24157,31494,58902,0.4101218973888832,134358,CBSA,12980,"Battle Creek, MI",NA,NA,NA,NA,NA,NA
13020,10,21642,28328,52977,0.4085169035619231,104189,CBSA,13020,"Bay City, MI",NA,NA,NA,NA,NA,NA
13140,4,52114,92269,147932,0.3522834815996539,412616,CBSA,13140,"Beaumont-Port Arthur, TX",NA,NA,NA,NA,NA,NA
13180,1,13968,26643,43065,0.3243469174503657,87750,CBSA,13180,"Beaver Dam, WI",NA,NA,NA,NA,NA,NA
13220,13,10733,32405,44955,0.2387498609720832,118639,CBSA,13220,"Beckley, WV",NA,NA,NA,NA,NA,NA
13260,1,4210,14035,19152,0.2198203842940685,45625,CBSA,13260,"Bedford, IN",NA,NA,NA,NA,NA,NA
13300,1,3444,4744,8485,0.40589275191514435,32599,CBSA,13300,"Beeville, TX",NA,NA,NA,NA,NA,NA
13380,20,60340,40599,109673,0.5501809925870542,221650,CBSA,13380,"Bellingham, WA",NA,NA,NA,NA,NA,NA
13420,17,8688,10783,21564,0.4028937117417919,46484,CBSA,13420,"Bemidji, MN",NA,NA,NA,NA,NA,NA
13460,21,42444,45692,98557,0.4306543421573303,186807,CBSA,13460,"Bend-Redmond, OR",NA,NA,NA,NA,NA,NA
13540,13,9539,5925,17381,0.5488176744721247,35713,CBSA,13540,"Bennington, VT",NA,NA,NA,NA,NA,NA
13620,2,7582,9458,18552,0.4086890901250539,37797,CBSA,13620,"Berlin, NH-VT",NA,NA,NA,NA,NA,NA
13660,2,5827,10305,17168,0.33941053122087605,43358,CBSA,13660,"Big Rapids, MI",NA,NA,NA,NA,NA,NA
13720,4,4419,18039,23063,0.1916056020465681,57224,CBSA,13720,"Big Stone Gap, VA",NA,NA,NA,NA,NA,NA
13740,25,24070,45033,75573,0.31849999338388046,170740,CBSA,13740,"Billings, MT",NA,NA,NA,NA,NA,NA
13780,6,46738,54203,108371,0.43127774035489197,241609,CBSA,13780,"Binghamton, NY",NA,NA,NA,NA,NA,NA
13820,27,196877,308383,526093,0.37422470931945495,1149685,CBSA,13820,"Birmingham-Hoover, AL",NA,NA,NA,NA,NA,NA
13900,13,14838,44958,66060,0.22461398728428703,132418,CBSA,13900,"Bismarck, ND",NA,NA,NA,NA,NA,NA
13980,27,31368,43622,80546,0.3894420579544608,182692,CBSA,13980,"Blacksburg-Christiansburg-Radford, VA",NA,NA,NA,NA,NA,NA
14010,19,38106,42314,87378,0.4361051981047861,188754,CBSA,14010,"Bloomington, IL",NA,NA,NA,NA,NA,NA
14020,34,36162,26745,67011,0.5396427452209339,167513,CBSA,14020,"Bloomington, IN",NA,NA,NA,NA,NA,NA
14100,7,11791,23292,36784,0.3205469769464985,83924,CBSA,14100,"Bloomsburg-Berwick, PA",NA,NA,NA,NA,NA,NA
14140,4,7599,32572,41548,0.18289689034369885,100947,CBSA,14140,"Bluefield, WV-VA",NA,NA,NA,NA,NA,NA
14260,66,95157,152679,284147,0.33488652000549013,710080,CBSA,14260,"Boise City, ID",NA,NA,NA,NA,NA,NA
14380,10,14138,13697,29985,0.4715024178756045,55088,CBSA,14380,"Boone, NC",NA,NA,NA,NA,NA,NA
14460,415,1460641,761141,2351502,0.6211523528366125,4844597,CBSA,14460,"Boston-Cambridge-Newton, MA-NH",NA,NA,NA,NA,NA,NA
14500,73,132334,41396,188142,0.7033729842353116,324073,CBSA,14500,"Boulder, CO",NA,NA,NA,NA,NA,NA
14540,20,20241,43702,67370,0.3004453020632329,174962,CBSA,14540,"Bowling Green, KY",NA,NA,NA,NA,NA,NA
14580,28,24246,23802,53819,0.45051004292164476,108656,CBSA,14580,"Bozeman, MT",NA,NA,NA,NA,NA,NA
14620,1,4025,11635,16296,0.24699312714776633,41329,CBSA,14620,"Bradford, PA",NA,NA,NA,NA,NA,NA
14660,9,15931,32269,51841,0.3073050288381783,93651,CBSA,14660,"Brainerd, MN",NA,NA,NA,NA,NA,NA
14700,1,7260,31434,40082,0.18112868619330372,86783,CBSA,14700,"Branson, MO",NA,NA,NA,NA,NA,NA
14720,1,9557,5100,16174,0.5908866081365154,31004,CBSA,14720,"Breckenridge, CO",NA,NA,NA,NA,NA,NA
14740,26,63156,49018,124317,0.5080238422741862,266550,CBSA,14740,"Bremerton-Silverdale, WA",NA,NA,NA,NA,NA,NA
14780,3,3382,10945,14828,0.22808200701375775,34897,CBSA,14780,"Brenham, TX",NA,NA,NA,NA,NA,NA
14820,6,6558,10520,17869,0.3670043091387319,33825,CBSA,14820,"Brevard, NC",NA,NA,NA,NA,NA,NA
14860,123,243852,160077,421209,0.5789334985719679,943457,CBSA,14860,"Bridgeport-Stamford-Norwalk, CT",NA,NA,NA,NA,NA,NA
15060,9,4300,7212,12611,0.34097216715565776,22676,CBSA,15060,"Brookings, OR",NA,NA,NA,NA,NA,NA
15100,1,4879,6748,12680,0.38477917981072557,34668,CBSA,15100,"Brookings, SD",NA,NA,NA,NA,NA,NA
15140,1,3711,3013,6834,0.5430201931518877,17596,CBSA,15140,"Brownsville, TN",NA,NA,NA,NA,NA,NA
15180,21,59402,29472,92079,0.6451199513461267,423181,CBSA,15180,"Brownsville-Harlingen, TX",NA,NA,NA,NA,NA,NA
15220,1,1621,12017,14026,0.11557108227577356,37870,CBSA,15220,"Brownwood, TX",NA,NA,NA,NA,NA,NA
15260,4,14697,30566,46467,0.31628897927561495,117728,CBSA,15260,"Brunswick, GA",NA,NA,NA,NA,NA,NA
15380,92,251015,240264,516027,0.48643772515779216,1129660,CBSA,15380,"Buffalo-Cheektowaga-Niagara Falls, NY",NA,NA,NA,NA,NA,NA
15420,2,2203,10836,15049,0.1463884643497907,44493,CBSA,15420,"Burley, ID",NA,NA,NA,NA,NA,NA
15460,2,9367,11684,22621,0.4140842579903629,46139,CBSA,15460,"Burlington, IA-IL",NA,NA,NA,NA,NA,NA
15500,16,29833,38815,71157,0.4192560113551724,163529,CBSA,15500,"Burlington, NC",NA,NA,NA,NA,NA,NA
15540,64,66259,28840,108939,0.6082211145687035,218881,CBSA,15540,"Burlington-South Burlington, VT",NA,NA,NA,NA,NA,NA
15580,11,8619,6376,16452,0.5238876732312181,34915,CBSA,15580,"Butte-Silver Bow, MT",NA,NA,NA,NA,NA,NA
15620,1,6001,15386,22615,0.26535485297369005,48287,CBSA,15620,"Cadillac, MI",NA,NA,NA,NA,NA,NA
15700,1,6245,8413,15225,0.4101806239737274,32145,CBSA,15700,"Cambridge, MD",NA,NA,NA,NA,NA,NA
15860,3,5297,15122,21973,0.2410685841714832,47607,CBSA,15860,"Cañon City, CO",NA,NA,NA,NA,NA,NA
15940,5,71300,107642,188313,0.37862494888828707,399418,CBSA,15940,"Canton-Massillon, OH",NA,NA,NA,NA,NA,NA
15980,36,124908,191551,326420,0.3826603762024386,739506,CBSA,15980,"Cape Coral-Fort Myers, FL",NA,NA,NA,NA,NA,NA
16020,10,10459,33340,45560,0.22956540825285338,96873,CBSA,16020,"Cape Girardeau, MO-IL",NA,NA,NA,NA,NA,NA
16060,13,20215,32413,56469,0.3579840266340824,125065,CBSA,16060,"Carbondale-Marion, IL",NA,NA,NA,NA,NA,NA
16100,4,5033,13147,19667,0.25591091676412264,57205,CBSA,16100,"Carlsbad-Artesia, NM",NA,NA,NA,NA,NA,NA
16180,12,9610,13125,25016,0.3841541413495363,54608,CBSA,16180,"Carson City, NV",NA,NA,NA,NA,NA,NA
16220,6,6577,23552,33348,0.19722322178241575,79556,CBSA,16220,"Casper, WY",NA,NA,NA,NA,NA,NA
16260,2,2450,11561,17654,0.1387787470261697,50822,CBSA,16260,"Cedar City, UT",NA,NA,NA,NA,NA,NA
16300,21,67400,62342,141075,0.4777600567074251,270594,CBSA,16300,"Cedar Rapids, IA",NA,NA,NA,NA,NA,NA
16540,2,17465,49768,69731,0.2504624915747659,154487,CBSA,16540,"Chambersburg-Waynesboro, PA",NA,NA,NA,NA,NA,NA
16580,20,54196,43482,107032,0.5063532401524777,239877,CBSA,16580,"Champaign-Urbana, IL",NA,NA,NA,NA,NA,NA
16620,55,30621,52654,87345,0.3505753048256912,214398,CBSA,16620,"Charleston, WV",NA,NA,NA,NA,NA,NA
16660,3,8340,17209,27430,0.3040466642362377,62212,CBSA,16660,"Charleston-Mattoon, IL",NA,NA,NA,NA,NA,NA
16700,65,144059,155017,318429,0.4524054027742448,775089,CBSA,16700,"Charleston-North Charleston, SC",NA,NA,NA,NA,NA,NA
16740,94,511612,561950,1122733,0.4556844770751372,2524863,CBSA,16740,"Charlotte-Concord-Gastonia, NC-SC",NA,NA,NA,NA,NA,NA
16820,66,66747,43293,118016,0.565575854121475,233586,CBSA,16820,"Charlottesville, VA",NA,NA,NA,NA,NA,NA
16860,20,69152,135747,215919,0.3202682487414262,556081,CBSA,16860,"Chattanooga, TN-GA",NA,NA,NA,NA,NA,NA
16940,20,11573,24847,40969,0.28248187654079915,98460,CBSA,16940,"Cheyenne, WY",NA,NA,NA,NA,NA,NA
16980,386,2572588,1237982,4027800,0.6387079795421818,9520784,CBSA,16980,"Chicago-Naperville-Elgin, IL-IN-WI",NA,NA,NA,NA,NA,NA
17020,19,41567,45144,95564,0.4349650496002679,229207,CBSA,17020,"Chico, CA",NA,NA,NA,NA,NA,NA
17060,10,10356,18652,30380,0.34088215931533905,77320,CBSA,17060,"Chillicothe, OH",NA,NA,NA,NA,NA,NA
17140,73,403869,587167,1043699,0.38695926699172845,2179858,CBSA,17140,"Cincinnati, OH-KY-IN",NA,NA,NA,NA,NA,NA
17200,31,63817,43418,118451,0.5387628639690674,217272,CBSA,17200,"Claremont-Lebanon, NH-VT",NA,NA,NA,NA,NA,NA
17220,1,9547,25841,37338,0.2556912528791044,93362,CBSA,17220,"Clarksburg, WV",NA,NA,NA,NA,NA,NA
17260,1,6378,2426,8912,0.7156642728904847,23185,CBSA,17260,"Clarksdale, MS",NA,NA,NA,NA,NA,NA
17300,12,30474,51380,86454,0.3524880283156361,285691,CBSA,17300,"Clarksville, TN-KY",NA,NA,NA,NA,NA,NA
17340,2,11496,10599,24496,0.46930111038536904,64162,CBSA,17340,"Clearlake, CA",NA,NA,NA,NA,NA,NA
17420,1,8322,34865,45186,0.18417208870003984,122082,CBSA,17420,"Cleveland, TN",NA,NA,NA,NA,NA,NA
17460,99,561368,400321,1001944,0.5602788179778511,2058549,CBSA,17460,"Cleveland-Elyria, OH",NA,NA,NA,NA,NA,NA
17540,1,10095,11276,23067,0.4376381844193003,46902,CBSA,17540,"Clinton, IA",NA,NA,NA,NA,NA,NA
17580,3,3121,9035,13370,0.23343305908750936,49842,CBSA,17580,"Clovis, NM",NA,NA,NA,NA,NA,NA
17660,6,16264,44449,66310,0.24527220630372493,157485,CBSA,17660,"Coeur d'Alene, ID",NA,NA,NA,NA,NA,NA
17740,1,5061,11786,17663,0.28653116684594915,43423,CBSA,17740,"Coldwater, MI",NA,NA,NA,NA,NA,NA
17780,17,26815,48722,81206,0.3302095904243529,258825,CBSA,17780,"College Station-Bryan, TX",NA,NA,NA,NA,NA,NA
17820,68,111613,188973,333411,0.33476100068683995,725438,CBSA,17820,"Colorado Springs, CO",NA,NA,NA,NA,NA,NA
17860,43,41125,36200,83868,0.4903538894453188,178523,CBSA,17860,"Columbia, MO",NA,NA,NA,NA,NA,NA
17900,51,166891,163377,347190,0.4806906880958553,825110,CBSA,17900,"Columbia, SC",NA,NA,NA,NA,NA,NA
17980,9,55323,50794,109370,0.5058334095272927,303436,CBSA,17980,"Columbus, GA-AL",NA,NA,NA,NA,NA,NA
18020,10,9841,20640,32490,0.30289319790704833,82429,CBSA,18020,"Columbus, IN",NA,NA,NA,NA,NA,NA
18140,94,475027,429930,954519,0.49766112565595866,2082475,CBSA,18140,"Columbus, OH",NA,NA,NA,NA,NA,NA
18180,48,40198,37674,83648,0.4805614001530222,150169,CBSA,18180,"Concord, NH",NA,NA,NA,NA,NA,NA
18260,4,9925,28297,39907,0.2487032350214248,111033,CBSA,18260,"Cookeville, TN",NA,NA,NA,NA,NA,NA
18300,19,10448,17865,31313,0.3336633347172101,63781,CBSA,18300,"Coos Bay, OR",NA,NA,NA,NA,NA,NA
18420,1,2684,11819,14783,0.18155989988500304,37203,CBSA,18420,"Corinth, MS",NA,NA,NA,NA,NA,NA
18500,2,12526,26831,42002,0.29822389410028094,96249,CBSA,18500,"Corning, NY",NA,NA,NA,NA,NA,NA
18580,25,59534,71536,136573,0.4359133943019484,453684,CBSA,18580,"Corpus Christi, TX",NA,NA,NA,NA,NA,NA
18660,1,8771,9900,20244,0.43326417704011067,47836,CBSA,18660,"Cortland, NY",NA,NA,NA,NA,NA,NA
18700,28,29193,13445,48753,0.5987939203741308,91567,CBSA,18700,"Corvallis, OR",NA,NA,NA,NA,NA,NA
18820,3,3362,11059,15156,0.22182633940353655,38397,CBSA,18820,"Crawfordsville, IN",NA,NA,NA,NA,NA,NA
18860,1,3485,5134,9558,0.36461602845783636,27428,CBSA,18860,"Crescent City, CA",NA,NA,NA,NA,NA,NA
18880,5,30656,97649,134492,0.2279392082800464,271959,CBSA,18880,"Crestview-Fort Walton Beach-Destin, FL",NA,NA,NA,NA,NA,NA
18900,2,5202,20413,26360,0.19734446130500757,59005,CBSA,18900,"Crossville, TN",NA,NA,NA,NA,NA,NA
19000,3,7713,9870,18713,0.41217335542136485,43192,CBSA,19000,"Cullowhee, NC",NA,NA,NA,NA,NA,NA
19060,4,9925,30340,42218,0.23508929840352455,98566,CBSA,19060,"Cumberland, MD-WV",NA,NA,NA,NA,NA,NA
19100,165,1070861,1243485,2433349,0.44007702964104206,7407944,CBSA,19100,"Dallas-Fort Worth-Arlington, TX",NA,NA,NA,NA,NA,NA
19140,4,9737,31878,43116,0.22583263753594954,143872,CBSA,19140,"Dalton, GA",NA,NA,NA,NA,NA,NA
19180,4,10039,19087,30570,0.32839385017991496,77776,CBSA,19180,"Danville, IL",NA,NA,NA,NA,NA,NA
19220,4,6146,15378,22507,0.2730706002576976,54456,CBSA,19220,"Danville, KY",NA,NA,NA,NA,NA,NA
19260,10,20258,28857,50550,0.4007517309594461,102363,CBSA,19260,"Danville, VA",NA,NA,NA,NA,NA,NA
19300,1,18458,72883,95215,0.193856010082445,212619,CBSA,19300,"Daphne-Fairhope-Foley, AL",NA,NA,NA,NA,NA,NA
19340,35,84680,84939,183382,0.4617683305886074,381854,CBSA,19340,"Davenport-Moline-Rock Island, IA-IL",NA,NA,NA,NA,NA,NA
19380,71,164079,209528,392893,0.4176175192736954,803713,CBSA,19380,"Dayton, OH",NA,NA,NA,NA,NA,NA
19460,1,14881,48319,65473,0.2272845295007102,151888,CBSA,19460,"Decatur, AL",NA,NA,NA,NA,NA,NA
19500,9,18343,26866,48060,0.38166874739908446,105533,CBSA,19500,"Decatur, IL",NA,NA,NA,NA,NA,NA
19540,1,2805,9648,13090,0.21428571428571427,35422,CBSA,19540,"Decatur, IN",NA,NA,NA,NA,NA,NA
19620,3,6964,5890,13617,0.5114195490930454,49096,CBSA,19620,"Del Rio, TX",NA,NA,NA,NA,NA,NA
19660,31,131117,176857,318372,0.41183583983516137,648117,CBSA,19660,"Deltona-Daytona Beach-Ormond Beach, FL",NA,NA,NA,NA,NA,NA
19700,7,3195,3478,7295,0.43797121315969845,24148,CBSA,19700,"Deming, NM",NA,NA,NA,NA,NA,NA
19740,169,761076,536923,1418470,0.5365471247188872,2892979,CBSA,19740,"Denver-Aurora-Lakewood, CO",NA,NA,NA,NA,NA,NA
19760,1,2393,12238,15078,0.15870805146571162,36847,CBSA,19760,"DeRidder, LA",NA,NA,NA,NA,NA,NA
19780,63,150326,136633,311493,0.4825983248419708,645100,CBSA,19780,"Des Moines-West Des Moines, IA",NA,NA,NA,NA,NA,NA
19820,259,1110502,887629,2090816,0.5311332991521014,4321704,CBSA,19820,"Detroit-Warren-Dearborn, MI",NA,NA,NA,NA,NA,NA
19980,4,2149,5114,7718,0.27844001036537963,34288,CBSA,19980,"Dodge City, KS",NA,NA,NA,NA,NA,NA
20020,5,14481,46354,62469,0.23181097824520963,147923,CBSA,20020,"Dothan, AL",NA,NA,NA,NA,NA,NA
20100,16,33351,36991,74598,0.4470763291241052,176445,CBSA,20100,"Dover, DE",NA,NA,NA,NA,NA,NA
20180,1,8200,24932,34271,0.23926935309737096,79775,CBSA,20180,"DuBois, PA",NA,NA,NA,NA,NA,NA
20220,23,22850,23460,49721,0.4595643691800245,97009,CBSA,20220,"Dubuque, IA",NA,NA,NA,NA,NA,NA
20260,34,77576,62449,153144,0.5065559212244685,278659,CBSA,20260,"Duluth, MN-WI",NA,NA,NA,NA,NA,NA
20340,1,3086,14182,17904,0.17236371760500446,43411,CBSA,20340,"Duncan, OK",NA,NA,NA,NA,NA,NA
20420,22,15525,12587,31150,0.4983948635634029,55541,CBSA,20420,"Durango, CO",NA,NA,NA,NA,NA,NA
20460,1,2804,10478,13818,0.20292372268056158,46460,CBSA,20460,"Durant, OK",NA,NA,NA,NA,NA,NA
20500,110,210071,75197,297938,0.7050829367183776,566491,CBSA,20500,"Durham-Chapel Hill, NC",NA,NA,NA,NA,NA,NA
20540,1,2816,10180,13336,0.21115776844631073,37403,CBSA,20540,"Dyersburg, TN",NA,NA,NA,NA,NA,NA
20580,1,10397,2816,13588,0.7651604356785399,58227,CBSA,20580,"Eagle Pass, TX",NA,NA,NA,NA,NA,NA
20700,8,33918,33386,69752,0.4862656267920633,168089,CBSA,20700,"East Stroudsburg, PA",NA,NA,NA,NA,NA,NA
20740,18,39180,41220,86446,0.4532309187238276,167436,CBSA,20740,"Eau Claire, WI",NA,NA,NA,NA,NA,NA
20780,8,14099,8990,25223,0.5589739523450818,54992,CBSA,20780,"Edwards, CO",NA,NA,NA,NA,NA,NA
20820,3,3083,13635,17609,0.1750809245272304,34147,CBSA,20820,"Effingham, IL",NA,NA,NA,NA,NA,NA
20940,14,32667,12704,48091,0.6792747083653906,181574,CBSA,20940,"El Centro, CA",NA,NA,NA,NA,NA,NA
21020,1,12208,15903,29105,0.4194468304415049,63497,CBSA,21020,"Elizabeth City, NC",NA,NA,NA,NA,NA,NA
21060,4,18248,40430,61754,0.29549502866211097,150531,CBSA,21060,"Elizabethtown-Fort Knox, KY",NA,NA,NA,NA,NA,NA
21140,26,20740,41867,65630,0.3160140179795825,204310,CBSA,21140,"Elkhart-Goshen, IN",NA,NA,NA,NA,NA,NA
21180,1,2735,7629,10876,0.25147112909157776,28894,CBSA,21180,"Elkins, WV",NA,NA,NA,NA,NA,NA
21220,2,3475,14274,19413,0.17900376036676455,54321,CBSA,21220,"Elko, NV",NA,NA,NA,NA,NA,NA
21260,14,7489,10100,18955,0.39509364283830123,46157,CBSA,21260,"Ellensburg, WA",NA,NA,NA,NA,NA,NA
21300,1,13757,20097,36119,0.38087986932085605,84874,CBSA,21300,"Elmira, NY",NA,NA,NA,NA,NA,NA
21340,76,148167,56015,214879,0.6895369021635432,845145,CBSA,21340,"El Paso, TX",NA,NA,NA,NA,NA,NA
21380,1,4649,6552,12288,0.3783365885416667,33344,CBSA,21380,"Emporia, KS",NA,NA,NA,NA,NA,NA
21500,27,58112,60069,123679,0.46986149629282253,273892,CBSA,21500,"Erie, PA",NA,NA,NA,NA,NA,NA
21540,1,6436,11121,18492,0.3480423967120917,35896,CBSA,21540,"Escanaba, MI",NA,NA,NA,NA,NA,NA
21660,84,102753,67141,191950,0.5353112789789007,375617,CBSA,21660,"Eugene, OR",NA,NA,NA,NA,NA,NA
21700,5,33200,18373,59246,0.5603753839921682,136527,CBSA,21700,"Eureka-Arcata-Fortuna, CA",NA,NA,NA,NA,NA,NA
21780,18,47844,80172,134273,0.35631884295427974,314960,CBSA,21780,"Evansville, IN-KY",NA,NA,NA,NA,NA,NA
21820,30,NA,NA,NA,NA,99725,CBSA,21820,"Fairbanks, AK",NA,NA,NA,NA,NA,NA
21840,1,3710,3748,8156,0.4548798430603237,18233,CBSA,21840,"Fairfield, IA",NA,NA,NA,NA,NA,NA
21900,8,6964,14668,23029,0.30240132007468845,56369,CBSA,21900,"Fairmont, WV",NA,NA,NA,NA,NA,NA
22020,41,44332,53359,110219,0.4022174035329662,241619,CBSA,22020,"Fargo, ND-MN",NA,NA,NA,NA,NA,NA
22060,7,14437,15429,32443,0.4449958388558395,66173,CBSA,22060,"Faribault-Northfield, MN",NA,NA,NA,NA,NA,NA
22140,9,12865,27946,46110,0.27900672305356755,126902,CBSA,22140,"Farmington, NM",NA,NA,NA,NA,NA,NA
22180,7,81331,59025,145736,0.5580707580831091,385380,CBSA,22180,"Fayetteville, NC",NA,NA,NA,NA,NA,NA
22220,13,64288,113874,193768,0.33177820899219684,538412,CBSA,22220,"Fayetteville-Springdale-Rogers, AR-MO",NA,NA,NA,NA,NA,NA
22380,16,32404,21108,59784,0.5420179312190553,141107,CBSA,22380,"Flagstaff, AZ",NA,NA,NA,NA,NA,NA
22420,19,102751,84175,196296,0.5234492806781595,407673,CBSA,22420,"Flint, MI",NA,NA,NA,NA,NA,NA
22500,2,40598,44562,87605,0.4634210376120084,205546,CBSA,22500,"Florence, SC",NA,NA,NA,NA,NA,NA
22520,7,17264,44645,64440,0.26790813159528243,147100,CBSA,22520,"Florence-Muscle Shoals, AL",NA,NA,NA,NA,NA,NA
22580,1,7512,21871,30307,0.24786352987758603,66568,CBSA,22580,"Forest City, NC",NA,NA,NA,NA,NA,NA
22620,1,4031,3195,7430,0.5425302826379542,25938,CBSA,22620,"Forrest City, AR",NA,NA,NA,NA,NA,NA
22660,36,93113,83430,195980,0.475114807633432,343993,CBSA,22660,"Fort Collins, CO",NA,NA,NA,NA,NA,NA
22700,2,6305,10056,17430,0.361732644865175,36643,CBSA,22700,"Fort Dodge, IA",NA,NA,NA,NA,NA,NA
22800,2,9078,17691,28487,0.31867167479903113,58943,CBSA,22800,"Fort Madison-Keokuk, IA-IL-MO",NA,NA,NA,NA,NA,NA
22820,4,3151,8145,11960,0.26346153846153847,28228,CBSA,22820,"Fort Morgan, CO",NA,NA,NA,NA,NA,NA
22840,1,3622,21405,25826,0.1402462634554325,71404,CBSA,22840,"Fort Payne, AL",NA,NA,NA,NA,NA,NA
22900,5,23099,70063,98745,0.23392576839333637,281990,CBSA,22900,"Fort Smith, AR-OK",NA,NA,NA,NA,NA,NA
23060,36,61347,105293,175945,0.34867145983119724,434001,CBSA,23060,"Fort Wayne, IN",NA,NA,NA,NA,NA,NA
23180,61,13351,20061,35287,0.37835463485136167,73022,CBSA,23180,"Frankfort, KY",NA,NA,NA,NA,NA,NA
23340,2,4544,9933,15529,0.2926138193058149,36794,CBSA,23340,"Fremont, NE",NA,NA,NA,NA,NA,NA
23380,2,9929,16316,28044,0.3540507773498788,59112,CBSA,23380,"Fremont, OH",NA,NA,NA,NA,NA,NA
23420,40,141341,124049,282319,0.500642889780709,986542,CBSA,23420,"Fresno, CA",NA,NA,NA,NA,NA,NA
23460,2,10442,32353,44164,0.2364369169459288,102937,CBSA,23460,"Gadsden, AL",NA,NA,NA,NA,NA,NA
23540,50,77278,53574,136991,0.5641100510252498,284685,CBSA,23540,"Gainesville, FL",NA,NA,NA,NA,NA,NA
23660,5,10083,10737,22243,0.4533111540709437,50628,CBSA,23660,"Galesburg, IL",NA,NA,NA,NA,NA,NA
23820,4,8454,17415,27885,0.3031737493275955,48018,CBSA,23820,"Gardnerville Ranchos, NV",NA,NA,NA,NA,NA,NA
23900,8,14219,31423,47489,0.29941670702689044,102367,CBSA,23900,"Gettysburg, PA",NA,NA,NA,NA,NA,NA
23940,1,1324,15778,18199,0.07275125006868509,46251,CBSA,23940,"Gillette, WY",NA,NA,NA,NA,NA,NA
23980,4,5251,16974,23108,0.22723732040851652,53894,CBSA,23980,"Glasgow, KY",NA,NA,NA,NA,NA,NA
24020,26,22189,29361,55936,0.3966854977116705,125917,CBSA,24020,"Glens Falls, NY",NA,NA,NA,NA,NA,NA
24060,15,18604,15682,36993,0.5029059551807099,77065,CBSA,24060,"Glenwood Springs, CO",NA,NA,NA,NA,NA,NA
24100,1,6496,13462,21214,0.3062128782879231,53777,CBSA,24100,"Gloversville, NY",NA,NA,NA,NA,NA,NA
24140,8,21770,27540,50689,0.42948174160074176,123257,CBSA,24140,"Goldsboro, NC",NA,NA,NA,NA,NA,NA
24220,13,15563,25319,45161,0.34461150107393546,102277,CBSA,24220,"Grand Forks, ND-MN",NA,NA,NA,NA,NA,NA
24260,8,8306,23401,33846,0.24540566093482244,84862,CBSA,24260,"Grand Island, NE",NA,NA,NA,NA,NA,NA
24300,19,21729,49779,77653,0.2798217712129602,151406,CBSA,24300,"Grand Junction, CO",NA,NA,NA,NA,NA,NA
24330,4,9015,12920,23880,0.37751256281407036,45161,CBSA,24330,"Grand Rapids, MN",NA,NA,NA,NA,NA,NA
24340,68,200644,272756,507856,0.3950804952584985,1060326,CBSA,24340,"Grand Rapids-Wyoming, MI",NA,NA,NA,NA,NA,NA
24420,3,13453,26923,44560,0.3019075403949731,86653,CBSA,24420,"Grants Pass, OR",NA,NA,NA,NA,NA,NA
24500,14,12175,19632,34571,0.3521737872783547,81604,CBSA,24500,"Great Falls, MT",NA,NA,NA,NA,NA,NA
24540,5,46519,76651,135428,0.3434961750893464,305274,CBSA,24540,"Greeley, CO",NA,NA,NA,NA,NA,NA
24580,21,62871,87068,159715,0.3936449300316188,319786,CBSA,24580,"Green Bay, WI",NA,NA,NA,NA,NA,NA
24620,3,4216,18562,23583,0.17877284484586353,68759,CBSA,24620,"Greeneville, TN",NA,NA,NA,NA,NA,NA
24640,33,24478,10364,38177,0.6411713859129843,70787,CBSA,24640,"Greenfield Town, MA",NA,NA,NA,NA,NA,NA
24660,42,176670,174322,364258,0.4850133696445926,763486,CBSA,24660,"Greensboro-High Point, NC",NA,NA,NA,NA,NA,NA
24700,1,2121,8490,11127,0.1906174170935562,26652,CBSA,24700,"Greensburg, IN",NA,NA,NA,NA,NA,NA
24780,13,41824,35691,80527,0.5193785935152185,178617,CBSA,24780,"Greenville, NC",NA,NA,NA,NA,NA,NA
24860,45,114823,237116,371263,0.30927671219593655,895422,CBSA,24860,"Greenville-Anderson-Mauldin, SC",NA,NA,NA,NA,NA,NA
24940,1,14452,23724,39538,0.36552177651879203,95147,CBSA,24940,"Greenwood, SC",NA,NA,NA,NA,NA,NA
25060,15,39170,87794,130517,0.3001141613736142,394322,CBSA,25060,"Gulfport-Biloxi-Pascagoula, MS",NA,NA,NA,NA,NA,NA
25180,21,33450,69242,108841,0.3073290396082359,265295,CBSA,25180,"Hagerstown-Martinsburg, MD-WV",NA,NA,NA,NA,NA,NA
25200,3,6886,4934,13062,0.527178073801868,28712,CBSA,25200,"Hailey, ID",NA,NA,NA,NA,NA,NA
25220,1,16878,33959,52416,0.3220009157509158,132322,CBSA,25220,"Hammond, LA",NA,NA,NA,NA,NA,NA
25260,1,13617,18093,33915,0.40150375939849625,149696,CBSA,25260,"Hanford-Corcoran, CA",NA,NA,NA,NA,NA,NA
25420,92,116423,145555,273647,0.42544957554806007,571101,CBSA,25420,"Harrisburg-Carlisle, PA",NA,NA,NA,NA,NA,NA
25460,1,3625,15110,19864,0.18249093838099073,45323,CBSA,25460,"Harrison, AR",NA,NA,NA,NA,NA,NA
25500,6,19578,32252,55480,0.35288392213410236,134220,CBSA,25500,"Harrisonburg, VA",NA,NA,NA,NA,NA,NA
25540,115,324266,221234,572912,0.5659961739324713,1206719,CBSA,25540,"Hartford-West Hartford-East Hartford, CT",NA,NA,NA,NA,NA,NA
25580,4,3302,9287,13513,0.2443572855768519,31774,CBSA,25580,"Hastings, NE",NA,NA,NA,NA,NA,NA
25620,8,18126,38347,58088,0.31204379562043794,148719,CBSA,25620,"Hattiesburg, MS",NA,NA,NA,NA,NA,NA
25700,1,2742,8466,11947,0.22951368544404452,28769,CBSA,25700,"Hays, KS",NA,NA,NA,NA,NA,NA
25740,31,16476,21072,41192,0.39998057875315596,79786,CBSA,25740,"Helena, MT",NA,NA,NA,NA,NA,NA
25780,3,12229,7332,19977,0.6121539770736347,44312,CBSA,25780,"Henderson, NC",NA,NA,NA,NA,NA,NA
25840,15,8690,19780,31764,0.2735801536330437,88311,CBSA,25840,"Hermiston-Pendleton, OR",NA,NA,NA,NA,NA,NA
25860,5,44659,115076,165862,0.2692539581097539,367004,CBSA,25860,"Hickory-Lenoir-Morganton, NC",NA,NA,NA,NA,NA,NA
25880,1,4799,14095,19940,0.24067201604814442,45843,CBSA,25880,"Hillsdale, MI",NA,NA,NA,NA,NA,NA
25900,22,41259,17501,64867,0.6360553131792746,199503,CBSA,25900,"Hilo, HI",NA,NA,NA,NA,NA,NA
25940,18,38094,48109,89951,0.4234972373847984,214890,CBSA,25940,"Hilton Head Island-Bluffton-Beaufort, SC",NA,NA,NA,NA,NA,NA
26090,6,18050,34183,55786,0.3235578819058545,116433,CBSA,26090,"Holland, MI",NA,NA,NA,NA,NA,NA
26220,6,6510,3272,10910,0.5967002749770852,23476,CBSA,26220,"Hood River, OR",NA,NA,NA,NA,NA,NA
26300,2,12311,26087,40805,0.3017032226442838,98444,CBSA,26300,"Hot Springs, AR",NA,NA,NA,NA,NA,NA
26340,15,6545,9289,17058,0.3836909368038457,38499,CBSA,26340,"Houghton, MI",NA,NA,NA,NA,NA,NA
26380,2,19088,63861,85541,0.2231444570439906,209893,CBSA,26380,"Houma-Thibodaux, LA",NA,NA,NA,NA,NA,NA
26420,118,991171,1012507,2093005,0.47356360830480576,6905695,CBSA,26420,"Houston-The Woodlands-Sugar Land, TX",NA,NA,NA,NA,NA,NA
26460,10,15284,13756,30902,0.49459581904083877,60408,CBSA,26460,"Hudson, NY",NA,NA,NA,NA,NA,NA
26580,26,39288,97923,143564,0.27366192081580343,355582,CBSA,26580,"Huntington-Ashland, WV-KY-OH",NA,NA,NA,NA,NA,NA
26620,23,72290,118587,203683,0.3549142540123624,455741,CBSA,26620,"Huntsville, AL",NA,NA,NA,NA,NA,NA
26660,1,7245,17621,25781,0.28102090686939996,87093,CBSA,26660,"Huntsville, TX",NA,NA,NA,NA,NA,NA
26740,2,6837,15513,24210,0.2824039653035936,62688,CBSA,26740,"Hutchinson, KS",NA,NA,NA,NA,NA,NA
26820,16,10066,36049,56926,0.176826054878263,145792,CBSA,26820,"Idaho Falls, ID",NA,NA,NA,NA,NA,NA
26860,1,11528,24888,37770,0.305215779719354,84879,CBSA,26860,"Indiana, PA",NA,NA,NA,NA,NA,NA
26900,111,363921,440706,852889,0.4266921017858127,2026723,CBSA,26900,"Indianapolis-Carmel-Anderson, IN",NA,NA,NA,NA,NA,NA
26960,1,8352,16635,26854,0.31101511879049676,64229,CBSA,26960,"Ionia, MI",NA,NA,NA,NA,NA,NA
26980,52,54143,27217,87869,0.6161786295508086,171470,CBSA,26980,"Iowa City, IA",NA,NA,NA,NA,NA,NA
27020,2,4589,10477,15822,0.2900391859436228,29784,CBSA,27020,"Iron Mountain, MI-WI",NA,NA,NA,NA,NA,NA
27060,20,28890,10371,42678,0.6769295655841417,102678,CBSA,27060,"Ithaca, NY",NA,NA,NA,NA,NA,NA
27100,8,25795,39793,69677,0.37020824662370655,158690,CBSA,27100,"Jackson, MI",NA,NA,NA,NA,NA,NA
27140,30,118031,118812,241722,0.4882923358237976,581552,CBSA,27140,"Jackson, MS",NA,NA,NA,NA,NA,NA
27180,8,17994,30398,50024,0.35970734047657127,129186,CBSA,27180,"Jackson, TN",NA,NA,NA,NA,NA,NA
27220,21,9473,6088,17603,0.5381469067772539,34696,CBSA,27220,"Jackson, WY-ID",NA,NA,NA,NA,NA,NA
27260,109,289606,419879,734933,0.3940576896125225,1504841,CBSA,27260,"Jacksonville, FL",NA,NA,NA,NA,NA,NA
27300,1,5231,11042,17408,0.3004940257352941,39177,CBSA,27300,"Jacksonville, IL",NA,NA,NA,NA,NA,NA
27340,1,17514,37122,57135,0.30653714885796796,194838,CBSA,27340,"Jacksonville, NC",NA,NA,NA,NA,NA,NA
27420,1,2498,6718,10155,0.24598719842442146,21160,CBSA,27420,"Jamestown, ND",NA,NA,NA,NA,NA,NA
27460,14,19091,31594,54234,0.35201165320647565,128609,CBSA,27460,"Jamestown-Dunkirk-Fredonia, NY",NA,NA,NA,NA,NA,NA
27500,15,39343,31488,76068,0.5172082873218699,162320,CBSA,27500,"Janesville-Beloit, WI",NA,NA,NA,NA,NA,NA
27620,23,18137,48876,70487,0.25730985855547833,151298,CBSA,27620,"Jefferson City, MO",NA,NA,NA,NA,NA,NA
27740,22,17739,56821,78029,0.22733855361468172,201844,CBSA,27740,"Johnson City, TN",NA,NA,NA,NA,NA,NA
27780,3,18867,42258,63072,0.2991343226788432,133054,CBSA,27780,"Johnstown, PA",NA,NA,NA,NA,NA,NA
27860,4,12418,28394,43295,0.2868229587712207,131158,CBSA,27860,"Jonesboro, AR",NA,NA,NA,NA,NA,NA
27900,11,15562,55623,74932,0.2076816313457535,178330,CBSA,27900,"Joplin, MO",NA,NA,NA,NA,NA,NA
27920,1,2722,4274,7504,0.3627398720682303,33633,CBSA,27920,"Junction City, KS",NA,NA,NA,NA,NA,NA
27940,32,NA,NA,NA,NA,32061,CBSA,27940,"Juneau, AK",NA,NA,NA,NA,NA,NA
27980,22,33480,13446,51945,0.6445278660121282,166491,CBSA,27980,"Kahului-Wailuku-Lahaina, HI",NA,NA,NA,NA,NA,NA
28020,43,80406,68924,159573,0.5038822357165685,338347,CBSA,28020,"Kalamazoo-Portage, MI",NA,NA,NA,NA,NA,NA
28060,13,13293,30240,46571,0.2854351420411844,100092,CBSA,28060,"Kalispell, MT",NA,NA,NA,NA,NA,NA
28140,74,338549,426877,821235,0.41224375483266057,2127259,CBSA,28140,"Kansas City, MO-KS",NA,NA,NA,NA,NA,NA
28180,11,16456,7574,26335,0.6248718435542054,71780,CBSA,28180,"Kapaa, HI",NA,NA,NA,NA,NA,NA
28260,5,5313,17100,24425,0.21752302968270215,56015,CBSA,28260,"Kearney, NE",NA,NA,NA,NA,NA,NA
28300,12,22064,16876,41895,0.5266499582289056,76185,CBSA,28300,"Keene, NH",NA,NA,NA,NA,NA,NA
28420,37,35246,60400,103747,0.3397303054546156,290570,CBSA,28420,"Kennewick-Richland, WA",NA,NA,NA,NA,NA,NA
28500,2,4681,17727,23297,0.20092715800317637,51850,CBSA,28500,"Kerrville, TX",NA,NA,NA,NA,NA,NA
28540,6,NA,NA,NA,NA,13882,CBSA,28540,"Ketchikan, AK",NA,NA,NA,NA,NA,NA
28580,6,18971,21904,42478,0.4466076557276708,76636,CBSA,28580,"Key West, FL",NA,NA,NA,NA,NA,NA
28620,2,7942,12435,21348,0.3720254824807945,40298,CBSA,28620,"Kill Devil Hills, NC",NA,NA,NA,NA,NA,NA
28660,15,44348,70608,121452,0.3651483713730527,443653,CBSA,28660,"Killeen-Temple, TX",NA,NA,NA,NA,NA,NA
28700,18,25054,96086,126031,0.19879236060969127,306253,CBSA,28700,"Kingsport-Bristol-Bristol, TN-VA",NA,NA,NA,NA,NA,NA
28740,35,42101,34006,81355,0.5174973879909041,178723,CBSA,28740,"Kingston, NY",NA,NA,NA,NA,NA,NA
28780,2,4815,4451,9698,0.49649412249948444,31574,CBSA,28780,"Kingsville, TX",NA,NA,NA,NA,NA,NA
28900,11,7210,20435,30507,0.23633920083915166,66789,CBSA,28900,"Klamath Falls, OR",NA,NA,NA,NA,NA,NA
28940,53,99215,222902,341338,0.29066497137734443,875797,CBSA,28940,"Knoxville, TN",NA,NA,NA,NA,NA,NA
29020,4,11215,23675,36843,0.3043997502917786,82311,CBSA,29020,"Kokomo, IN",NA,NA,NA,NA,NA,NA
29060,2,13517,19315,35045,0.3857040947353403,60845,CBSA,29060,"Laconia, NH",NA,NA,NA,NA,NA,NA
29100,8,36551,32005,73572,0.49680585005165007,136778,CBSA,29100,"La Crosse-Onalaska, WI-MN",NA,NA,NA,NA,NA,NA
29180,11,62185,147196,216828,0.28679414097810246,490107,CBSA,29180,"Lafayette, LA",NA,NA,NA,NA,NA,NA
29200,14,30034,39620,74824,0.4013952742435582,220337,CBSA,29200,"Lafayette-West Lafayette, IN",NA,NA,NA,NA,NA,NA
29260,2,3249,8431,12968,0.25053979025293027,26286,CBSA,29260,"La Grande, OR",NA,NA,NA,NA,NA,NA
29300,5,9713,15750,26111,0.37198881697368924,70038,CBSA,29300,"LaGrange, GA",NA,NA,NA,NA,NA,NA
29340,6,26619,57447,87477,0.30429712953119104,209256,CBSA,29340,"Lake Charles, LA",NA,NA,NA,NA,NA,NA
29380,1,7601,20368,28707,0.26477862542237085,69825,CBSA,29380,"Lake City, FL",NA,NA,NA,NA,NA,NA
29420,10,17455,58282,79943,0.21834306943697385,207114,CBSA,29420,"Lake Havasu City-Kingman, AZ",NA,NA,NA,NA,NA,NA
29460,13,117433,157430,284314,0.41303980809949564,685830,CBSA,29460,"Lakeland-Winter Haven, FL",NA,NA,NA,NA,NA,NA
29540,32,91093,137914,241112,0.3778036762998109,541054,CBSA,29540,"Lancaster, PA",NA,NA,NA,NA,NA,NA
29620,68,120540,93113,228014,0.5286517494539809,480353,CBSA,29620,"Lansing-East Lansing, MI",NA,NA,NA,NA,NA,NA
29660,8,6890,7602,17060,0.40386869871043374,38430,CBSA,29660,"Laramie, WY",NA,NA,NA,NA,NA,NA
29700,2,42307,12947,56905,0.7434671821456814,273982,CBSA,29700,"Laredo, TX",NA,NA,NA,NA,NA,NA
29740,42,37947,25374,70648,0.5371277318536972,216186,CBSA,29740,"Las Cruces, NM",NA,NA,NA,NA,NA,NA
29780,1,7285,2313,10751,0.677611384987443,27782,CBSA,29780,"Las Vegas, NM",NA,NA,NA,NA,NA,NA
29820,89,402227,320057,767156,0.5243092669548306,2183310,CBSA,29820,"Las Vegas-Henderson-Paradise, NV",NA,NA,NA,NA,NA,NA
29940,27,31195,14688,50087,0.6228162996386288,120629,CBSA,29940,"Lawrence, KS",NA,NA,NA,NA,NA,NA
30020,2,11887,21237,35166,0.3380253654097708,127589,CBSA,30020,"Lawton, OK",NA,NA,NA,NA,NA,NA
30140,9,18953,40525,61845,0.3064596976311747,139566,CBSA,30140,"Lebanon, PA",NA,NA,NA,NA,NA,NA
30260,6,6180,10622,17468,0.3537897870391573,44756,CBSA,30260,"Lewisburg, PA",NA,NA,NA,NA,NA,NA
30280,1,2852,8184,11455,0.24897424705368834,32934,CBSA,30280,"Lewisburg, TN",NA,NA,NA,NA,NA,NA
30300,6,7962,16440,26937,0.2955785722240784,62881,CBSA,30300,"Lewiston, ID-WA",NA,NA,NA,NA,NA,NA
30340,17,23009,28227,55601,0.4138234923832305,107569,CBSA,30340,"Lewiston-Auburn, ME",NA,NA,NA,NA,NA,NA
30420,1,2302,6778,9645,0.23867288750648005,25670,CBSA,30420,"Lexington, NE",NA,NA,NA,NA,NA,NA
30460,55,96092,111396,222412,0.4320450335413557,512732,CBSA,30460,"Lexington-Fayette, KY",NA,NA,NA,NA,NA,NA
30620,11,13294,30487,45894,0.2896674946616115,103069,CBSA,30620,"Lima, OH",NA,NA,NA,NA,NA,NA
30700,57,63773,67042,144145,0.44242256061604635,331179,CBSA,30700,"Lincoln, NE",NA,NA,NA,NA,NA,NA
30780,37,125545,155157,298254,0.42093316434984945,737991,CBSA,30780,"Little Rock-North Little Rock-Conway, AR",NA,NA,NA,NA,NA,NA
30820,1,4744,10022,15394,0.3081720150708068,38837,CBSA,30820,"Lock Haven, PA",NA,NA,NA,NA,NA,NA
30860,10,8948,25040,51656,0.1732228589128078,138052,CBSA,30860,"Logan, UT-ID",NA,NA,NA,NA,NA,NA
30880,4,2092,9897,12359,0.16926935836232704,33043,CBSA,30880,"Logan, WV",NA,NA,NA,NA,NA,NA
30900,1,3759,9701,14209,0.2645506369202618,37905,CBSA,30900,"Logansport, IN",NA,NA,NA,NA,NA,NA
30940,5,7268,41789,50619,0.14358244927793912,127912,CBSA,30940,"London, KY",NA,NA,NA,NA,NA,NA
30980,6,17992,56648,76756,0.23440512793788107,218594,CBSA,30980,"Longview, TX",NA,NA,NA,NA,NA,NA
31020,17,17908,24185,45692,0.39192856517552305,106900,CBSA,31020,"Longview, WA",NA,NA,NA,NA,NA,NA
31080,556,3074325,1276891,4631829,0.6637388815519744,13298709,CBSA,31080,"Los Angeles-Long Beach-Anaheim, CA",NA,NA,NA,NA,NA,NA
31140,118,263077,297247,590676,0.44538291719995393,1292809,CBSA,31140,"Louisville/Jefferson County, KY-IN",NA,NA,NA,NA,NA,NA
31180,8,28894,68378,102750,0.28120681265206815,316588,CBSA,31180,"Lubbock, TX",NA,NA,NA,NA,NA,NA
31220,7,5281,8505,14685,0.35961865849506297,29023,CBSA,31220,"Ludington, MI",NA,NA,NA,NA,NA,NA
31260,5,7538,21668,29911,0.25201430911704725,87711,CBSA,31260,"Lufkin, TX",NA,NA,NA,NA,NA,NA
31300,2,19016,20762,40858,0.46541680943756425,132590,CBSA,31300,"Lumberton, NC",NA,NA,NA,NA,NA,NA
31340,14,38304,83626,129138,0.2966129257073828,261954,CBSA,31340,"Lynchburg, VA",NA,NA,NA,NA,NA,NA
31380,3,5288,6795,13092,0.4039107852123434,30323,CBSA,31380,"Macomb, IL",NA,NA,NA,NA,NA,NA
31420,9,47711,46850,97069,0.4915163440439275,229081,CBSA,31420,"Macon-Bibb County, GA",NA,NA,NA,NA,NA,NA
31460,1,17029,23357,43112,0.3949944331044721,155904,CBSA,31460,"Madera, CA",NA,NA,NA,NA,NA,NA
31500,4,4326,8546,13544,0.3194034258712345,32047,CBSA,31500,"Madison, IN",NA,NA,NA,NA,NA,NA
31540,101,246843,98941,371033,0.6652858371088286,654577,CBSA,31540,"Madison, WI",NA,NA,NA,NA,NA,NA
31580,1,4310,15277,20345,0.21184566232489555,45369,CBSA,31580,"Madisonville, KY",NA,NA,NA,NA,NA,NA
31660,3,7297,8221,16952,0.43045068428504013,50444,CBSA,31660,"Malone, NY",NA,NA,NA,NA,NA,NA
31700,31,99589,100013,214157,0.4650279934814178,413157,CBSA,31700,"Manchester-Nashua, NH",NA,NA,NA,NA,NA,NA
31740,9,11566,17719,32225,0.35891388673390223,97954,CBSA,31740,"Manhattan, KS",NA,NA,NA,NA,NA,NA
31820,4,14506,23193,40346,0.35953997918009223,79140,CBSA,31820,"Manitowoc, WI",NA,NA,NA,NA,NA,NA
31860,11,22314,24104,51690,0.43168891468369125,100945,CBSA,31860,"Mankato-North Mankato, MN",NA,NA,NA,NA,NA,NA
31900,4,16085,36590,55214,0.2913210417647698,120543,CBSA,31900,"Mansfield, OH",NA,NA,NA,NA,NA,NA
31930,3,8026,20514,29840,0.2689678284182306,60462,CBSA,31930,"Marietta, OH",NA,NA,NA,NA,NA,NA
31980,6,7010,17008,25312,0.27694374209860934,66282,CBSA,31980,"Marion, IN",NA,NA,NA,NA,NA,NA
32020,1,7928,16961,26322,0.3011929184712408,64941,CBSA,32020,"Marion, OH",NA,NA,NA,NA,NA,NA
32100,21,16042,14646,32976,0.48647501213003397,66565,CBSA,32100,"Marquette, MI",NA,NA,NA,NA,NA,NA
32140,2,3825,7256,12215,0.3131395824805567,25953,CBSA,32140,"Marshall, MN",NA,NA,NA,NA,NA,NA
32180,1,2789,5977,9274,0.30073323269355184,22924,CBSA,32180,"Marshall, MO",NA,NA,NA,NA,NA,NA
32220,2,7151,18749,26548,0.26936115714931447,66540,CBSA,32220,"Marshall, TX",NA,NA,NA,NA,NA,NA
32260,2,7652,9146,17980,0.42558398220244714,40148,CBSA,32260,"Marshalltown, IA",NA,NA,NA,NA,NA,NA
32300,1,11731,17357,30013,0.3908639589511212,64219,CBSA,32300,"Martinsville, VA",NA,NA,NA,NA,NA,NA
32380,2,11392,14074,27222,0.4184850488575417,50458,CBSA,32380,"Mason City, IA",NA,NA,NA,NA,NA,NA
32540,2,3711,12753,17271,0.21486885530658328,44145,CBSA,32540,"McAlester, OK",NA,NA,NA,NA,NA,NA
32580,23,118809,48642,173437,0.6850268397170154,858323,CBSA,32580,"McAllen-Edinburg-Mission, TX",NA,NA,NA,NA,NA,NA
32620,1,10740,12298,23360,0.4597602739726027,52046,CBSA,32620,"McComb, MS",NA,NA,NA,NA,NA,NA
32700,1,3226,8549,12742,0.25317846491916496,28673,CBSA,32700,"McPherson, KS",NA,NA,NA,NA,NA,NA
32740,3,10971,24987,37492,0.2926224261175717,85788,CBSA,32740,"Meadville, PA",NA,NA,NA,NA,NA,NA
32780,34,44447,53870,109327,0.40655098923413246,216761,CBSA,32780,"Medford, OR",NA,NA,NA,NA,NA,NA
32820,78,265987,213548,495951,0.5363170958421296,1347576,CBSA,32820,"Memphis, TN-MS-AR",NA,NA,NA,NA,NA,NA
32860,4,9026,11488,22091,0.40858268072970894,44699,CBSA,32860,"Menomonie, WI",NA,NA,NA,NA,NA,NA
32900,17,37317,28725,70789,0.5271581742926161,271340,CBSA,32900,"Merced, CA",NA,NA,NA,NA,NA,NA
32940,1,16681,24656,41936,0.39777279664250287,102272,CBSA,32940,"Meridian, MS",NA,NA,NA,NA,NA,NA
32980,1,5370,8400,14706,0.36515707874337006,27766,CBSA,32980,"Merrill, WI",NA,NA,NA,NA,NA,NA
33020,1,2570,6981,10061,0.25544180498956365,25600,CBSA,33020,"Mexico, MO",NA,NA,NA,NA,NA,NA
33100,329,1552139,867352,2474487,0.6272568819314872,6149687,CBSA,33100,"Miami-Fort Lauderdale-West Palm Beach, FL",NA,NA,NA,NA,NA,NA
33140,4,19798,22687,45203,0.4379797801030905,109911,CBSA,33140,"Michigan City-La Porte, IN",NA,NA,NA,NA,NA,NA
33220,9,15635,23846,42506,0.36783042394014964,83245,CBSA,33220,"Midland, MI",NA,NA,NA,NA,NA,NA
33260,6,10291,38428,50974,0.20188723663043906,170948,CBSA,33260,"Midland, TX",NA,NA,NA,NA,NA,NA
33300,2,10671,8540,19696,0.5417851340373679,53466,CBSA,33300,"Milledgeville, GA",NA,NA,NA,NA,NA,NA
33340,75,409020,350526,811815,0.503834001589032,1575151,CBSA,33340,"Milwaukee-Waukesha-West Allis, WI",NA,NA,NA,NA,NA,NA
33420,1,1708,8284,10270,0.16630963972736124,28575,CBSA,33420,"Mineral Wells, TX",NA,NA,NA,NA,NA,NA
33460,265,994822,755614,1918882,0.5184383406587795,3592669,CBSA,33460,"Minneapolis-St. Paul-Bloomington, MN-WI",NA,NA,NA,NA,NA,NA
33500,1,6497,21679,31525,0.20609040444091992,76751,CBSA,33500,"Minot, ND",NA,NA,NA,NA,NA,NA
33540,51,31543,22250,59203,0.5327939462527237,117863,CBSA,33540,"Missoula, MT",NA,NA,NA,NA,NA,NA
33660,21,72186,95116,172737,0.417895413258306,414515,CBSA,33660,"Mobile, AL",NA,NA,NA,NA,NA,NA
33700,29,81647,78494,172146,0.474289266088088,545267,CBSA,33700,"Modesto, CA",NA,NA,NA,NA,NA,NA
33740,5,27119,49706,78911,0.34366564864214116,178211,CBSA,33740,"Monroe, LA",NA,NA,NA,NA,NA,NA
33780,3,26863,43261,74218,0.3619472365194427,149592,CBSA,33780,"Monroe, MI",NA,NA,NA,NA,NA,NA
33860,29,78178,81560,164795,0.474395461027337,374042,CBSA,33860,"Montgomery, AL",NA,NA,NA,NA,NA,NA
33940,1,5466,14382,21186,0.2580005664117814,41785,CBSA,33940,"Montrose, CO",NA,NA,NA,NA,NA,NA
34060,15,17169,27970,48707,0.35249553452275856,139739,CBSA,34060,"Morgantown, WV",NA,NA,NA,NA,NA,NA
34140,8,8093,7265,18173,0.44533098552798106,39714,CBSA,34140,"Moscow, ID",NA,NA,NA,NA,NA,NA
34180,2,7810,18518,28346,0.27552388344034434,95821,CBSA,34180,"Moses Lake, WA",NA,NA,NA,NA,NA,NA
34220,1,3463,9898,13624,0.2541837933059307,45543,CBSA,34220,"Moultrie, GA",NA,NA,NA,NA,NA,NA
34260,8,4169,14682,19766,0.21091773752909035,41316,CBSA,34260,"Mountain Home, AR",NA,NA,NA,NA,NA,NA
34380,7,11404,12338,25392,0.4491178323881537,71125,CBSA,34380,"Mount Pleasant, MI",NA,NA,NA,NA,NA,NA
34420,2,2597,6511,9419,0.2757192907952012,32806,CBSA,34420,"Mount Pleasant, TX",NA,NA,NA,NA,NA,NA
34460,1,5219,12948,18818,0.27734084387288765,46800,CBSA,34460,"Mount Sterling, KY",NA,NA,NA,NA,NA,NA
34500,2,4425,11695,16999,0.2603094299664686,38111,CBSA,34500,"Mount Vernon, IL",NA,NA,NA,NA,NA,NA
34580,13,26690,24736,55968,0.47687964551172096,126026,CBSA,34580,"Mount Vernon-Anacortes, WA",NA,NA,NA,NA,NA,NA
34620,4,18153,24263,45123,0.4023003789641646,115389,CBSA,34620,"Muncie, IN",NA,NA,NA,NA,NA,NA
34660,6,4749,10367,16049,0.2959062869960745,38865,CBSA,34660,"Murray, KY",NA,NA,NA,NA,NA,NA
34700,2,8368,9584,19434,0.4305855716785016,42892,CBSA,34700,"Muscatine, IA",NA,NA,NA,NA,NA,NA
34740,8,37304,36127,78088,0.4777174469828911,173656,CBSA,34740,"Muskegon, MI",NA,NA,NA,NA,NA,NA
34780,5,7977,15043,24216,0.329410307234886,68959,CBSA,34780,"Muskogee, OK",NA,NA,NA,NA,NA,NA
34820,13,62692,132008,201271,0.31148054116092233,463386,CBSA,34820,"Myrtle Beach-Conway-North Myrtle Beach, SC-NC",NA,NA,NA,NA,NA,NA
34860,7,6846,14771,22622,0.3026257625320484,65599,CBSA,34860,"Nacogdoches, TX",NA,NA,NA,NA,NA,NA
34900,27,39199,17411,61372,0.6387114645115036,140386,CBSA,34900,"Napa, CA",NA,NA,NA,NA,NA,NA
34940,33,61085,105423,170789,0.35766354976023046,372345,CBSA,34940,"Naples-Immokalee-Marco Island, FL",NA,NA,NA,NA,NA,NA
34980,129,281062,398113,719346,0.39071879179143276,1900584,CBSA,34980,"Nashville-Davidson--Murfreesboro--Franklin, TN",NA,NA,NA,NA,NA,NA
35100,1,22143,34963,59006,0.3752669220079314,125010,CBSA,35100,"New Bern, NC",NA,NA,NA,NA,NA,NA
35220,1,5124,13895,20155,0.2542297196725378,48247,CBSA,35220,"New Castle, IN",NA,NA,NA,NA,NA,NA
35260,1,14009,25428,40753,0.34375383407356513,86652,CBSA,35260,"New Castle, PA",NA,NA,NA,NA,NA,NA
35300,108,205609,159048,379006,0.5424953694664464,857794,CBSA,35300,"New Haven-Milford, CT",NA,NA,NA,NA,NA,NA
35380,75,271328,262388,557251,0.4869044649538538,1270465,CBSA,35380,"New Orleans-Metairie, LA",NA,NA,NA,NA,NA,NA
35420,1,12188,26918,41289,0.29518758022717917,92411,CBSA,35420,"New Philadelphia-Dover, OH",NA,NA,NA,NA,NA,NA
35440,10,12501,10039,25256,0.49497149192271145,48820,CBSA,35440,"Newport, OR",NA,NA,NA,NA,NA,NA
35500,3,7109,10560,19034,0.37348954502469267,36985,CBSA,35500,"Newton, IA",NA,NA,NA,NA,NA,NA
35580,1,3763,8708,13779,0.27309674141810003,25172,CBSA,35580,"New Ulm, MN",NA,NA,NA,NA,NA,NA
35620,1263,4867604,2681567,7806694,0.6235166896512148,19998951,CBSA,35620,"New York-Newark-Jersey City, NY-NJ-PA",NA,NA,NA,NA,NA,NA
35660,5,29495,38647,72031,0.40947647540642224,154362,CBSA,35660,"Niles-Benton Harbor, MI",NA,NA,NA,NA,NA,NA
35700,3,11690,3897,16433,0.7113734558510315,46636,CBSA,35700,"Nogales, AZ",NA,NA,NA,NA,NA,NA
35740,2,3510,15867,20774,0.16896120150187735,48357,CBSA,35740,"Norfolk, NE",NA,NA,NA,NA,NA,NA
35840,71,169094,226382,408021,0.4144247477458268,805139,CBSA,35840,"North Port-Sarasota-Bradenton, FL",NA,NA,NA,NA,NA,NA
35860,1,2364,8224,11150,0.21201793721973095,27638,CBSA,35860,"North Vernon, IN",NA,NA,NA,NA,NA,NA
35940,2,7192,16226,24834,0.28960296367882743,58462,CBSA,35940,"Norwalk, OH",NA,NA,NA,NA,NA,NA
35980,22,62278,54058,123528,0.5041609999352373,267826,CBSA,35980,"Norwich-New London, CT",NA,NA,NA,NA,NA,NA
36020,18,20960,18465,42876,0.4888515719749977,83285,CBSA,36020,"Oak Harbor, WA",NA,NA,NA,NA,NA,NA
36100,5,62041,107833,174700,0.3551287922152261,353717,CBSA,36100,"Ocala, FL",NA,NA,NA,NA,NA,NA
36140,5,18750,28446,48722,0.3848364188662206,93184,CBSA,36140,"Ocean City, NJ",NA,NA,NA,NA,NA,NA
36220,4,10249,25020,36530,0.2805639200656994,157173,CBSA,36220,"Odessa, TX",NA,NA,NA,NA,NA,NA
36260,21,54766,117872,248377,0.2204954565036215,664589,CBSA,36260,"Ogden-Clearfield, UT",NA,NA,NA,NA,NA,NA
36300,13,16488,19942,39158,0.42106338423821443,108562,CBSA,36300,"Ogdensburg-Massena, NY",NA,NA,NA,NA,NA,NA
36420,88,176770,299065,510818,0.3460528015849089,1383249,CBSA,36420,"Oklahoma City, OK",NA,NA,NA,NA,NA,NA
36460,4,9497,19692,31161,0.30477199062931226,77245,CBSA,36460,"Olean, NY",NA,NA,NA,NA,NA,NA
36500,59,68798,48624,129410,0.5316281585657986,280289,CBSA,36500,"Olympia-Tumwater, WA",NA,NA,NA,NA,NA,NA
36540,68,170037,211067,413481,0.41123292243174414,932217,CBSA,36540,"Omaha-Council Bluffs, NE-IA",NA,NA,NA,NA,NA,NA
36580,10,10451,13308,25668,0.4071606669783388,59903,CBSA,36580,"Oneonta, NY",NA,NA,NA,NA,NA,NA
36620,2,3753,13683,19139,0.19609174983018968,53668,CBSA,36620,"Ontario, OR-ID",NA,NA,NA,NA,NA,NA
36660,3,17209,21971,39977,0.43047252169997746,83447,CBSA,36660,"Opelousas, LA",NA,NA,NA,NA,NA,NA
36700,4,26318,11931,38910,0.6763813929581085,87673,CBSA,36700,"Orangeburg, SC",NA,NA,NA,NA,NA,NA
36740,74,584104,457148,1081839,0.5399176772144468,2512917,CBSA,36740,"Orlando-Kissimmee-Sanford, FL",NA,NA,NA,NA,NA,NA
36780,13,37054,43448,87144,0.42520425961626734,170375,CBSA,36780,"Oshkosh-Neenah, WI",NA,NA,NA,NA,NA,NA
36820,2,2619,7432,10632,0.24633182844243792,22197,CBSA,36820,"Oskaloosa, IA",NA,NA,NA,NA,NA,NA
36840,1,2892,7185,10965,0.2637482900136799,25657,CBSA,36840,"Ottawa, KS",NA,NA,NA,NA,NA,NA
36860,1,26719,37737,69425,0.38486136118113073,148567,CBSA,36860,"Ottawa-Peru, IL",NA,NA,NA,NA,NA,NA
36900,1,6571,11438,19031,0.3452787557143608,44098,CBSA,36900,"Ottumwa, IA",NA,NA,NA,NA,NA,NA
36940,1,6241,11198,19179,0.3254079983315084,36824,CBSA,36940,"Owatonna, MN",NA,NA,NA,NA,NA,NA
36980,5,16395,35076,54668,0.29990122192141655,118543,CBSA,36980,"Owensboro, KY",NA,NA,NA,NA,NA,NA
37020,2,12546,19230,34111,0.3677992436457448,68459,CBSA,37020,"Owosso, MI",NA,NA,NA,NA,NA,NA
37060,13,7969,10872,19643,0.4056915949702184,54237,CBSA,37060,"Oxford, MS",NA,NA,NA,NA,NA,NA
37100,43,194402,132323,351726,0.5527086425228729,850802,CBSA,37100,"Oxnard-Thousand Oaks-Ventura, CA",NA,NA,NA,NA,NA,NA
37120,1,4413,13808,18749,0.23537255320283748,49254,CBSA,37120,"Ozark, AL",NA,NA,NA,NA,NA,NA
37220,6,5094,13324,19595,0.25996427660117377,44051,CBSA,37220,"Pahrump, NV",NA,NA,NA,NA,NA,NA
37260,1,10094,22138,33117,0.3047981399281336,73385,CBSA,37260,"Palatka, FL",NA,NA,NA,NA,NA,NA
37340,26,119679,181848,314752,0.38023269113460756,588265,CBSA,37340,"Palm Bay-Melbourne-Titusville, FL",NA,NA,NA,NA,NA,NA
37460,9,23517,67523,94746,0.24821100626939396,200168,CBSA,37460,"Panama City, FL",NA,NA,NA,NA,NA,NA
37580,3,3583,14561,18611,0.19252055236150664,49597,CBSA,37580,"Paris, TX",NA,NA,NA,NA,NA,NA
37620,15,8786,27345,38037,0.23098561926545205,90873,CBSA,37620,"Parkersburg-Vienna, WV",NA,NA,NA,NA,NA,NA
37740,4,7003,14182,36697,0.19083303812300734,53629,CBSA,37740,"Payson, AZ",NA,NA,NA,NA,NA,NA
37860,25,75925,154147,240214,0.31607233550084507,487327,CBSA,37860,"Pensacola-Ferry Pass-Brent, FL",NA,NA,NA,NA,NA,NA
37900,13,66377,93110,171494,0.38705144203295744,371810,CBSA,37900,"Peoria, IL",NA,NA,NA,NA,NA,NA
37940,1,2766,9975,13482,0.20516243880729862,35827,CBSA,37940,"Peru, IN",NA,NA,NA,NA,NA,NA
37980,387,1850036,1022842,2975280,0.6218023177650507,6078451,CBSA,37980,"Philadelphia-Camden-Wilmington, PA-NJ-DE-MD",NA,NA,NA,NA,NA,NA
38060,189,750799,820180,1697380,0.4423281763659287,4761694,CBSA,38060,"Phoenix-Mesa-Scottsdale, AZ",NA,NA,NA,NA,NA,NA
38180,5,2916,7001,10603,0.275016504762803,22073,CBSA,38180,"Pierre, SD",NA,NA,NA,NA,NA,NA
38220,1,17747,14167,33074,0.5365846284090222,90923,CBSA,38220,"Pine Bluff, AR",NA,NA,NA,NA,NA,NA
38240,1,16329,30490,48692,0.3353528300336811,97232,CBSA,38240,"Pinehurst-Southern Pines, NC",NA,NA,NA,NA,NA,NA
38260,4,5199,8624,14891,0.34913706265529515,39031,CBSA,38260,"Pittsburg, KS",NA,NA,NA,NA,NA,NA
38300,173,549847,608057,1199642,0.45834257220070657,2330283,CBSA,38300,"Pittsburgh, PA",NA,NA,NA,NA,NA,NA
38340,51,43714,16839,64803,0.6745675354536056,126485,CBSA,38340,"Pittsfield, MA",NA,NA,NA,NA,NA,NA
38420,1,10046,12349,24321,0.4130586735742774,51806,CBSA,38420,"Platteville, WI",NA,NA,NA,NA,NA,NA
38460,22,15059,14449,32105,0.46905466438249493,80567,CBSA,38460,"Plattsburgh, NY",NA,NA,NA,NA,NA,NA
38540,4,10342,17180,33416,0.309492458702418,85641,CBSA,38540,"Pocatello, ID",NA,NA,NA,NA,NA,NA
38780,3,1454,3884,5950,0.24436974789915966,18905,CBSA,38780,"Portales, NM",NA,NA,NA,NA,NA,NA
38820,22,17677,18794,39457,0.44800669082798994,75712,CBSA,38820,"Port Angeles, WA",NA,NA,NA,NA,NA,NA
38840,1,8285,12653,22218,0.3728958502115402,40632,CBSA,38840,"Port Clinton, OH",NA,NA,NA,NA,NA,NA
38860,128,169489,117416,307708,0.5508111586309098,532280,CBSA,38860,"Portland-South Portland, ME",NA,NA,NA,NA,NA,NA
38900,271,672364,371379,1163544,0.5778586800327276,2456462,CBSA,38900,"Portland-Vancouver-Hillsboro, OR-WA",NA,NA,NA,NA,NA,NA
38940,21,97066,123493,226639,0.4282846288591107,473192,CBSA,38940,"Port St. Lucie, FL",NA,NA,NA,NA,NA,NA
39020,3,9132,20550,30784,0.2966476091476091,75898,CBSA,39020,"Portsmouth, OH",NA,NA,NA,NA,NA,NA
39140,12,35590,71330,114450,0.3109654871122761,228055,CBSA,39140,"Prescott, AZ",NA,NA,NA,NA,NA,NA
39260,1,2637,8511,12172,0.21664475846204403,23091,CBSA,39260,"Prineville, OR",NA,NA,NA,NA,NA,NA
39300,111,381428,285933,712375,0.5354314792068784,1617057,CBSA,39300,"Providence-Warwick, RI-MA",NA,NA,NA,NA,NA,NA
39340,14,28964,105009,205728,0.14078783636646447,617751,CBSA,39340,"Provo-Orem, UT",NA,NA,NA,NA,NA,NA
39380,19,35875,36265,78646,0.45615797370495637,166426,CBSA,39380,"Pueblo, CO",NA,NA,NA,NA,NA,NA
39420,13,8146,7403,17305,0.4707310026004045,49344,CBSA,39420,"Pullman, WA",NA,NA,NA,NA,NA,NA
39460,2,33445,60218,96374,0.34703343225351235,181537,CBSA,39460,"Punta Gorda, FL",NA,NA,NA,NA,NA,NA
39500,2,8610,26134,36407,0.2364929821188233,76058,CBSA,39500,"Quincy, IL-MO",NA,NA,NA,NA,NA,NA
39540,8,42512,46611,94133,0.4516163300861547,195949,CBSA,39540,"Racine, WI",NA,NA,NA,NA,NA,NA
39580,93,343972,266822,643901,0.5342001332502978,1334342,CBSA,39580,"Raleigh, NC",NA,NA,NA,NA,NA,NA
39660,17,17418,41538,64085,0.2717952719045018,146869,CBSA,39660,"Rapid City, SD",NA,NA,NA,NA,NA,NA
39740,45,78437,96626,183065,0.4284652992106629,417524,CBSA,39740,"Reading, PA",NA,NA,NA,NA,NA,NA
39820,25,22301,51778,80053,0.2785779421133499,179539,CBSA,39820,"Redding, CA",NA,NA,NA,NA,NA,NA
39900,48,98131,96374,212467,0.46186466604225596,461336,CBSA,39900,"Reno, NV",NA,NA,NA,NA,NA,NA
39940,2,1852,13031,21403,0.08652992571134888,52488,CBSA,39940,"Rexburg, ID",NA,NA,NA,NA,NA,NA
39980,5,8322,16028,25579,0.3253450095781696,66178,CBSA,39980,"Richmond, IN",NA,NA,NA,NA,NA,NA
40060,117,336136,277482,650756,0.5165315417760267,1292911,CBSA,40060,"Richmond, VA",NA,NA,NA,NA,NA,NA
40080,5,12708,29040,44062,0.28841178339612367,107983,CBSA,40080,"Richmond-Berea, KY",NA,NA,NA,NA,NA,NA
40140,155,714528,604483,1405374,0.5084255152009358,4570427,CBSA,40140,"Riverside-San Bernardino-Ontario, CA",NA,NA,NA,NA,NA,NA
40180,5,4200,11167,17023,0.24672501909181696,39834,CBSA,40180,"Riverton, WY",NA,NA,NA,NA,NA,NA
40220,37,55980,87507,151684,0.3690567231876796,313488,CBSA,40220,"Roanoke, VA",NA,NA,NA,NA,NA,NA
40340,29,47108,55455,113670,0.41442772939209993,217828,CBSA,40340,"Rochester, MN",NA,NA,NA,NA,NA,NA
40380,64,243124,219877,496212,0.4899599364787631,1071589,CBSA,40380,"Rochester, NY",NA,NA,NA,NA,NA,NA
40420,29,64699,67906,141377,0.4576345515890138,338252,CBSA,40420,"Rockford, IL",NA,NA,NA,NA,NA,NA
40580,3,39459,31580,72551,0.5438794778845226,146769,CBSA,40580,"Rocky Mount, NC",NA,NA,NA,NA,NA,NA
40700,8,14096,34582,53521,0.26337325535771006,109284,CBSA,40700,"Roseburg, OR",NA,NA,NA,NA,NA,NA
40740,8,5534,12872,20271,0.27300083863647573,65153,CBSA,40740,"Roswell, NM",NA,NA,NA,NA,NA,NA
40760,1,2331,5896,8902,0.26185126937766795,19483,CBSA,40760,"Ruidoso, NM",NA,NA,NA,NA,NA,NA
40780,3,6480,20864,29008,0.22338665195808052,85199,CBSA,40780,"Russellville, AR",NA,NA,NA,NA,NA,NA
40820,1,7107,10761,18669,0.3806845572874819,47465,CBSA,40820,"Ruston, LA",NA,NA,NA,NA,NA,NA
40860,7,13635,12479,29619,0.4603463992707384,59000,CBSA,40860,"Rutland, VT",NA,NA,NA,NA,NA,NA
40900,163,490688,354913,917850,0.5346058724192406,2320381,CBSA,40900,"Sacramento--Roseville--Arden-Arcade, CA",NA,NA,NA,NA,NA,NA
40980,6,44396,45469,94320,0.4706955046649703,191996,CBSA,40980,"Saginaw, MI",NA,NA,NA,NA,NA,NA
41060,18,31216,60489,99650,0.313256397390868,198106,CBSA,41060,"St. Cloud, MN",NA,NA,NA,NA,NA,NA
41100,10,10288,42650,61963,0.166034569016994,165859,CBSA,41100,"St. George, UT",NA,NA,NA,NA,NA,NA
41140,4,15469,34131,52771,0.2931344867446135,126598,CBSA,41140,"St. Joseph, MO-KS",NA,NA,NA,NA,NA,NA
41180,187,645962,656719,1375135,0.46974442509280906,2805850,CBSA,41180,"St. Louis, MO-IL",NA,NA,NA,NA,NA,NA
41220,3,5930,12310,18901,0.31374001375588595,53067,CBSA,41220,"St. Marys, GA",NA,NA,NA,NA,NA,NA
41400,2,12432,31676,46201,0.2690850847384256,103149,CBSA,41400,"Salem, OH",NA,NA,NA,NA,NA,NA
41420,74,74208,82317,177135,0.4189347108137861,424968,CBSA,41420,"Salem, OR",NA,NA,NA,NA,NA,NA
41460,2,6741,16111,24967,0.2699963952417191,60363,CBSA,41460,"Salina, KS",NA,NA,NA,NA,NA,NA
41500,41,89088,34895,133408,0.6677860398177021,435477,CBSA,41500,"Salinas, CA",NA,NA,NA,NA,NA,NA
41540,41,71332,107360,186728,0.38201019664967223,404067,CBSA,41540,"Salisbury, MD-DE",NA,NA,NA,NA,NA,NA
41620,136,180436,149212,440697,0.40943323871049725,1205238,CBSA,41620,"Salt Lake City, UT",NA,NA,NA,NA,NA,NA
41660,5,9263,28154,39245,0.2360300675245254,119200,CBSA,41660,"San Angelo, TX",NA,NA,NA,NA,NA,NA
41700,47,371623,380665,790334,0.4702100630872517,2474274,CBSA,41700,"San Antonio-New Braunfels, TX",NA,NA,NA,NA,NA,NA
41740,278,735476,477766,1306400,0.5629791794243724,3325468,CBSA,41740,"San Diego-Carlsbad, CA",NA,NA,NA,NA,NA,NA
41760,7,5819,13343,20943,0.2778494007544287,43621,CBSA,41760,"Sandpoint, ID",NA,NA,NA,NA,NA,NA
41780,2,16057,19648,37578,0.42729788706157856,74857,CBSA,41780,"Sandusky, OH",NA,NA,NA,NA,NA,NA
41860,453,1525802,329266,1979890,0.7706498845895479,4710693,CBSA,41860,"San Francisco-Oakland-Hayward, CA",NA,NA,NA,NA,NA,NA
41940,149,524205,152667,725633,0.7224106400894116,1993582,CBSA,41940,"San Jose-Sunnyvale-Santa Clara, CA",NA,NA,NA,NA,NA,NA
42020,48,67107,56164,135009,0.4970557518387663,282838,CBSA,42020,"San Luis Obispo-Paso Robles-Arroyo Grande, CA",NA,NA,NA,NA,NA,NA
42100,37,95249,22438,128821,0.7393903167961745,275105,CBSA,42100,"Santa Cruz-Watsonville, CA",NA,NA,NA,NA,NA,NA
42140,39,50793,14332,71434,0.711047960355013,149617,CBSA,42140,"Santa Fe, NM",NA,NA,NA,NA,NA,NA
42200,59,107142,56365,176786,0.6060547780932879,445606,CBSA,42200,"Santa Maria-Santa Barbara, CA",NA,NA,NA,NA,NA,NA
42220,63,160435,51408,231253,0.6937639727917043,503246,CBSA,42220,"Santa Rosa, CA",NA,NA,NA,NA,NA,NA
42300,4,5379,9122,15456,0.3480201863354037,37714,CBSA,42300,"Sault Ste. Marie, MI",NA,NA,NA,NA,NA,NA
42340,23,71157,74091,150773,0.4719478951801715,386337,CBSA,42340,"Savannah, GA",NA,NA,NA,NA,NA,NA
42420,4,3307,11049,15455,0.21397605952766094,38148,CBSA,42420,"Scottsbluff, NE",NA,NA,NA,NA,NA,NA
42540,45,108245,135909,251583,0.43025562140526186,555645,CBSA,42540,"Scranton--Wilkes-Barre--Hazleton, PA",NA,NA,NA,NA,NA,NA
42660,251,1076087,491418,1689157,0.6370556437323469,3884469,CBSA,42660,"Seattle-Tacoma-Bellevue, WA",NA,NA,NA,NA,NA,NA
42680,8,29043,48620,80009,0.36299666287542653,154314,CBSA,42680,"Sebastian-Vero Beach, FL",NA,NA,NA,NA,NA,NA
42700,3,14937,29565,45686,0.32694917480190866,104060,CBSA,42700,"Sebring, FL",NA,NA,NA,NA,NA,NA
42740,1,4324,12810,18111,0.23874993098117167,42504,CBSA,42740,"Sedalia, MO",NA,NA,NA,NA,NA,NA
42780,3,4002,11725,16363,0.24457617796247633,40585,CBSA,42780,"Selinsgrove, PA",NA,NA,NA,NA,NA,NA
42820,9,12836,5789,18792,0.6830566198382291,39235,CBSA,42820,"Selma, AL",NA,NA,NA,NA,NA,NA
42900,3,5697,7236,13980,0.4075107296137339,34327,CBSA,42900,"Seneca Falls, NY",NA,NA,NA,NA,NA,NA
42940,1,6297,28629,36312,0.1734137475214805,97277,CBSA,42940,"Sevierville, TN",NA,NA,NA,NA,NA,NA
42980,1,3843,12859,17573,0.21868775963125248,43987,CBSA,42980,"Seymour, IN",NA,NA,NA,NA,NA,NA
43060,2,6015,17848,25452,0.23632720414898634,72248,CBSA,43060,"Shawnee, OK",NA,NA,NA,NA,NA,NA
43100,12,22956,32458,59655,0.38481267286899673,115235,CBSA,43100,"Sheboygan, WI",NA,NA,NA,NA,NA,NA
43180,2,3395,11486,15355,0.22110061869098013,48138,CBSA,43180,"Shelbyville, TN",NA,NA,NA,NA,NA,NA
43260,4,2927,10266,14510,0.20172294968986906,30132,CBSA,43260,"Sheridan, WY",NA,NA,NA,NA,NA,NA
43300,9,10301,35325,47416,0.21724734266914122,131214,CBSA,43300,"Sherman-Denison, TX",NA,NA,NA,NA,NA,NA
43320,6,16459,20577,40294,0.4084727254678116,109144,CBSA,43320,"Show Low, AZ",NA,NA,NA,NA,NA,NA
43340,13,77549,104090,187297,0.4140429371532913,439631,CBSA,43340,"Shreveport-Bossier City, LA",NA,NA,NA,NA,NA,NA
43420,7,17450,28092,50015,0.3488953314005798,124990,CBSA,43420,"Sierra Vista-Douglas, AZ",NA,NA,NA,NA,NA,NA
43460,1,3575,13168,17256,0.20717431617987947,38566,CBSA,43460,"Sikeston, MO",NA,NA,NA,NA,NA,NA
43500,1,6276,5288,12811,0.4898914994926235,27692,CBSA,43500,"Silver City, NM",NA,NA,NA,NA,NA,NA
43580,10,24192,45354,73866,0.3275119811550646,168218,CBSA,43580,"Sioux City, IA-NE-SD",NA,NA,NA,NA,NA,NA
43620,21,40270,62273,110231,0.3653237292594642,260521,CBSA,43620,"Sioux Falls, SD",NA,NA,NA,NA,NA,NA
43780,37,59522,66264,132655,0.4486977498021183,321447,CBSA,43780,"South Bend-Mishawaka, IN-MI",NA,NA,NA,NA,NA,NA
43900,4,44726,83338,133182,0.3358261626946584,334130,CBSA,43900,"Spartanburg, SC",NA,NA,NA,NA,NA,NA
43980,1,2249,5877,8617,0.26099570616223744,16153,CBSA,43980,"Spencer, IA",NA,NA,NA,NA,NA,NA
44020,3,3056,6753,10354,0.2951516322194321,17173,CBSA,44020,"Spirit Lake, IA",NA,NA,NA,NA,NA,NA
44060,75,101468,132969,256725,0.3952400428474048,563958,CBSA,44060,"Spokane-Spokane Valley, WA",NA,NA,NA,NA,NA,NA
44100,38,42724,54175,104888,0.4073297231332469,209175,CBSA,44100,"Springfield, IL",NA,NA,NA,NA,NA,NA
44140,122,167957,100475,286073,0.5871123804063998,629506,CBSA,44140,"Springfield, MA",NA,NA,NA,NA,NA,NA
44180,46,58316,138154,208721,0.2793968982517332,462300,CBSA,44180,"Springfield, MO",NA,NA,NA,NA,NA,NA
44220,3,23328,35205,61429,0.3797554900779762,134649,CBSA,44220,"Springfield, OH",NA,NA,NA,NA,NA,NA
44260,3,8859,8576,18124,0.4887993820348709,49675,CBSA,44260,"Starkville, MS",NA,NA,NA,NA,NA,NA
44300,23,37088,35274,76148,0.48705153122865996,162250,CBSA,44300,"State College, PA",NA,NA,NA,NA,NA,NA
44340,6,9261,15097,25316,0.3658160846895244,76084,CBSA,44340,"Statesboro, GA",NA,NA,NA,NA,NA,NA
44420,29,17274,36097,56802,0.3041090102461181,121984,CBSA,44420,"Staunton-Waynesboro, VA",NA,NA,NA,NA,NA,NA
44460,7,7600,5230,13986,0.5434005434005434,25346,CBSA,44460,"Steamboat Springs, CO",NA,NA,NA,NA,NA,NA
44540,1,1851,7282,9722,0.19039292326681753,21665,CBSA,44540,"Sterling, CO",NA,NA,NA,NA,NA,NA
44580,1,11035,12615,25582,0.4313579860839653,55947,CBSA,44580,"Sterling, IL",NA,NA,NA,NA,NA,NA
44620,7,18521,17306,38496,0.4811149210307564,70608,CBSA,44620,"Stevens Point, WI",NA,NA,NA,NA,NA,NA
44660,8,8788,16651,27760,0.3165706051873199,81867,CBSA,44660,"Stillwater, OK",NA,NA,NA,NA,NA,NA
44700,24,121124,88936,224166,0.5403317184586423,742516,CBSA,44700,"Stockton-Lodi, CA",NA,NA,NA,NA,NA,NA
44740,4,2856,4903,8278,0.34501087219135057,20102,CBSA,44740,"Storm Lake, IA",NA,NA,NA,NA,NA,NA
44900,1,1613,6462,8252,0.19546776539020844,24716,CBSA,44900,"Summerville, GA",NA,NA,NA,NA,NA,NA
44920,6,10503,7333,20641,0.5088416258902185,41349,CBSA,44920,"Summit Park, UT",NA,NA,NA,NA,NA,NA
44980,2,9788,25427,36622,0.267271039266015,91767,CBSA,44980,"Sunbury, PA",NA,NA,NA,NA,NA,NA
45000,9,2224,7574,10524,0.2113264918282022,31123,CBSA,45000,"Susanville, CA",NA,NA,NA,NA,NA,NA
45060,42,141099,127273,286684,0.492176054471125,651048,CBSA,45060,"Syracuse, NY",NA,NA,NA,NA,NA,NA
45140,4,5456,9994,16490,0.3308671922377198,48925,CBSA,45140,"Tahlequah, OK",NA,NA,NA,NA,NA,NA
45180,2,13903,23995,38659,0.35963165110323597,90779,CBSA,45180,"Talladega-Sylacauga, AL",NA,NA,NA,NA,NA,NA
45220,73,114977,74991,197241,0.5829264706627932,383467,CBSA,45220,"Tallahassee, FL",NA,NA,NA,NA,NA,NA
45300,91,663534,707142,1424998,0.46563854826462914,3091225,CBSA,45300,"Tampa-St. Petersburg-Clearwater, FL",NA,NA,NA,NA,NA,NA
45340,12,10668,2727,15260,0.6990825688073394,32862,CBSA,45340,"Taos, NM",NA,NA,NA,NA,NA,NA
45460,18,22431,41119,66598,0.336811916273762,170022,CBSA,45460,"Terre Haute, IN",NA,NA,NA,NA,NA,NA
45500,4,14508,39823,55920,0.2594420600858369,150254,CBSA,45500,"Texarkana, TX-AR",NA,NA,NA,NA,NA,NA
45520,4,4781,5833,11964,0.3996155132062855,26321,CBSA,45520,"The Dalles, OR",NA,NA,NA,NA,NA,NA
45620,6,7142,11228,18802,0.3798532071056271,44662,CBSA,45620,"Thomasville, GA",NA,NA,NA,NA,NA,NA
45700,1,4347,9584,14219,0.30571770166678386,40438,CBSA,45700,"Tifton, GA",NA,NA,NA,NA,NA,NA
45780,37,144220,121905,283122,0.5093917109938472,603830,CBSA,45780,"Toledo, OH",NA,NA,NA,NA,NA,NA
45820,44,40485,52284,99987,0.4049026373428546,233153,CBSA,45820,"Topeka, KS",NA,NA,NA,NA,NA,NA
45860,7,39775,53051,97442,0.40819153958252086,181710,CBSA,45860,"Torrington, CT",NA,NA,NA,NA,NA,NA
45900,14,34127,46307,85407,0.399580830611074,148671,CBSA,45900,"Traverse City, MI",NA,NA,NA,NA,NA,NA
45940,40,104775,46193,156529,0.6693647822448237,368602,CBSA,45940,"Trenton, NJ",NA,NA,NA,NA,NA,NA
46020,9,26053,23365,54935,0.47425138800400474,99503,CBSA,46020,"Truckee-Grass Valley, CA",NA,NA,NA,NA,NA,NA
46060,65,224661,167428,421640,0.5328265819182241,1027502,CBSA,46060,"Tucson, AZ",NA,NA,NA,NA,NA,NA
46140,52,119639,246001,387325,0.3088853030400826,991610,CBSA,46140,"Tulsa, OK",NA,NA,NA,NA,NA,NA
46180,2,13532,41026,55634,0.24323255563144838,140186,CBSA,46180,"Tupelo, MS",NA,NA,NA,NA,NA,NA
46220,7,40509,56352,100282,0.40395085857880775,242700,CBSA,46220,"Tuscaloosa, AL",NA,NA,NA,NA,NA,NA
46300,2,7562,24472,36625,0.20647098976109216,109037,CBSA,46300,"Twin Falls, ID",NA,NA,NA,NA,NA,NA
46340,2,22300,58930,84768,0.2630709701774254,227460,CBSA,46340,"Tyler, TX",NA,NA,NA,NA,NA,NA
46380,19,22079,10888,37477,0.5891346692638152,87697,CBSA,46380,"Ukiah, CA",NA,NA,NA,NA,NA,NA
46460,1,3200,11075,14631,0.21871369011004033,36607,CBSA,46460,"Union City, TN-KY",NA,NA,NA,NA,NA,NA
46500,1,4594,12631,18104,0.2537560760053027,38824,CBSA,46500,"Urbana, OH",NA,NA,NA,NA,NA,NA
46520,52,175696,90326,285790,0.6147730851324399,986429,CBSA,46520,"Urban Honolulu, HI",NA,NA,NA,NA,NA,NA
46540,17,41826,68136,117264,0.3566823577568563,292336,CBSA,46540,"Utica-Rome, NY",NA,NA,NA,NA,NA,NA
46660,13,18554,28327,48194,0.38498568286508694,145403,CBSA,46660,"Valdosta, GA",NA,NA,NA,NA,NA,NA
46700,16,102360,51920,166113,0.6162070397861696,443877,CBSA,46700,"Vallejo-Fairfield, CA",NA,NA,NA,NA,NA,NA
46780,2,2697,10469,13770,0.19586056644880173,28291,CBSA,46780,"Van Wert, OH",NA,NA,NA,NA,NA,NA
46820,2,2608,2109,5069,0.5144999013612153,14021,CBSA,46820,"Vermillion, SD",NA,NA,NA,NA,NA,NA
46980,1,12992,10307,23688,0.5484633569739953,55805,CBSA,46980,"Vicksburg, MS",NA,NA,NA,NA,NA,NA
47020,4,9839,23895,34831,0.28247825213172173,99651,CBSA,47020,"Victoria, TX",NA,NA,NA,NA,NA,NA
47180,1,3772,11077,15516,0.24310389275586491,37094,CBSA,47180,"Vincennes, IN",NA,NA,NA,NA,NA,NA
47220,10,27771,24453,54004,0.5142396859491889,151748,CBSA,47220,"Vineland-Bridgeton, NJ",NA,NA,NA,NA,NA,NA
47240,15,8400,2477,11502,0.7303077725612936,17321,CBSA,47240,"Vineyard Haven, MA",NA,NA,NA,NA,NA,NA
47260,70,398446,336008,780091,0.5107686154564018,1724876,CBSA,47260,"Virginia Beach-Norfolk-Newport News, VA-NC",NA,NA,NA,NA,NA,NA
47300,14,47585,58299,112334,0.42360282728292414,463097,CBSA,47300,"Visalia-Porterville, CA",NA,NA,NA,NA,NA,NA
47380,14,28747,51701,84323,0.3409152900157727,268550,CBSA,47380,"Waco, TX",NA,NA,NA,NA,NA,NA
47460,9,10220,15148,27601,0.37027643925944714,64675,CBSA,47460,"Walla Walla, WA",NA,NA,NA,NA,NA,NA
47660,2,5930,13719,21132,0.28061707363240584,53759,CBSA,47660,"Warrensburg, MO",NA,NA,NA,NA,NA,NA
47820,1,8764,14543,23938,0.36611245718105107,47051,CBSA,47820,"Washington, NC",NA,NA,NA,NA,NA,NA
47900,439,1950984,735001,2854536,0.6834679961997326,6200001,CBSA,47900,"Washington-Arlington-Alexandria, DC-VA-MD-WV",NA,NA,NA,NA,NA,NA
47940,22,39445,39211,84815,0.4650710369628014,169553,CBSA,47940,"Waterloo-Cedar Falls, IA",NA,NA,NA,NA,NA,NA
48020,5,16561,23410,43146,0.38383627682751587,84775,CBSA,48020,"Watertown-Fort Atkinson, WI",NA,NA,NA,NA,NA,NA
48060,13,13809,21763,38236,0.3611517941207239,113063,CBSA,48060,"Watertown-Fort Drum, NY",NA,NA,NA,NA,NA,NA
48140,10,26477,39013,69515,0.3808818240667482,135415,CBSA,48140,"Wausau, WI",NA,NA,NA,NA,NA,NA
48260,5,15505,36651,54516,0.28441191576784797,118181,CBSA,48260,"Weirton-Steubenville, WV-OH",NA,NA,NA,NA,NA,NA
48300,19,17950,27717,48923,0.3669030926149255,118646,CBSA,48300,"Wenatchee, WA",NA,NA,NA,NA,NA,NA
48460,1,2881,13893,17455,0.1650529934116299,40084,CBSA,48460,"West Plains, MO",NA,NA,NA,NA,NA,NA
48540,4,17196,41913,62276,0.2761256342732353,141228,CBSA,48540,"Wheeling, WV-OH",NA,NA,NA,NA,NA,NA
48580,1,18706,28851,51324,0.36446886446886445,102956,CBSA,48580,"Whitewater-Elkhorn, WI",NA,NA,NA,NA,NA,NA
48620,34,83943,141608,244412,0.3434487668363255,644949,CBSA,48620,"Wichita, KS",NA,NA,NA,NA,NA,NA
48660,8,9700,35794,47420,0.20455504006748207,151180,CBSA,48660,"Wichita Falls, TX",NA,NA,NA,NA,NA,NA
48700,8,13020,35627,50565,0.2574903589439336,113930,CBSA,48700,"Williamsport, PA",NA,NA,NA,NA,NA,NA
48780,1,1735,10069,12807,0.13547278831888812,33395,CBSA,48780,"Williston, ND",NA,NA,NA,NA,NA,NA
48820,4,7266,12785,21772,0.3337313981260334,42715,CBSA,48820,"Willmar, MN",NA,NA,NA,NA,NA,NA
48900,25,60333,72983,139790,0.4315973960941412,289425,CBSA,48900,"Wilmington, NC",NA,NA,NA,NA,NA,NA
48940,5,4066,13838,18675,0.21772423025435073,41966,CBSA,48940,"Wilmington, OH",NA,NA,NA,NA,NA,NA
48980,3,19663,17531,38135,0.5156155762422971,81567,CBSA,48980,"Wilson, NC",NA,NA,NA,NA,NA,NA
49020,15,18676,37565,59715,0.31275223980574396,138107,CBSA,49020,"Winchester, VA-WV",NA,NA,NA,NA,NA,NA
49100,6,11366,12122,26074,0.4359131702078699,50704,CBSA,49100,"Winona, MN",NA,NA,NA,NA,NA,NA
49180,42,125668,176890,315098,0.39882195380484803,666746,CBSA,49180,"Winston-Salem, NC",NA,NA,NA,NA,NA,NA
49220,2,14232,21503,37800,0.3765079365079365,73112,CBSA,49220,"Wisconsin Rapids-Marshfield, WI",NA,NA,NA,NA,NA,NA
49300,10,15031,32270,49853,0.30150642890096885,116247,CBSA,49300,"Wooster, OH",NA,NA,NA,NA,NA,NA
49340,45,220570,183429,434528,0.5076082553943589,942303,CBSA,49340,"Worcester, MA-CT",NA,NA,NA,NA,NA,NA
49380,1,2733,5299,8632,0.3166126042632067,21810,CBSA,49380,"Worthington, MN",NA,NA,NA,NA,NA,NA
49420,26,31291,41735,77750,0.4024565916398714,250377,CBSA,49420,"Yakima, WA",NA,NA,NA,NA,NA,NA
49620,19,68524,128528,205986,0.3326633848902353,445722,CBSA,49620,"York-Hanover, PA",NA,NA,NA,NA,NA,NA
49660,60,119128,134184,263410,0.45225314149045215,541875,CBSA,49660,"Youngstown-Warren-Boardman, OH-PA",NA,NA,NA,NA,NA,NA
49700,4,20986,31346,56521,0.37129562463509136,173213,CBSA,49700,"Yuba City, CA",NA,NA,NA,NA,NA,NA
49740,10,24605,25165,53010,0.46415770609318996,209756,CBSA,49740,"Yuma, AZ",NA,NA,NA,NA,NA,NA
NA,3,NA,NA,NA,NA,5726,county,02016,Aleutians West Census Area,02016,AK,NA,02,016,Aleutians West Census Area
NA,3,NA,NA,NA,NA,18079,county,02050,Bethel Census Area,02050,AK,NA,02,050,Bethel Census Area
NA,2,NA,NA,NA,NA,2518,county,02100,Haines Borough,02100,AK,NA,02,100,Haines Borough
NA,2,NA,NA,NA,NA,2139,county,02105,Hoonah-Angoon Census Area,02105,AK,NA,02,105,Hoonah-Angoon Census Area
NA,18,NA,NA,NA,NA,58522,county,02122,Kenai Peninsula Borough,02122,AK,NA,02,122,Kenai Peninsula Borough
NA,6,NA,NA,NA,NA,13519,county,02150,Kodiak Island Borough,02150,AK,NA,02,150,Kodiak Island Borough
NA,1,NA,NA,NA,NA,1607,county,02164,Lake and Peninsula Borough,02164,AK,NA,02,164,Lake and Peninsula Borough
NA,4,NA,NA,NA,NA,9968,county,02180,Nome Census Area,02180,AK,NA,02,180,Nome Census Area
NA,3,NA,NA,NA,NA,9831,county,02185,North Slope Borough,02185,AK,NA,02,185,North Slope Borough
NA,3,NA,NA,NA,NA,3259,county,02195,Petersburg Borough,02195,AK,NA,02,195,Petersburg Borough
NA,6,NA,NA,NA,NA,8686,county,02220,Sitka City and Borough,02220,AK,NA,02,220,Sitka City and Borough
NA,5,NA,NA,NA,NA,9224,county,02261,Valdez-Cordova Census Area,02261,AK,NA,02,261,Valdez-Cordova Census Area
NA,2,NA,NA,NA,NA,2511,county,02275,Wrangell City and Borough,02275,AK,NA,02,275,Wrangell City and Borough
NA,1,NA,NA,NA,NA,607,county,02282,Yakutat City and Borough,02282,AK,NA,02,282,Yakutat City and Borough
NA,1,1939,3826,6212,0.312137797810689,17904,county,05001,Arkansas County,05001,AR,447,05,001,Arkansas County
NA,1,7944,13511,23136,0.3433609958506224,45642,county,06009,Calaveras County,06009,CA,1681,06,009,Calaveras County
NA,2,2661,3551,6632,0.4012364294330519,21675,county,06011,Colusa County,06011,CA,420,06,011,Colusa County
NA,1,3155,4248,8086,0.39018055899084836,17948,county,06027,Inyo County,06027,CA,683,06,027,Inyo County
NA,1,3459,5420,9676,0.357482430756511,18740,county,06063,Plumas County,06063,CA,797,06,063,Plumas County
NA,2,7234,11341,20492,0.35301581104821395,43784,county,06093,Siskiyou County,06093,CA,1917,06,093,Siskiyou County
NA,6,4888,5391,11250,0.43448888888888887,19651,county,08015,Chaffee County,08015,CO,971,08,015,Chaffee County
NA,1,3358,4494,8588,0.3910107126222636,15356,county,08049,Grand County,08049,CO,736,08,049,Grand County
NA,1,5128,3289,9412,0.5448363790905227,16931,county,08051,Gunnison County,08051,CO,995,08,051,Gunnison County
NA,12,3973,7853,12858,0.30899051174366154,26148,county,08083,Montezuma County,08083,CO,1032,08,083,Montezuma County
NA,1,1697,1351,3310,0.5126888217522658,4809,county,08091,Ouray County,08091,CO,262,08,091,Ouray County
NA,1,2975,1033,4329,0.6872256872256872,8047,county,08113,San Miguel County,08113,CO,321,08,113,San Miguel County
NA,1,1014,4568,5694,0.1780821917808219,15469,county,12125,Union County,12125,FL,112,12,125,Union County
NA,1,3013,6053,9213,0.32703788125474875,24749,county,13131,Grady County,13131,GA,147,13,131,Grady County
NA,1,3199,5490,8852,0.3613872571170357,17220,county,13133,Greene County,13133,GA,163,13,133,Greene County
NA,2,2220,9619,12425,0.17867203219315894,32822,county,13187,Lumpkin County,13187,GA,586,13,187,Lumpkin County
NA,1,1444,6287,7992,0.1806806806806807,16557,county,13241,Rabun County,13241,GA,261,13,241,Rabun County
NA,1,1222,805,2058,0.5937803692905733,6179,county,13259,Stewart County,13259,GA,31,13,259,Stewart County
NA,1,1196,6441,8233,0.1452690392323576,16373,county,16049,Idaho County,16049,ID,596,16,049,Idaho County
NA,1,1384,3297,5120,0.2703125,12552,county,16079,Shoshone County,16079,ID,439,16,079,Shoshone County
NA,1,1290,4521,6094,0.21168362323596981,16000,county,17101,Lawrence County,17101,IL,283,17,101,Lawrence County
NA,1,2987,4275,7807,0.3826053541693352,17170,county,17187,Warren County,17187,IL,545,17,187,Warren County
NA,1,2929,10277,13801,0.21223099775378595,32180,county,18055,Greene County,18055,IN,595,18,055,Greene County
NA,1,2157,4921,7513,0.28710235591641153,14582,county,19023,Butler County,19023,IA,435,19,023,Butler County
NA,1,3689,5620,9975,0.3698245614035088,19708,county,19065,Fayette County,19065,IA,666,19,065,Fayette County
NA,1,1677,2611,4559,0.3678438254003071,9219,county,19089,Howard County,19089,IA,271,19,089,Howard County
NA,2,2300,14785,18194,0.12641530174782895,34841,county,19167,Sioux County,19167,IA,1109,19,167,Sioux County
NA,8,5254,5344,11362,0.46241858827671184,20131,county,19191,Winneshiek County,19191,IA,764,19,191,Winneshiek County
NA,1,1537,3991,5738,0.2678633670268386,12931,county,21025,Breathitt County,21025,KY,210,21,025,Breathitt County
NA,4,4015,11993,16540,0.24274486094316808,36261,county,21071,Floyd County,21071,KY,532,21,071,Floyd County
NA,1,1453,5904,7623,0.19060737242555426,17497,county,21079,Garrard County,21079,KY,266,21,079,Garrard County
NA,2,1372,9129,10757,0.12754485451334016,26725,county,21095,Harlan County,21095,KY,256,21,095,Harlan County
NA,1,1250,8043,9572,0.13058921855411618,22571,county,21115,Johnson County,21115,KY,279,21,115,Johnson County
NA,1,400,4015,4492,0.08904719501335707,10309,county,21131,Leslie County,21131,KY,77,21,131,Leslie County
NA,2,1542,7293,9134,0.1688197941756076,22328,county,21133,Letcher County,21133,KY,299,21,133,Letcher County
NA,1,2755,7778,10899,0.25277548398935684,27014,county,21141,Logan County,21141,KY,366,21,141,Logan County
NA,2,3672,12322,16698,0.21990657563780094,31311,county,21157,Marshall County,21157,KY,704,21,157,Marshall County
NA,1,2395,7740,10585,0.22626358053849788,21588,county,21167,Mercer County,21167,KY,450,21,167,Mercer County
NA,2,2136,8158,10572,0.20204313280363223,26479,county,21193,Perry County,21193,KY,278,21,193,Perry County
NA,10,4280,19747,24665,0.1735252381917697,58862,county,21195,Pike County,21195,KY,638,21,195,Pike County
NA,1,3295,5174,8848,0.3724005424954792,24562,county,21205,Rowan County,21205,KY,379,21,205,Rowan County
NA,1,2144,5077,7531,0.2846899482140486,18105,county,21213,Simpson County,21213,KY,310,21,213,Simpson County
NA,1,1240,4397,5805,0.2136089577950043,13071,county,21233,Webster County,21233,KY,168,21,233,Webster County
NA,1,3931,6714,10904,0.360509904622157,22580,county,22007,Assumption Parish,22007,LA,259,22,007,Assumption Parish
NA,1,5035,11165,16586,0.3035692752924153,40871,county,22009,Avoyelles Parish,22009,LA,386,22,009,Avoyelles Parish
NA,1,4208,10360,14882,0.28275769385835237,33625,county,22039,Evangeline Parish,22039,LA,314,22,039,Evangeline Parish
NA,3,13386,19419,35097,0.38140011966834775,67595,county,23003,Aroostook County,23003,ME,2292,23,003,Aroostook County
NA,3,7016,7918,16488,0.4255215914604561,29852,county,23007,Franklin County,23007,ME,1554,23,007,Franklin County
NA,13,16117,13705,32130,0.5016184251478369,54597,county,23009,Hancock County,23009,ME,2308,23,009,Hancock County
NA,19,12443,9148,23147,0.5375642631874541,39869,county,23013,Knox County,23013,ME,1556,23,013,Knox County
NA,2,10241,9727,21503,0.476259126633493,34190,county,23015,Lincoln County,23015,ME,1535,23,015,Lincoln County
NA,1,12172,16210,31201,0.39011570141982627,57430,county,23017,Oxford County,23017,ME,2819,23,017,Oxford County
NA,6,9092,15001,26064,0.3488336402701044,50421,county,23025,Somerset County,23025,ME,1971,23,025,Somerset County
NA,3,10440,10378,22707,0.45977011494252873,39800,county,23027,Waldo County,23027,ME,1889,23,027,Waldo County
NA,4,6075,9093,16365,0.3712190650779102,31540,county,23029,Washington County,23029,ME,1197,23,029,Washington County
NA,1,4575,4876,10021,0.45654126334697137,19437,county,24029,Kent County,24029,MD,570,24,029,Kent County
NA,3,4146,1892,6406,0.6472057446144239,11270,county,25019,Nantucket County,25019,MA,368,25,019,Nantucket County
NA,3,1156,2158,3490,0.3312320916905444,8438,county,26013,Baraga County,26013,MI,176,26,013,Baraga County
NA,1,4302,8683,13672,0.3146576945582212,25398,county,26031,Cheboygan County,26031,MI,687,26,031,Cheboygan County
NA,1,4249,8505,13389,0.3173500634849503,30597,county,26035,Clare County,26035,MI,635,26,035,Clare County
NA,2,6972,10616,18802,0.3708116157855547,33127,county,26047,Emmet County,26047,MI,1214,26,047,Emmet County
NA,2,2925,4018,7329,0.39909946786737616,15338,county,26053,Gogebic County,26053,MI,386,26,053,Gogebic County
NA,1,4579,10692,15917,0.2876798391656719,31271,county,26063,Huron County,26063,MI,646,26,063,Huron County
NA,1,4345,8345,13361,0.32520020956515233,25122,county,26069,Iosco County,26069,MI,671,26,069,Iosco County
NA,3,4979,6915,12599,0.39519009445194064,24421,county,26101,Manistee County,26101,MI,705,26,101,Manistee County
NA,1,3973,7228,11930,0.3330259849119866,26458,county,26127,Oceana County,26127,MI,729,26,127,Oceana County
NA,1,4287,8141,13041,0.32873245916724175,23775,county,26143,Roscommon County,26143,MI,613,26,143,Roscommon County
NA,2,7429,17102,25796,0.28799038610637306,52794,county,26157,Tuscola County,26157,MI,1265,26,157,Tuscola County
NA,1,5208,10880,17222,0.30240390198583206,34075,county,27005,Becker County,27005,MN,1134,27,005,Becker County
NA,6,1912,1156,3395,0.563181148748159,5384,county,27031,Cook County,27031,MN,327,27,031,Cook County
NA,1,2327,5230,8177,0.2845786963434022,16054,county,27065,Kanabec County,27065,MN,620,27,065,Kanabec County
NA,1,4580,8191,13811,0.33161972340887697,29184,county,27115,Pine County,27115,MN,1040,27,115,Pine County
NA,1,2106,3793,6319,0.33328058237062824,10985,county,27121,Pope County,27121,MN,420,27,121,Pope County
NA,3,2116,2799,5398,0.39199703593923674,9672,county,27149,Stevens County,27149,MN,483,27,149,Stevens County
NA,1,5524,10167,15884,0.347771342231176,35852,county,28095,Monroe County,28095,MS,193,28,095,Monroe County
NA,1,4268,6122,10522,0.40562630678578215,28429,county,28123,Scott County,28123,MS,132,28,123,Scott County
NA,1,4768,16944,22514,0.2117793373012348,45449,county,29029,Camden County,29029,MO,802,29,029,Camden County
NA,1,2094,1853,4237,0.49421760679726223,13444,county,30003,Big Horn County,30003,MT,290,30,003,Big Horn County
NA,4,1176,3657,5185,0.22680810028929604,11725,county,30017,Custer County,30017,MT,352,30,017,Custer County
NA,2,3121,1620,5075,0.614975369458128,13675,county,30035,Glacier County,30035,MT,334,30,035,Glacier County
NA,4,2371,3478,6445,0.3678820791311094,16463,county,30041,Hill County,30041,MT,596,30,041,Hill County
NA,2,2041,6729,9330,0.2187566988210075,19508,county,30053,Lincoln County,30053,MT,560,30,053,Lincoln County
NA,3,3595,4980,9359,0.38412223528154715,16438,county,30067,Park County,30067,MT,784,30,067,Park County
NA,2,987,2253,3453,0.2858384013900956,9259,county,30087,Rosebud County,30087,MT,213,30,087,Rosebud County
NA,1,965,3617,4924,0.19597887896019497,10860,county,31013,Box Butte County,31013,NE,342,31,013,Box Butte County
NA,1,801,2632,3676,0.2178998911860718,8885,county,31045,Dawes County,31045,NE,243,31,045,Dawes County
NA,1,531,4354,5118,0.10375146541617819,10186,county,31089,Holt County,31089,NE,233,31,089,Holt County
NA,1,645,4258,5170,0.12475822050290135,10750,county,31145,Red Willow County,31145,NE,267,31,145,Red Willow County
NA,1,287,2211,2608,0.11004601226993865,5278,county,31161,Sheridan County,31161,NE,110,31,161,Sheridan County
NA,2,340,1150,1573,0.2161474888747616,3090,county,31163,Sherman County,31163,NE,83,31,163,Sherman County
NA,1,835,2693,3776,0.2211334745762712,9260,county,31179,Wayne County,31179,NE,248,31,179,Wayne County
NA,1,430,1403,1982,0.21695257315842584,6473,county,32027,Pershing County,32027,NV,149,32,027,Pershing County
NA,6,12987,14635,29616,0.4385129659643436,48109,county,33003,Carroll County,33003,NH,1994,33,003,Carroll County
NA,2,3313,2616,6868,0.48238206173558534,16885,county,35053,Socorro County,35053,NM,939,35,053,Socorro County
NA,1,4882,12525,18692,0.2611812540124117,46688,county,36003,Allegany County,36003,NY,1285,36,003,Allegany County
NA,1,6775,11921,20160,0.33606150793650796,47790,county,36017,Chenango County,36017,NY,1464,36,017,Chenango County
NA,1,6627,11942,19792,0.3348322554567502,45020,county,36025,Delaware County,36025,DE,1223,36,025,Delaware County
NA,3,6627,11942,19792,0.3348322554567502,45020,county,36025,Delaware County,36025,NY,1223,36,025,Delaware County
NA,3,7762,7958,17218,0.4508072946916018,37511,county,36031,Essex County,36031,NY,1498,36,031,Essex County
NA,5,7405,13073,22050,0.33582766439909295,47474,county,36039,Greene County,36039,NY,1572,36,039,Greene County
NA,8,12568,15931,29955,0.41956267734935737,75079,county,36105,Sullivan County,36105,NY,1456,36,105,Sullivan County
NA,2,3500,9412,13424,0.2607270560190703,26803,county,37009,Ashe County,37009,NC,512,37,009,Ashe County
NA,2,7058,8550,15897,0.4439831414732339,33468,county,37017,Bladen County,37017,NC,289,37,017,Bladen County
NA,2,2860,10844,14181,0.20167830195331782,27980,county,37039,Cherokee County,37039,NC,477,37,039,Cherokee County
NA,1,9063,14272,23732,0.38188943199056125,55987,county,37047,Columbus County,37047,NC,397,37,047,Columbus County
NA,1,8283,12217,20856,0.3971518987341772,58862,county,37061,Duplin County,37061,NC,356,37,061,Duplin County
NA,1,965,1288,2304,0.4188368055555556,5267,county,37095,Hyde County,37095,NC,51,37,095,Hyde County
NA,1,4150,7130,11540,0.3596187175043328,27347,county,37123,Montgomery County,37123,NC,260,37,123,Montgomery County
NA,2,3735,6768,10934,0.34159502469361624,20518,county,37149,Polk County,37149,NC,431,37,149,Polk County
NA,1,736,2494,3494,0.21064682312535776,6536,county,38009,Bottineau County,38009,ND,264,38,009,Bottineau County
NA,1,1788,8720,11054,0.16175140220734577,43887,county,39075,Holmes County,39075,OH,546,39,075,Holmes County
NA,1,3539,7902,11879,0.2979207003956562,28227,county,39131,Pike County,39131,OH,438,39,131,Pike County
NA,1,4358,11939,17308,0.25179107926970185,36746,county,39171,Williams County,39171,OH,1011,39,171,Williams County
NA,2,3311,11826,15716,0.21067701705268516,42582,county,40041,Delaware County,40041,OK,579,40,041,Delaware County
NA,3,2980,5483,9459,0.3150438735595729,23700,county,41031,Jefferson County,41031,OR,996,41,031,Jefferson County
NA,3,5768,6538,13803,0.4178801709773238,26574,county,41057,Tillamook County,41057,OR,1497,41,057,Tillamook County
NA,1,4273,12576,17535,0.2436840604505275,38975,county,42031,Clarion County,42031,PA,686,42,031,Clarion County
NA,1,3650,15192,19478,0.18739090255673066,43828,county,42065,Jefferson County,42065,PA,636,42,065,Jefferson County
NA,1,3901,13614,18325,0.21287858117326058,40701,county,42117,Tioga County,42117,PA,810,42,117,Tioga County
NA,1,7008,16244,24018,0.2917811641269048,51215,county,42127,Wayne County,42127,PA,766,42,127,Wayne County
NA,1,3898,2204,6214,0.6272932088831671,14397,county,45009,Bamberg County,45009,SC,112,45,009,Bamberg County
NA,1,5199,2803,8156,0.6374448258950466,17267,county,45061,Lee County,45061,SC,154,45,061,Lee County
NA,1,398,1139,1657,0.24019312009656005,3686,county,46025,Clark County,46025,SD,120,46,025,Clark County
NA,1,2314,4038,6786,0.34099616858237547,12792,county,46079,Lake County,46079,SD,434,46,079,Lake County
NA,1,754,1056,1947,0.3872624550590652,4998,county,46091,Marshall County,46091,SD,137,46,091,Marshall County
NA,1,2554,10398,13348,0.19133952652082709,33833,county,47103,Lincoln County,47103,TN,396,47,103,Lincoln County
NA,1,3186,13374,17093,0.1863920903293746,46098,county,47123,Monroe County,47123,TN,533,47,123,Monroe County
NA,2,1873,2077,4252,0.44049858889934146,9330,county,48043,Brewster County,48043,TX,302,48,043,Brewster County
NA,1,2173,974,3225,0.6737984496124031,10346,county,48127,Dimmit County,48127,TX,78,48,127,Dimmit County
NA,1,2444,1856,4400,0.5554545454545454,19564,county,48163,Frio County,48163,TX,100,48,163,Frio County
NA,2,2636,694,3396,0.7762073027090695,11965,county,48507,Zavala County,48507,TX,66,48,507,Zavala County
NA,5,1960,1975,4533,0.43238473417163026,9640,county,49019,Grand County,49019,UT,598,49,019,Grand County
NA,1,741,2265,3505,0.21141226818830242,7537,county,49025,Kane County,49025,UT,499,49,025,Kane County
NA,4,2042,2645,5447,0.37488525794015054,15320,county,49037,San Juan County,49037,UT,760,49,037,San Juan County
NA,5,11219,5297,19031,0.5895118490883295,36940,county,50001,Addison County,50001,VT,2515,50,001,Addison County
NA,3,6445,5534,14075,0.45790408525754883,30154,county,50005,Caledonia County,50005,VT,2096,50,005,Caledonia County
NA,1,7241,3570,12762,0.5673875568092775,25345,county,50015,Lamoille County,50015,VT,1951,50,015,Lamoille County
NA,2,5185,5159,12047,0.430397609363327,26834,county,50019,Orleans County,50019,VT,1703,50,019,Orleans County
NA,16,14340,5454,22635,0.633532140490391,42906,county,50025,Windham County,50025,VT,2841,50,025,Windham County
NA,3,6740,8583,15818,0.4260968516879504,32566,county,51001,Accomack County,51001,VA,495,51,001,Accomack County
NA,2,6212,10528,17631,0.35233395723441663,35885,county,51109,Louisa County,51109,VA,891,51,109,Louisa County
NA,1,3255,2686,6172,0.5273817239144524,11887,county,51131,Northampton County,51131,VA,231,51,131,Northampton County
NA,1,1768,6454,8525,0.2073900293255132,17708,county,51141,Patrick County,51141,VA,303,51,141,Patrick County
NA,5,5273,14094,20513,0.25705650075561837,43271,county,51171,Shenandoah County,51171,VA,1146,51,171,Shenandoah County
NA,7,1514,766,2465,0.6141987829614605,7082,county,51678,Lexington city,51678,VA,185,51,678,Lexington city
NA,6,12656,6037,20276,0.6241862300256461,31191,county,53031,Jefferson County,53031,WA,1583,53,031,Jefferson County
NA,1,6298,9610,17091,0.36849803990404306,41898,county,53047,Okanogan County,53047,WA,1183,53,047,Okanogan County
NA,12,7172,2688,10774,0.6656766289214776,16725,county,53055,San Juan County,53055,WA,914,53,055,San Juan County
NA,2,1321,3537,5090,0.2595284872298625,14224,county,54007,Braxton County,54007,WV,232,54,007,Braxton County
NA,7,3765,9556,14066,0.2676667140622778,35243,county,54025,Greenbrier County,54025,WV,745,54,025,Greenbrier County
NA,1,2663,9020,12187,0.21851152867809961,28907,county,54035,Jackson County,54035,WV,504,54,035,Jackson County
NA,1,1347,5274,6928,0.19442840646651272,16192,county,54041,Lewis County,54041,WV,307,54,041,Lewis County
NA,1,1370,7911,9510,0.1440588853838065,24138,county,54059,Mingo County,54059,WV,229,54,059,Mingo County
NA,5,1111,4443,5805,0.19138673557278207,13373,county,54063,Monroe County,54063,WV,251,54,063,Monroe County
NA,2,1573,5732,7654,0.20551345701593937,17709,county,54065,Morgan County,54065,WV,349,54,065,Morgan County
NA,3,729,2398,3225,0.22604651162790698,6970,county,54071,Pendleton County,54071,WV,98,54,071,Pendleton County
NA,1,1190,3455,4862,0.24475524475524477,12891,county,54089,Summers County,54089,WV,217,54,089,Summers County
NA,3,1766,7005,9218,0.19158168800173572,24546,county,54097,Upshur County,54097,WV,447,54,097,Upshur County
NA,1,1062,6547,7831,0.13561486400204317,21248,county,54109,Wyoming County,54109,WV,222,54,109,Wyoming County
NA,1,3770,5983,10164,0.3709169618260527,19891,county,55001,Adams County,55001,WI,411,55,001,Adams County
NA,6,4228,3302,8029,0.5265911072362686,15513,county,55003,Ashland County,55003,WI,499,55,003,Ashland County
NA,1,4954,4125,9529,0.5198866617693357,15033,county,55007,Bayfield County,55007,WI,450,55,007,Bayfield County
NA,2,8026,8584,17608,0.4558155383916402,27480,county,55029,Door County,55029,WI,998,55,029,Door County
NA,1,2701,6213,9388,0.28770771197273115,18785,county,55047,Green Lake County,55047,WI,474,55,047,Green Lake County
NA,1,3260,6436,10132,0.32175286221871296,19171,county,55067,Langlade County,55067,WI,436,55,067,Langlade County
NA,1,7048,11352,19670,0.358312150482969,45617,county,55081,Monroe County,55081,WI,1270,55,081,Monroe County
NA,4,8104,12117,21473,0.37740418199599496,35287,county,55085,Oneida County,55085,WI,1252,55,085,Oneida County
NA,3,6352,6996,14213,0.4469147963132344,30737,county,55123,Vernon County,55123,WI,865,55,123,Vernon County
NA,5,2535,11115,15095,0.16793640278237826,29189,county,56029,Park County,56029,WY,1445,56,029,Park County
NA,2,644,3409,4390,0.14669703872437356,9759,county,56035,Sublette County,56035,WY,337,56,035,Sublette County
