location_id,location_name,protest_count,topic_protest,internal_point_latitude,internal_point_longitude,perc_topic,pop,topic_per_10k
02016,Aleutians West Census Area,3,2,53.21966666666667,-169.9103333333333,0.6666666666666666,5726,3.4928396786587492
02050,Bethel Census Area,3,2,60.792,-161.756,0.6666666666666666,18079,1.1062558769843465
02100,Haines Borough,2,1,59.236,-135.445,0.5,2518,3.9714058776806986
02105,Hoonah-Angoon Census Area,2,1,58.413,-135.737,0.5,2139,4.675081813931744
02122,Kenai Peninsula Borough,18,7,60.056555555555555,-151.24833333333333,0.3888888888888889,58522,1.1961313693995421
02150,Kodiak Island Borough,7,1,57.79,-152.407,0.14285714285714285,13519,0.7396996819291368
02164,Lake and Peninsula Borough,1,0,59.328,-155.895,0,1607,0
02180,Nome Census Area,4,4,64.34400000000001,-164.25150000000002,1,9968,4.012841091492777
02185,North Slope Borough,3,1,71.073,-157.87199999999999,0.3333333333333333,9831,1.0171905197843556
02195,Petersburg Borough,3,2,56.812,-132.956,0.6666666666666666,3259,6.13685179502915
02220,Sitka City and Borough,6,3,57.053,-135.33,0.5,8686,3.4538337554685703
02261,Valdez-Cordova Census Area,5,2,60.659800000000004,-145.87199999999999,0.4,9224,2.168256721595837
02275,Wrangell City and Borough,2,1,56.471,-132.377,0.5,2511,3.9824771007566704
02282,Yakutat City and Borough,1,0,59.547,-139.727,0,607,0
05001,Arkansas County,1,0,34.5,-91.553,0,17904,0
06009,Calaveras County,1,0,38.068,-120.539,0,45642,0
06011,Colusa County,2,1,39.1845,-122.07900000000001,0.5,21675,0.461361014994233
06027,Inyo County,1,1,37.361,-118.4,1,17948,0.55716514374860715
06063,Plumas County,1,0,39.993,-120.804,0,18740,0
06093,Siskiyou County,2,1,41.414500000000004,-122.3525,0.5,43784,0.22839393385711676
08015,Chaffee County,7,2,38.53428571428571,-105.99957142857143,0.2857142857142857,19651,1.0177599104371278
08049,Grand County,1,0,40.086,-105.939,0,15356,0
08051,Gunnison County,1,1,38.87,-106.988,1,16931,0.5906325674797709
08083,Montezuma County,12,3,37.36475,-108.57791666666667,0.25,26148,1.1473152822395594
08091,Ouray County,1,0,38.023,-107.671,0,4809,0
08113,San Miguel County,1,0,37.937,-107.812,0,8047,0
10100,"Aberdeen, SD",4,0,45.458,-98.47425,0,43235,0
10140,"Aberdeen, WA",15,2,46.989599999999996,-123.9152,0.13333333333333333,72553,0.2756605515967637
10180,"Abilene, TX",6,0,32.44983333333333,-99.73283333333333,0,170516,0
10220,"Ada, OK",1,0,34.773,-96.679,0,38354,0
10300,"Adrian, MI",10,3,41.9108,-84.0393,0.3,98482,0.3046241952844175
10420,"Akron, OH",32,0,41.12190625,-81.49028125,0,704367,0
10460,"Alamogordo, NM",4,1,32.9,-105.96,0.25,66198,0.15106196561829663
10500,"Albany, GA",3,0,31.568333333333335,-84.05133333333333,0,151293,0
10540,"Albany, OR",4,0,44.61125,-123.0565,0,124977,0
10580,"Albany-Schenectady-Troy, NY",145,7,42.72449655172414,-73.80160689655172,0.04827586206896552,882130,0.07935338328817748
10620,"Albemarle, NC",2,0,35.3885,-80.206,0,61451,0
10660,"Albert Lea, MN",4,0,43.648,-93.369,0,30537,0
10740,"Albuquerque, NM",95,7,35.09246315789474,-106.62495789473684,0.07368421052631578,912897,0.07667896816398784
10780,"Alexandria, LA",4,0,31.31475,-92.4365,0,153604,0
10820,"Alexandria, MN",1,0,45.885,-95.378,0,37556,0
10900,"Allentown-Bethlehem-Easton, PA-NJ",65,4,40.650984615384615,-75.38478461538462,0.06153846153846154,838081,0.0477280835623287
10940,"Alma, MI",3,0,43.379,-84.66333333333333,0,41011,0
10980,"Alpena, MI",3,0,45.064,-83.43566666666668,0,28438,0
11020,"Altoona, PA",6,0,40.4705,-78.394,0,123175,0
11100,"Amarillo, TX",12,3,35.220083333333335,-101.8315,0.25,264955,0.11322677435790983
11180,"Ames, IA",13,1,42.021153846153844,-93.60815384615385,0.07692307692307693,97260,0.10281719103434094
11220,"Amsterdam, NY",1,0,42.938,-74.19,0,49216,0
11260,"Anchorage, AK",64,13,61.2748125,-149.810375,0.203125,400647,0.32447516142639277
11420,"Angola, IN",3,1,41.635,-84.999,0.3333333333333333,34421,0.29052032189651666
11460,"Ann Arbor, MI",90,15,42.271588888888886,-83.7244,0.16666666666666666,369208,0.40627505362830707
11500,"Anniston-Oxford-Jacksonville, AL",3,0,33.66,-85.83099999999999,0,114664,0
11540,"Appleton, WI",17,1,44.268764705882354,-88.43317647058824,0.058823529411764705,236058,0.04236247024036465
11620,"Ardmore, OK",1,0,34.175,-97.263,0,48295,0
11680,"Arkansas City-Winfield, KS",2,0,37.24,-96.996,0,35356,0
11700,"Asheville, NC",76,8,35.53222368421053,-82.56243421052632,0.10526315789473684,455255,0.17572569219448442
11740,"Ashland, OH",2,0,40.751999999999995,-82.2755,0,53685,0
11780,"Ashtabula, OH",1,1,41.889,-80.831,1,97692,0.10236252712606969
11820,"Astoria, OR",12,1,46.13975,-123.85391666666666,0.08333333333333333,39119,0.25563025639714715
11900,"Athens, OH",28,7,39.343714285714285,-82.10657142857143,0.25,66664,1.0500420016800671
11980,"Athens, TX",1,0,32.205,-95.854,0,81061,0
12020,"Athens-Clarke County, GA",43,3,33.94927906976744,-83.36274418604651,0.06976744186046512,208997,0.14354273027842504
12060,"Atlanta-Sandy Springs-Roswell, GA",174,15,33.794454022988504,-84.40397701149425,0.08620689655172414,5874249,0.02553517905012198
12100,"Atlantic City-Hammonton, NJ",21,3,39.4022380952381,-74.53114285714285,0.14285714285714285,266328,0.11264305668198613
12125,Union County,1,0,30.023,-82.34,0,15469,0
12140,"Auburn, IN",1,0,41.522,-84.92,0,42822,0
12180,"Auburn, NY",8,3,42.885875,-76.6,0.375,77463,0.3872816699585609
12220,"Auburn-Opelika, AL",5,0,32.6066,-85.4838,0,161641,0
12260,"Augusta-Richmond County, GA-SC",21,1,33.522,-81.92738095238096,0.047619047619047616,600006,0.01666650000166665
12300,"Augusta-Waterville, ME",58,5,44.37767241379311,-69.74129310344827,0.08620689655172414,121929,0.4100747156131847
12380,"Austin, MN",1,0,43.668,-92.979,0,39699,0
12420,"Austin-Round Rock, TX",230,26,30.261165217391305,-97.74724347826087,0.11304347826086956,2115230,0.12291807510294388
12540,"Bakersfield, CA",52,8,35.41340384615384,-118.91959615384616,0.15384615384615385,888988,0.08998996611877776
12580,"Baltimore-Columbia-Towson, MD",159,12,39.22767924528302,-76.58943396226415,0.07547169811320754,2798587,0.04287878132786296
12620,"Bangor, ME",26,6,44.81384615384616,-68.76296153846154,0.23076923076923078,151190,0.396851643627224
12660,"Baraboo, WI",1,0,43.175,-90.068,0,63918,0
12700,"Barnstable Town, MA",28,7,41.738142857142854,-70.27407142857143,0.25,213482,0.3278964971285635
12740,"Barre, VT",68,11,44.25670588235294,-72.57854411764706,0.16176470588235295,58283,1.8873427929241802
12780,"Bartlesville, OK",1,0,36.733,-95.973,0,52016,0
12820,"Bastrop, LA",1,0,32.756,-91.872,0,25687,0
12860,"Batavia, NY",1,0,42.998,-78.188,0,57816,0
12940,"Baton Rouge, LA",29,3,30.445862068965518,-91.15379310344828,0.10344827586206896,831182,0.0360931781487087
12980,"Battle Creek, MI",19,1,42.29921052631579,-85.0661052631579,0.05263157894736842,134358,0.07442802066121854
13020,"Bay City, MI",10,1,43.623599999999996,-83.96940000000001,0.1,104189,0.09597942201192065
13131,Grady County,1,0,30.877,-84.201,0,24749,0
13133,Greene County,1,0,33.576,-83.182,0,17220,0
13140,"Beaumont-Port Arthur, TX",4,1,30.01225,-93.94075,0.25,412616,0.02423560889543789
13180,"Beaver Dam, WI",1,0,43.406,-88.705,0,87750,0
13187,Lumpkin County,4,0,34.539750000000005,-83.9815,0,32822,0
13220,"Beckley, WV",13,1,37.82653846153846,-81.18,0.07692307692307693,118639,0.08428931464358264
13241,Rabun County,1,0,34.878,-83.401,0,16557,0
13259,Stewart County,1,0,32.051,-84.799,0,6179,0
13260,"Bedford, IN",1,0,38.861,-86.487,0,45625,0
13300,"Beeville, TX",1,0,28.401,-97.748,0,32599,0
13380,"Bellingham, WA",21,4,48.78747619047619,-122.47171428571428,0.19047619047619047,221650,0.18046469659372885
13420,"Bemidji, MN",18,4,47.49633333333333,-94.8895,0.2222222222222222,46484,0.8605111436193098
13460,"Bend-Redmond, OR",22,4,44.070727272727275,-121.32068181818182,0.18181818181818182,186807,0.21412473836633533
13540,"Bennington, VT",13,2,42.97369230769231,-73.16315384615385,0.15384615384615385,35713,0.5600201607257862
13620,"Berlin, NH-VT",2,1,44.489,-71.569,0.5,37797,0.2645712622694923
13660,"Big Rapids, MI",2,0,43.6385,-85.4665,0,43358,0
13720,"Big Stone Gap, VA",4,1,36.95025,-82.66425000000001,0.25,57224,0.1747518523696351
13740,"Billings, MT",25,7,45.75528,-108.55080000000001,0.28,170740,0.40998008668150404
13780,"Binghamton, NY",8,1,42.098625,-75.94662500000001,0.125,241609,0.041389186661092925
13820,"Birmingham-Hoover, AL",29,4,33.48744827586207,-86.80348275862069,0.13793103448275862,1149685,0.03479213871625706
13900,"Bismarck, ND",13,2,46.80838461538462,-100.78369230769232,0.15384615384615385,132418,0.1510368680995031
13980,"Blacksburg-Christiansburg-Radford, VA",27,2,37.198,-80.43162962962963,0.07407407407407407,182692,0.10947386858756815
14010,"Bloomington, IL",19,1,40.50321052631579,-88.98357894736843,0.05263157894736842,188754,0.05297900971635038
14020,"Bloomington, IN",39,7,39.16825641025641,-86.52864102564102,0.1794871794871795,167513,0.41787801543760783
14100,"Bloomsburg-Berwick, PA",7,2,41.00214285714286,-76.45514285714286,0.2857142857142857,83924,0.23831085267623087
14140,"Bluefield, WV-VA",4,0,37.342,-81.13274999999999,0,100947,0
14260,"Boise City, ID",67,9,43.61892537313433,-116.26655223880597,0.13432835820895522,710080,0.12674628210905814
14380,"Boone, NC",11,0,36.21727272727273,-81.67381818181818,0,55088,0
14460,"Boston-Cambridge-Newton, MA-NH",443,30,42.41779232505643,-71.06360045146727,0.06772009029345373,4844597,0.06192465544605671
14500,"Boulder, CO",75,8,40.03181333333333,-105.23398666666667,0.10666666666666667,324073,0.2468579610149565
14540,"Bowling Green, KY",22,0,36.95759090909091,-86.46372727272727,0,174962,0
14580,"Bozeman, MT",30,2,45.705799999999996,-111.10503333333334,0.06666666666666667,108656,0.1840671476954793
14620,"Bradford, PA",1,1,41.956,-78.649,1,41329,0.2419608507343512
14660,"Brainerd, MN",9,2,46.45144444444445,-94.15622222222223,0.2222222222222222,93651,0.21355885148049672
14700,"Branson, MO",1,0,36.564,-93.438,0,86783,0
14720,"Breckenridge, CO",1,0,39.566,-106.056,0,31004,0
14740,"Bremerton-Silverdale, WA",28,2,47.659214285714285,-122.58921428571429,0.07142857142857142,266550,0.07503282686175201
14780,"Brenham, TX",3,0,30.167,-96.398,0,34897,0
14820,"Brevard, NC",6,0,35.23533333333333,-82.72866666666667,0,33825,0
14860,"Bridgeport-Stamford-Norwalk, CT",127,5,41.162488188976376,-73.40778740157481,0.03937007874015748,943457,0.05299658595993246
15060,"Brookings, OR",9,3,42.24755555555556,-124.34566666666667,0.3333333333333333,22676,1.3229846533780207
15100,"Brookings, SD",1,0,44.311,-96.798,0,34668,0
15140,"Brownsville, TN",1,0,35.594,-89.262,0,17596,0
15180,"Brownsville-Harlingen, TX",21,2,25.95490476190476,-97.53185714285715,0.09523809523809523,423181,0.04726110104187097
15220,"Brownwood, TX",1,0,31.709,-98.991,0,37870,0
15260,"Brunswick, GA",4,0,31.1495,-81.49074999999999,0,117728,0
15380,"Buffalo-Cheektowaga-Niagara Falls, NY",98,3,42.909806122448984,-78.84855102040817,0.030612244897959183,1129660,0.02655666306676345
15420,"Burley, ID",2,0,42.536,-113.793,0,44493,0
15460,"Burlington, IA-IL",2,0,40.807,-91.1245,0,46139,0
15500,"Burlington, NC",16,0,36.0808125,-79.4100625,0,163529,0
15540,"Burlington-South Burlington, VT",73,7,44.48183561643835,-73.196,0.0958904109589041,218881,0.3198084804071619
15580,"Butte-Silver Bow, MT",11,1,46.005272727272725,-112.53209090909091,0.09090909090909091,34915,0.286409852498926
15620,"Cadillac, MI",1,0,44.252,-85.401,0,48287,0
15700,"Cambridge, MD",1,0,38.563,-76.079,0,32145,0
15860,"Cañon City, CO",3,0,38.449666666666666,-105.231,0,47607,0
15940,"Canton-Massillon, OH",5,0,40.8076,-81.4182,0,399418,0
15980,"Cape Coral-Fort Myers, FL",36,1,26.59627777777778,-81.89525,0.027777777777777776,739506,0.013522540723131388
16020,"Cape Girardeau, MO-IL",10,2,37.3199,-89.559,0.2,96873,0.20645587521806902
16049,Idaho County,1,0,46.145,-115.978,0,16373,0
16060,"Carbondale-Marion, IL",13,3,37.72692307692307,-89.20330769230769,0.23076923076923078,125065,0.23987526486227162
16079,Shoshone County,1,0,47.47,-115.802,0,12552,0
16100,"Carlsbad-Artesia, NM",4,0,32.42225,-104.2375,0,57205,0
16180,"Carson City, NV",12,1,39.164,-119.767,0.08333333333333333,54608,0.183123351889833
16220,"Casper, WY",6,2,42.86083333333333,-106.32766666666667,0.3333333333333333,79556,0.25139524360199106
16260,"Cedar City, UT",3,0,37.67666666666667,-113.065,0,50822,0
16300,"Cedar Rapids, IA",24,3,41.99058333333333,-91.67570833333333,0.125,270594,0.11086720326393046
16500,"Centralia, WA",1,0,46.558,-122.275,0,78230,0
16540,"Chambersburg-Waynesboro, PA",2,0,39.938,-77.661,0,154487,0
16580,"Champaign-Urbana, IL",21,1,40.10690476190476,-88.23066666666666,0.047619047619047616,239877,0.04168803178295544
16620,"Charleston, WV",57,6,38.33705263157895,-81.63950877192983,0.10526315789473684,214398,0.2798533568410153
16660,"Charleston-Mattoon, IL",3,0,39.47966666666667,-88.24166666666667,0,62212,0
16700,"Charleston-North Charleston, SC",66,5,32.83789393939394,-79.95877272727273,0.07575757575757576,775089,0.06450872093398306
16740,"Charlotte-Concord-Gastonia, NC-SC",96,9,35.21688541666666,-80.85427083333333,0.09375,2524863,0.035645498389417565
16820,"Charlottesville, VA",68,3,38.02251470588236,-78.48704411764706,0.04411764705882353,233586,0.1284323546787907
16860,"Chattanooga, TN-GA",20,3,35.05885,-85.2932,0.15,556081,0.05394897505938883
16940,"Cheyenne, WY",23,7,41.14,-104.82,0.30434782608695654,98460,0.7109486085720089
16980,"Chicago-Naperville-Elgin, IL-IN-WI",420,32,41.91376904761905,-87.83079761904762,0.0761904761904762,9520784,0.03361067744000914
17020,Butte County,1,0,39.73,-121.847,0,229207,0
17020,"Chico, CA",22,5,39.683136363636365,-121.77272727272727,0.22727272727272727,229207,0.2181434249390289
17060,"Chillicothe, OH",10,2,39.3242,-83.0191,0.2,77320,0.2586652871184687
17101,Lawrence County,1,0,38.729,-87.682,0,16000,0
17140,"Cincinnati, OH-KY-IN",75,7,39.17776,-84.51114666666666,0.09333333333333334,2179858,0.0321121834541516
17187,Warren County,1,0,40.911,-90.647,0,17170,0
17200,"Claremont-Lebanon, NH-VT",34,3,43.632323529411764,-72.30605882352941,0.08823529411764706,217272,0.13807577598586104
17220,"Clarksburg, WV",1,0,39.281,-80.345,0,93362,0
17260,"Clarksdale, MS",1,0,34.32,-90.456,0,23185,0
17300,"Clarksville, TN-KY",12,0,36.731,-87.52733333333333,0,285691,0
17340,"Clearlake, CA",3,0,38.94733333333333,-122.81566666666666,0,64162,0
17420,"Cleveland, TN",1,0,35.287,-84.758,0,122082,0
17460,"Cleveland-Elyria, OH",105,6,41.48820952380952,-81.70949523809524,0.05714285714285714,2058549,0.029146743652932235
17540,"Clinton, IA",1,0,41.844,-90.189,0,46902,0
17580,"Clovis, NM",4,0,34.405,-103.205,0,49842,0
17660,"Coeur d'Alene, ID",7,0,47.682,-116.78,0,157485,0
17740,"Coldwater, MI",1,0,41.94,-85.001,0,43423,0
17780,"College Station-Bryan, TX",20,4,30.64275,-96.3466,0.2,258825,0.15454457645127018
17820,"Colorado Springs, CO",74,5,38.84583783783784,-104.83167567567567,0.06756756756756757,725438,0.068923877712499207
17860,"Columbia, MO",45,9,38.94713333333333,-92.32637777777778,0.2,178523,0.5041367218789736
17900,"Columbia, SC",54,5,34.00855555555555,-81.04062962962963,0.09259259259259259,825110,0.06059798087527724
17980,"Columbus, GA-AL",9,0,32.504333333333335,-84.95666666666666,0,303436,0
18020,"Columbus, IN",10,1,39.2136,-85.9049,0.1,82429,0.12131652695046645
18055,Greene County,1,0,39.025,-86.947,0,32180,0
18140,"Columbus, OH",99,15,39.986363636363635,-82.988929292929285,0.15151515151515152,2082475,0.07202967622660536
18180,"Concord, NH",50,7,43.203939999999996,-71.53966,0.14,150169,0.4661414805985256
18260,"Cookeville, TN",4,0,36.162749999999996,-85.501,0,111033,0
18300,"Coos Bay, OR",19,2,43.33205263157895,-124.25336842105263,0.10526315789473684,63781,0.3135730076355027
18420,"Corinth, MS",1,0,34.766,-88.527,0,37203,0
18500,"Corning, NY",2,0,42.143,-77.055,0,96249,0
18580,"Corpus Christi, TX",26,1,27.797692307692305,-97.37069230769231,0.038461538461538464,453684,0.022041773569268477
18660,"Cortland, NY",1,0,42.601,-76.18,0,47836,0
18700,"Corvallis, OR",29,3,44.56972413793103,-123.27224137931034,0.10344827586206896,91567,0.3276289492939596
18820,"Crawfordsville, IN",3,0,40.041666666666664,-86.892,0,38397,0
18860,"Crescent City, CA",2,0,41.732,-124.08449999999999,0,27428,0
18880,"Crestview-Fort Walton Beach-Destin, FL",5,0,30.4084,-86.5198,0,271959,0
18900,"Crossville, TN",2,0,35.949,-85.027,0,59005,0
19000,"Cullowhee, NC",3,0,35.352333333333334,-83.212,0,43192,0
19023,Butler County,1,0,42.71,-92.583,0,14582,0
19060,"Cumberland, MD-WV",5,0,39.5374,-78.88260000000001,0,98566,0
19065,Fayette County,1,0,42.963,-91.808,0,19708,0
19067,Floyd County,1,0,43.069,-92.678,0,15761,0
19089,Howard County,1,0,43.381,-92.114,0,9219,0
19100,"Dallas-Fort Worth-Arlington, TX",175,17,32.87446285714286,-97.03428,0.09714285714285714,7407944,0.022948337622422633
19140,"Dalton, GA",4,0,34.777750000000005,-84.96600000000001,0,143872,0
19147,Palo Alto County,1,0,43.129,-94.899,0,9059,0
19167,Sioux County,2,0,43.043499999999995,-96.117,0,34841,0
19180,"Danville, IL",4,0,40.214,-87.6875,0,77776,0
19191,Winneshiek County,8,1,43.303625,-91.786625,0.125,20131,0.4967463116586359
19220,"Danville, KY",4,0,37.646,-84.777,0,54456,0
19260,"Danville, VA",10,1,36.5941,-79.4096,0.1,102363,0.0976915487041216
19300,"Daphne-Fairhope-Foley, AL",1,1,30.523,-87.903,1,212619,0.04703248533762269
19340,"Davenport-Moline-Rock Island, IA-IL",36,7,41.509861111111114,-90.54455555555556,0.19444444444444445,381854,0.18331613653385848
19380,"Dayton, OH",75,8,39.767466666666664,-84.1462,0.10666666666666667,803713,0.09953801916853404
19460,"Decatur, AL",1,0,34.606,-86.983,0,151888,0
19500,"Decatur, IL",12,0,39.839333333333336,-88.95325,0,105533,0
19540,"Decatur, IN",1,0,40.836,-84.91,0,35422,0
19620,"Del Rio, TX",3,0,29.371,-100.896,0,49096,0
19660,"Deltona-Daytona Beach-Ormond Beach, FL",31,3,29.170870967741934,-81.05283870967742,0.0967741935483871,648117,0.04628793875179944
19700,"Deming, NM",7,1,32.205999999999996,-107.74185714285714,0.14285714285714285,24148,0.41411297001822095
19740,"Denver-Aurora-Lakewood, CO",184,20,39.73197826086956,-104.97340760869565,0.10869565217391304,2892979,0.06913289035281625
19760,"DeRidder, LA",1,0,30.846,-93.289,0,36847,0
19780,"Des Moines-West Des Moines, IA",66,10,41.58809090909091,-93.62275757575757,0.15151515151515152,645100,0.15501472639900793
19820,"Detroit-Warren-Dearborn, MI",271,23,42.41526568265683,-83.15709963099631,0.08487084870848709,4321704,0.05321974850660758
19980,"Dodge City, KS",4,2,37.75175,-100.021,0.5,34288,0.5832944470368642
20020,"Dothan, AL",5,1,31.223,-85.39,0.2,147923,0.06760273926299494
20100,"Dover, DE",16,1,39.164375,-75.5299375,0.0625,176445,0.05667488452492278
20180,"DuBois, PA",1,0,40.878,-78.463,0,79775,0
20220,"Dubuque, IA",25,3,42.4974,-90.68664,0.12,97009,0.30924965724829656
20260,"Duluth, MN-WI",41,8,46.86973170731707,-92.17468292682926,0.1951219512195122,278659,0.28708923810104825
20340,"Duncan, OK",1,0,34.502,-97.958,0,43411,0
20420,"Durango, CO",22,5,37.27527272727273,-107.87986363636364,0.22727272727272727,55541,0.9002358617957905
20460,"Durant, OK",1,0,33.992,-96.397,0,46460,0
20500,"Durham-Chapel Hill, NC",126,9,35.94275396825397,-79.00976984126984,0.07142857142857142,566491,0.1588727799735565
20540,"Dyersburg, TN",1,0,36.035,-89.386,0,37403,0
20580,"Eagle Pass, TX",1,1,28.709,-100.5,1,58227,0.17174163188898622
20700,"East Stroudsburg, PA",8,1,40.994125000000004,-75.18849999999999,0.125,168089,0.0594922927734712
20740,"Eau Claire, WI",18,4,44.81033333333333,-91.49027777777778,0.2222222222222222,167436,0.23889725029264916
20780,"Edwards, CO",8,0,39.60925,-106.56725,0,54992,0
20820,"Effingham, IL",3,0,39.12,-88.543,0,34147,0
20940,"El Centro, CA",15,4,32.735733333333336,-115.47126666666666,0.26666666666666666,181574,0.2202958573364028
21020,"Elizabeth City, NC",1,0,36.295,-76.251,0,63497,0
21025,Breathitt County,1,0,37.553,-83.384,0,12931,0
21060,"Elizabethtown-Fort Knox, KY",4,0,37.777,-85.941,0,150531,0
21071,Floyd County,4,0,37.666,-82.772,0,36261,0
21079,Garrard County,1,0,37.602,-84.57,0,17497,0
21095,Harlan County,2,0,36.9105,-83.155,0,26725,0
21115,Johnson County,1,0,37.815,-82.807,0,22571,0
21131,Leslie County,1,0,37.161,-83.373,0,10309,0
21133,Letcher County,2,0,37.118,-82.827,0,22328,0
21140,"Elkhart-Goshen, IN",26,3,41.61169230769231,-85.88111538461538,0.11538461538461539,204310,0.14683569086192552
21141,Logan County,1,0,36.845,-86.848,0,27014,0
21157,Marshall County,2,0,36.973,-88.3415,0,31311,0
21167,Mercer County,1,0,37.762,-84.843,0,21588,0
21180,"Elkins, WV",1,0,38.926,-79.847,0,28894,0
21193,Perry County,2,0,37.25,-83.193,0,26479,0
21195,Pike County,10,1,37.4743,-82.5002,0.1,58862,0.16988889266419763
21205,Rowan County,1,0,38.184,-83.433,0,24562,0
21213,Simpson County,1,0,36.715,-86.581,0,18105,0
21220,"Elko, NV",2,0,40.783,-115.67349999999999,0,54321,0
21233,Webster County,1,0,37.477,-87.82,0,13071,0
21260,"Ellensburg, WA",15,2,46.99613333333333,-120.545,0.13333333333333333,46157,0.4333037242455099
21300,"Elmira, NY",1,0,42.09,-76.808,0,84874,0
21340,"El Paso, TX",80,7,31.729275,-106.4204375,0.0875,845145,0.08282602393672092
21380,"Emporia, KS",1,0,38.421,-96.224,0,33344,0
21500,"Erie, PA",30,5,42.10523333333333,-80.0847,0.16666666666666666,273892,0.18255370730068787
21540,"Escanaba, MI",1,0,45.745,-87.065,0,35896,0
21660,"Eugene, OR",89,14,44.03806741573034,-123.15021348314608,0.15730337078651685,375617,0.37272008455421346
21700,"Eureka-Arcata-Fortuna, CA",5,1,40.812599999999996,-124.1468,0.2,136527,0.07324558512235675
21780,"Evansville, IN-KY",18,1,37.940777777777775,-87.57111111111111,0.05555555555555555,314960,0.031750063500127
21820,"Fairbanks, AK",31,6,64.84022580645161,-147.7296129032258,0.1935483870967742,99725,0.6016545500125344
21840,"Fairfield, IA",1,0,41.008,-91.964,0,18233,0
21900,"Fairmont, WV",8,0,39.4905,-80.16725,0,56369,0
22007,Assumption Parish,1,0,30.05,-91.041,0,22580,0
22009,Avoyelles Parish,1,0,30.971,-92.067,0,40871,0
22020,"Fargo, ND-MN",44,10,46.873295454545456,-96.79479545454546,0.22727272727272727,241619,0.41387473667219876
22039,Evangeline Parish,1,0,30.782,-92.381,0,33625,0
22060,"Faribault-Northfield, MN",8,0,44.41625,-93.189875,0,66173,0
22140,"Farmington, NM",10,0,36.756100000000004,-108.151,0,126902,0
22180,"Fayetteville, NC",9,2,35.06166666666667,-78.86822222222223,0.2222222222222222,385380,0.051896829103741764
22220,"Fayetteville-Springdale-Rogers, AR-MO",13,0,36.221384615384615,-94.18161538461538,0,538412,0
22380,"Flagstaff, AZ",16,3,35.157,-111.66475,0.1875,141107,0.21260461918969292
22420,"Flint, MI",23,1,43.004260869565215,-83.69278260869565,0.043478260869565216,407673,0.02452946356516129
22500,"Florence, SC",2,0,34.195,-79.763,0,205546,0
22520,"Florence-Muscle Shoals, AL",7,1,34.790571428571425,-87.68042857142858,0.14285714285714285,147100,0.06798096532970768
22580,"Forest City, NC",1,0,35.239,-81.769,0,66568,0
22620,"Forrest City, AR",1,0,35.008,-90.79,0,25938,0
22660,"Fort Collins, CO",39,2,40.54633333333334,-105.09417948717949,0.05128205128205128,343993,0.058140717979726336
22700,"Fort Dodge, IA",2,0,42.497,-94.168,0,36643,0
22800,"Fort Madison-Keokuk, IA-IL-MO",2,0,40.517,-91.3555,0,58943,0
22820,"Fort Morgan, CO",4,1,40.2525,-103.76025,0.25,28228,0.3542581833640357
22840,"Fort Payne, AL",1,1,34.58,-85.591,1,71404,0.14004817657274102
22900,"Fort Smith, AR-OK",5,0,35.3766,-94.404,0,281990,0
23003,Aroostook County,3,0,46.181,-67.907,0,67595,0
23007,Franklin County,3,0,44.67,-70.151,0,29852,0
23009,Hancock County,16,3,44.41525,-68.2416875,0.1875,54597,0.5494807407000384
23013,Knox County,20,3,44.11385,-69.0684,0.15,39869,0.7524643206501292
23015,Lincoln County,2,0,44.070499999999996,-69.515,0,34190,0
23017,Oxford County,1,0,44.214,-70.545,0,57430,0
23025,Somerset County,6,0,44.73533333333333,-69.702,0,50421,0
23027,Waldo County,4,0,44.426,-69.006,0,39800,0
23029,Washington County,6,2,44.8345,-67.146,0.3333333333333333,31540,0.6341154090044389
23060,"Fort Wayne, IN",37,9,41.07735135135135,-85.13191891891891,0.24324324324324326,434001,0.20737279407190304
23180,"Frankfort, KY",61,2,38.18680327868852,-84.8758524590164,0.03278688524590164,73022,0.2738900605297034
23340,"Fremont, NE",2,0,41.433,-96.498,0,36794,0
23380,"Fremont, OH",2,0,41.35,-83.122,0,59112,0
23420,"Fresno, CA",40,3,36.732075,-119.764225,0.075,986542,0.030409247654940182
23460,"Gadsden, AL",2,0,34.014,-86.007,0,102937,0
23540,"Gainesville, FL",54,5,29.651574074074073,-82.33327777777778,0.09259259259259259,284685,0.17563271686249715
23660,"Galesburg, IL",5,1,40.9634,-90.368,0.2,50628,0.19751915935845776
23820,"Gardnerville Ranchos, NV",4,0,38.948750000000004,-119.76175,0,48018,0
23900,"Gettysburg, PA",8,1,39.831500000000005,-77.231875,0.125,102367,0.09768773139781375
23940,"Gillette, WY",1,0,44.291,-105.502,0,46251,0
23980,"Glasgow, KY",4,0,36.989000000000004,-85.90875,0,53894,0
24020,"Glens Falls, NY",33,3,43.30415151515152,-73.62575757575758,0.09090909090909091,125917,0.2382521819929001
24029,Kent County,1,0,39.219,-76.069,0,19437,0
24060,"Glenwood Springs, CO",17,4,39.32135294117647,-107.01935294117646,0.23529411764705882,77065,0.5190423668331927
24100,"Gloversville, NY",2,0,43.1395,-74.258,0,53777,0
24140,"Goldsboro, NC",8,0,35.367374999999996,-77.980625,0,123257,0
24220,"Grand Forks, ND-MN",13,4,47.914692307692306,-97.00015384615385,0.3076923076923077,102277,0.39109477204063475
24260,"Grand Island, NE",8,0,40.951875,-98.302375,0,84862,0
24300,"Grand Junction, CO",19,5,39.075105263157894,-108.57105263157895,0.2631578947368421,151406,0.33023790338559894
24330,"Grand Rapids, MN",5,0,47.269,-93.4396,0,45161,0
24340,"Grand Rapids-Wyoming, MI",68,6,42.93430882352941,-85.75851470588236,0.08823529411764706,1060326,0.05658637060677565
24420,"Grants Pass, OR",3,1,42.440666666666665,-123.325,0.3333333333333333,86653,0.11540281352059363
24500,"Great Falls, MT",14,3,47.496428571428574,-111.2855,0.21428571428571427,81604,0.36762903779226513
24540,"Greeley, CO",5,0,40.37,-104.854,0,305274,0
24580,"Green Bay, WI",23,4,44.512565217391305,-88.02960869565217,0.17391304347826086,319786,0.12508364969073069
24620,"Greeneville, TN",3,0,36.153666666666666,-82.82766666666667,0,68759,0
24640,"Greenfield Town, MA",36,3,42.59188888888889,-72.57969444444444,0.08333333333333333,70787,0.4238066311610889
24660,"Greensboro-High Point, NC",43,3,36.032000000000004,-79.81548837209303,0.06976744186046512,763486,0.03929345135339744
24700,"Greensburg, IN",1,1,39.337,-85.484,1,26652,0.375206363499925
24780,"Greenville, NC",13,2,35.61184615384615,-77.36607692307692,0.15384615384615385,178617,0.11197142489236747
24860,"Greenville-Anderson-Mauldin, SC",47,5,34.837382978723404,-82.39670212765958,0.10638297872340426,895422,0.05583959295170322
24940,"Greenwood, SC",1,0,34.195,-82.162,0,95147,0
25019,Nantucket County,3,1,41.27966666666667,-70.099,0.3333333333333333,11270,0.8873114463176576
25060,"Gulfport-Biloxi-Pascagoula, MS",15,1,30.384066666666666,-89.01153333333333,0.06666666666666667,394322,0.02535998498688889
25180,"Hagerstown-Martinsburg, MD-WV",22,0,39.57618181818182,-77.82845454545455,0,265295,0
25200,"Hailey, ID",3,1,43.68633333333333,-114.36,0.3333333333333333,28712,0.3482864307606576
25220,"Hammond, LA",1,0,30.439,-90.441,0,132322,0
25260,"Hanford-Corcoran, CA",1,0,36.327,-119.646,0,149696,0
25420,"Harrisburg-Carlisle, PA",99,3,40.25328282828283,-76.91733333333333,0.030303030303030304,571101,0.05253011288721259
25460,"Harrison, AR",1,0,36.23,-93.108,0,45323,0
25500,"Harrisonburg, VA",8,2,38.446875000000006,-78.865,0.25,134220,0.14900908955446282
25540,"Hartford-West Hartford-East Hartford, CT",119,14,41.73755462184874,-72.65706722689076,0.11764705882352941,1206719,0.11601706776805536
25580,"Hastings, NE",4,0,40.586,-98.39,0,31774,0
25620,"Hattiesburg, MS",9,1,31.327,-89.29,0.1111111111111111,148719,0.0672409039867132
25700,"Hays, KS",1,0,38.869,-99.296,0,28769,0
25740,"Helena, MT",32,8,46.588125,-112.027625,0.25,79786,1.002682174817637
25780,"Henderson, NC",3,0,36.33,-78.399,0,44312,0
25840,"Hermiston-Pendleton, OR",15,2,45.76153333333333,-119.02686666666666,0.13333333333333333,88311,0.22647235338746025
25860,"Hickory-Lenoir-Morganton, NC",5,1,35.7278,-81.524,0.2,367004,0.027247659426055303
25880,"Hillsdale, MI",1,0,41.92,-84.631,0,45843,0
25900,"Hilo, HI",22,5,19.754727272727273,-155.26304545454545,0.22727272727272727,199503,0.2506227976521656
25940,"Hilton Head Island-Bluffton-Beaufort, SC",18,1,32.342444444444446,-80.79755555555556,0.05555555555555555,214890,0.04653543673507376
26013,Baraga County,3,0,46.783,-88.52633333333333,0,8438,0
26031,Cheboygan County,1,0,45.777,-84.727,0,25398,0
26035,Clare County,1,1,43.819,-84.769,1,30597,0.32682942772167206
26047,Emmet County,2,0,45.5045,-84.87100000000001,0,33127,0
26053,Gogebic County,2,0,46.415499999999994,-89.93350000000001,0,15338,0
26063,Huron County,1,0,43.802,-83.001,0,31271,0
26069,Iosco County,1,0,44.42,-83.331,0,25122,0
26090,"Holland, MI",6,2,42.6315,-86.14083333333333,0.3333333333333333,116433,0.1717726074222944
26101,Manistee County,3,0,44.244,-86.324,0,24421,0
26127,Oceana County,1,0,43.698,-86.364,0,26458,0
26143,Roscommon County,1,0,44.364,-84.41,0,23775,0
26157,Tuscola County,2,0,43.4915,-83.40899999999999,0,52794,0
26220,"Hood River, OR",7,1,45.65742857142857,-121.54671428571429,0.14285714285714285,23476,0.42596694496507076
26300,"Hot Springs, AR",2,0,34.504,-93.055,0,98444,0
26340,"Houghton, MI",16,4,47.1351875,-88.55475,0.25,38499,1.0389880256630042
26380,"Houma-Thibodaux, LA",2,0,29.695999999999998,-90.7715,0,209893,0
26420,"Houston-The Woodlands-Sugar Land, TX",126,6,29.73043650793651,-95.3016507936508,0.047619047619047616,6905695,0.008688481029063694
26460,"Hudson, NY",10,3,42.2977,-73.7638,0.3,60408,0.49662296384584825
26580,"Huntington-Ashland, WV-KY-OH",27,1,38.437666666666665,-82.41322222222222,0.037037037037037035,355582,0.028122908358690822
26620,"Huntsville, AL",23,5,34.73682608695652,-86.62717391304348,0.21739130434782608,455741,0.10971143697845925
26660,"Huntsville, TX",1,0,30.724,-95.551,0,87093,0
26740,"Hutchinson, KS",2,0,38.061,-97.93,0,62688,0
26820,"Idaho Falls, ID",17,4,43.50570588235294,-111.99229411764706,0.23529411764705882,145792,0.27436347673397715
26860,"Indiana, PA",1,1,40.621,-79.153,1,84879,0.11781477161606521
26900,"Indianapolis-Carmel-Anderson, IN",112,11,39.788267857142856,-86.13621428571429,0.09821428571428571,2026723,0.054274807164077184
26960,"Ionia, MI",1,0,42.881,-84.918,0,64229,0
26980,"Iowa City, IA",58,6,41.663275862068964,-91.53810344827586,0.10344827586206896,171470,0.34991543710270023
27005,Becker County,1,0,46.817,-95.845,0,34075,0
27020,"Iron Mountain, MI-WI",2,0,45.82,-88.066,0,29784,0
27031,Cook County,7,1,47.75,-90.334,0.14285714285714285,5384,1.8573551263001484
27060,"Ithaca, NY",22,5,42.44013636363636,-76.49877272727272,0.22727272727272727,102678,0.48695923177311595
27065,Kanabec County,1,0,45.877,-93.294,0,16054,0
27077,Lake of the Woods County,1,0,48.712,-94.6,0,3736,0
27100,"Jackson, MI",8,0,42.246,-84.401,0,158690,0
27115,Pine County,1,1,45.823,-92.97,1,29184,0.3426535087719298
27121,Pope County,1,0,45.65,-95.39,0,10985,0
27140,"Jackson, MS",32,7,32.32171875,-90.16828125,0.21875,581552,0.12036756816243431
27149,Stevens County,4,1,45.592,-95.919,0.25,9672,1.0339123242349049
27180,"Jackson, TN",8,0,35.614875,-88.81524999999999,0,129186,0
27220,"Jackson, WY-ID",23,5,43.48878260869565,-110.78265217391305,0.21739130434782608,34696,1.44108830989163
27260,"Jacksonville, FL",117,11,30.25409401709402,-81.59108547008547,0.09401709401709402,1504841,0.07309742358162756
27300,"Jacksonville, IL",1,0,39.75,-90.24,0,39177,0
27340,"Jacksonville, NC",1,0,34.754,-77.43,0,194838,0
27420,"Jamestown, ND",1,0,46.918,-98.687,0,21160,0
27460,"Jamestown-Dunkirk-Fredonia, NY",15,2,42.4186,-79.31426666666667,0.13333333333333333,128609,0.15551011204503573
27500,"Janesville-Beloit, WI",17,1,42.62894117647059,-89.02235294117648,0.058823529411764705,162320,0.06160670280926565
27620,"Jefferson City, MO",24,7,38.57758333333333,-92.17766666666667,0.2916666666666667,151298,0.4626630887387804
27740,"Johnson City, TN",22,4,36.30718181818182,-82.37895454545455,0.18181818181818182,201844,0.19817284635659224
27780,"Johnstown, PA",4,2,40.44,-78.70725,0.5,133054,0.1503149097358967
27860,"Jonesboro, AR",5,0,35.842,-90.704,0,131158,0
27900,"Joplin, MO",12,1,37.088750000000005,-94.51466666666667,0.08333333333333333,178330,0.05607581450120563
27920,"Junction City, KS",1,0,39.032,-96.85,0,33633,0
27940,"Juneau, AK",34,7,58.3044705882353,-134.42435294117647,0.20588235294117646,32061,2.1833380119147874
27980,"Kahului-Wailuku-Lahaina, HI",27,2,20.890814814814814,-156.53566666666666,0.07407407407407407,166491,0.12012661345057692
28020,"Kalamazoo-Portage, MI",44,6,42.2805,-85.58863636363637,0.13636363636363635,338347,0.17733273828347823
28060,"Kalispell, MT",13,4,48.22330769230769,-114.30807692307692,0.3076923076923077,100092,0.3996323382488111
28095,Monroe County,1,0,33.984,-88.488,0,35852,0
28123,Scott County,1,0,32.354,-89.655,0,28429,0
28140,"Kansas City, MO-KS",78,7,39.06975641025641,-94.58564102564102,0.08974358974358974,2127259,0.0329061952493796
28147,Walthall County,1,0,31.108,-90.152,0,14523,0
28180,"Kapaa, HI",12,2,22.013833333333334,-159.37166666666667,0.16666666666666666,71780,0.27862914460852606
28260,"Kearney, NE",5,0,40.696,-99.08999999999999,0,56015,0
28300,"Keene, NH",14,1,42.94271428571428,-72.29207142857143,0.07142857142857142,76185,0.13125943427183828
28420,"Kennewick-Richland, WA",37,7,46.24935135135135,-119.21275675675676,0.1891891891891892,290570,0.2409058058299205
28500,"Kerrville, TX",2,0,30.047,-99.14,0,51850,0
28540,"Ketchikan, AK",6,4,55.342,-131.646,0.6666666666666666,13882,2.8814291888776835
28580,"Key West, FL",6,1,24.643666666666668,-81.55783333333333,0.16666666666666666,76636,0.1304869773996555
28620,"Kill Devil Hills, NC",2,0,35.967,-75.632,0,40298,0
28660,"Killeen-Temple, TX",17,3,31.091764705882355,-97.56358823529412,0.17647058823529413,443653,0.0676204150541076
28700,"Kingsport-Bristol-Bristol, TN-VA",20,1,36.62665,-82.18155,0.05,306253,0.032652741360900954
28740,"Kingston, NY",38,2,41.86547368421053,-74.07473684210527,0.05263157894736842,178723,0.11190501502324827
28780,"Kingsville, TX",2,0,27.52,-97.85749999999999,0,31574,0
28900,"Klamath Falls, OR",11,3,42.225,-121.782,0.2727272727272727,66789,0.44917576247585683
28940,"Knoxville, TN",53,7,35.94979245283019,-83.93020754716981,0.1320754716981132,875797,0.07992719774102904
29020,"Kokomo, IN",7,0,40.48728571428571,-86.13242857142858,0,82311,0
29029,Camden County,1,0,38.008,-92.745,0,45449,0
29060,"Laconia, NH",2,0,43.6625,-71.49549999999999,0,60845,0
29100,"La Crosse-Onalaska, WI-MN",9,0,43.818333333333335,-91.23977777777777,0,136778,0
29180,"Lafayette, LA",12,1,30.1575,-91.97325000000001,0.08333333333333333,490107,0.02040370776177447
29200,"Lafayette-West Lafayette, IN",17,5,40.42041176470588,-86.8979411764706,0.29411764705882354,220337,0.22692511924915018
29260,"La Grande, OR",3,1,45.325,-118.088,0.3333333333333333,26286,0.380430647492962
29300,"LaGrange, GA",5,0,33.042,-85.01700000000001,0,70038,0
29340,"Lake Charles, LA",6,1,30.227,-93.217,0.16666666666666666,209256,0.04778835493366976
29380,"Lake City, FL",1,0,30.19,-82.639,0,69825,0
29420,"Lake Havasu City-Kingman, AZ",11,2,34.86863636363636,-114.17581818181819,0.18181818181818182,207114,0.09656517666599071
29460,"Lakeland-Winter Haven, FL",15,2,28.020533333333333,-81.92713333333333,0.13333333333333333,685830,0.02916174562209294
29540,"Lancaster, PA",32,1,40.03734375,-76.3404375,0.03125,541054,0.018482443526893804
29620,"Lansing-East Lansing, MI",77,14,42.729610389610386,-84.53876623376624,0.18181818181818182,480353,0.2914523277672878
29660,"Laramie, WY",8,2,41.309,-105.57499999999999,0.25,38430,0.5204267499349466
29700,"Laredo, TX",2,0,27.5175,-99.494,0,273982,0
29740,"Las Cruces, NM",43,3,32.28618604651163,-106.75246511627907,0.06976744186046512,216186,0.13876939302267494
29780,"Las Vegas, NM",1,0,35.596,-105.219,0,27782,0
29820,"Las Vegas-Henderson-Paradise, NV",99,8,36.17648484848485,-115.17321212121212,0.08080808080808081,2183310,0.03664161296380267
29940,"Lawrence, KS",28,2,38.96557142857143,-95.24685714285714,0.07142857142857142,120629,0.16579761085642755
30003,Big Horn County,3,1,45.68933333333333,-107.562,0.3333333333333333,13444,0.7438262421898244
30017,Custer County,4,2,46.408,-105.841,0.5,11725,1.7057569296375266
30020,"Lawton, OK",2,0,34.594,-98.418,0,127589,0
30035,Glacier County,2,1,48.557,-113.013,0.5,13675,0.7312614259597806
30041,Hill County,4,1,48.55,-109.684,0.25,16463,0.6074227054607302
30053,Lincoln County,2,1,48.634,-115.305,0.5,19508,0.5126102111954071
30067,Park County,3,0,45.237,-110.69333333333334,0,16438,0
30087,Rosebud County,2,0,45.623,-106.667,0,9259,0
30140,"Lebanon, PA",9,1,40.337444444444444,-76.44566666666667,0.1111111111111111,139566,0.07165068856311708
30260,"Lewisburg, PA",8,1,40.963375,-76.8845,0.125,44756,0.22343372955581375
30280,"Lewisburg, TN",1,0,35.626,-86.693,0,32934,0
30300,"Lewiston, ID-WA",6,0,46.402499999999996,-116.97583333333334,0,62881,0
30340,"Lewiston-Auburn, ME",18,1,44.09316666666667,-70.20933333333333,0.05555555555555555,107569,0.09296358616329983
30420,"Lexington, NE",1,0,40.781,-99.742,0,25670,0
30460,"Lexington-Fayette, KY",60,5,38.03823333333333,-84.50633333333333,0.08333333333333333,512732,0.09751683140510052
30620,"Lima, OH",11,1,40.743,-84.105,0.09090909090909091,103069,0.09702238306377281
30700,"Lincoln, NE",59,17,40.82208474576271,-96.68761016949152,0.288135593220339,331179,0.5133175714643743
30780,"Little Rock-North Little Rock-Conway, AR",39,4,34.7548717948718,-92.29358974358975,0.10256410256410256,737991,0.05420120299570049
30820,"Lock Haven, PA",1,0,41.142,-77.462,0,38837,0
30860,"Logan, UT-ID",10,2,41.7359,-111.8346,0.2,138052,0.14487294642598442
30880,"Logan, WV",4,0,37.88825,-82.00675,0,33043,0
30900,"Logansport, IN",1,0,40.749,-86.331,0,37905,0
30940,"London, KY",6,0,37.05983333333333,-84.05116666666666,0,127912,0
30980,"Longview, TX",7,0,32.47457142857143,-94.70814285714285,0,218594,0
31013,Box Butte County,1,1,42.093,-102.87,1,10860,0.9208103130755064
31020,"Longview, WA",17,3,46.124235294117646,-122.92329411764706,0.17647058823529413,106900,0.2806361085126286
31045,Dawes County,1,0,42.829,-103,0,8885,0
31080,"Los Angeles-Long Beach-Anaheim, CA",580,54,33.9727724137931,-118.18637068965518,0.09310344827586207,13298709,0.040605445235323216
31089,Holt County,1,0,42.458,-98.648,0,10186,0
31140,"Louisville/Jefferson County, KY-IN",120,14,38.25403333333333,-85.73740833333333,0.11666666666666667,1292809,0.10829132532338497
31145,Red Willow County,1,0,40.197,-100.625,0,10750,0
31161,Sheridan County,1,0,42.997,-102.557,0,5278,0
31163,Sherman County,2,2,41.276,-98.967,1,3090,6.472491909385114
31179,Wayne County,1,0,42.243,-97.015,0,9260,0
31180,"Lubbock, TX",8,1,33.58325,-101.869375,0.125,316588,0.03158679419308375
31220,"Ludington, MI",7,3,43.955,-86.45171428571429,0.42857142857142855,29023,1.0336629569651656
31260,"Lufkin, TX",5,1,31.3278,-94.7294,0.2,87711,0.11401078542030076
31300,"Lumberton, NC",2,0,34.6085,-79.243,0,132590,0
31340,"Lynchburg, VA",16,1,37.391625000000005,-79.198125,0.0625,261954,0.038174641349244524
31380,"Macomb, IL",3,1,40.468333333333334,-90.68066666666667,0.3333333333333333,30323,0.3297826732183491
31420,"Macon-Bibb County, GA",9,2,32.841,-83.632,0.2222222222222222,229081,0.08730536360501308
31460,"Madera, CA",1,1,37.328,-119.649,1,155904,0.06414203612479474
31500,"Madison, IN",4,0,38.736,-85.38,0,32047,0
31540,"Madison, WI",109,15,43.07270642201835,-89.40021100917431,0.13761467889908258,654577,0.22915562263874226
31580,"Madisonville, KY",1,0,37.328,-87.499,0,45369,0
31660,"Malone, NY",3,1,44.35033333333333,-74.14,0.3333333333333333,50444,0.19823963206724288
31700,"Manchester-Nashua, NH",36,7,42.92063888888889,-71.62425,0.19444444444444445,413157,0.16942711850458786
31740,"Manhattan, KS",9,0,39.191,-96.58377777777777,0,97954,0
31820,"Manitowoc, WI",4,0,44.10275,-87.63550000000001,0,79140,0
31860,"Mankato-North Mankato, MN",13,2,44.21192307692308,-93.98538461538462,0.15384615384615385,100945,0.19812769329833077
31900,"Mansfield, OH",4,0,40.7585,-82.53375,0,120543,0
31930,"Marietta, OH",3,0,39.42366666666666,-81.45566666666666,0,60462,0
31940,"Marinette, WI-MI",1,0,45.108,-87.614,0,63297,0
31980,"Marion, IN",7,0,40.508428571428574,-85.658,0,66282,0
32020,"Marion, OH",1,0,40.589,-83.129,0,64941,0
32027,Pershing County,1,0,40.789,-119.203,0,6473,0
32100,"Marquette, MI",23,4,46.54195652173913,-87.45673913043478,0.17391304347826086,66565,0.600916397506197
32140,"Marshall, MN",2,1,44.452,-95.7755,0.5,25953,0.38531190999113785
32180,"Marshall, MO",1,0,39.113,-93.211,0,22924,0
32220,"Marshall, TX",2,1,32.5415,-94.37100000000001,0.5,66540,0.15028554253080853
32260,"Marshalltown, IA",2,0,42.049,-92.908,0,40148,0
32300,"Martinsville, VA",1,0,36.692,-79.873,0,64219,0
32380,"Mason City, IA",2,0,43.154,-93.201,0,50458,0
32540,"McAlester, OK",2,1,34.933,-95.77,0.5,44145,0.22652622041001247
32580,"McAllen-Edinburg-Mission, TX",23,2,26.20491304347826,-98.24469565217392,0.08695652173913043,858323,0.023301251393706097
32620,"McComb, MS",1,0,31.244,-90.453,0,52046,0
32700,"McPherson, KS",1,0,38.367,-97.657,0,28673,0
32740,"Meadville, PA",3,0,41.63633333333333,-79.992,0,85788,0
32780,"Medford, OR",34,4,42.25570588235294,-122.7834705882353,0.11764705882352941,216761,0.18453504089757844
32820,"Memphis, TN-MS-AR",84,7,35.12564285714286,-90.04929761904762,0.08333333333333333,1347576,0.05194512220461036
32860,"Menomonie, WI",4,1,44.875,-91.92099999999999,0.25,44699,0.2237186514239692
32900,"Merced, CA",17,1,37.306294117647056,-120.49376470588236,0.058823529411764705,271340,0.036854131348124125
32940,"Meridian, MS",1,0,32.339,-88.799,0,102272,0
32980,"Merrill, WI",1,0,45.181,-89.683,0,27766,0
33003,Carroll County,7,3,44.037285714285716,-71.16514285714285,0.42857142857142855,48109,0.6235839447920348
33020,"Mexico, MO",1,0,39.173,-91.887,0,25600,0
33100,"Miami-Fort Lauderdale-West Palm Beach, FL",334,18,26.16508982035928,-80.1827125748503,0.05389221556886228,6149687,0.029269782348272357
33140,"Michigan City-La Porte, IN",4,0,41.68125,-86.853,0,109911,0
33220,"Midland, MI",10,3,43.617,-84.2471,0.3,83245,0.36038200492522077
33260,"Midland, TX",6,2,31.997,-102.078,0.3333333333333333,170948,0.11699464164541265
33300,"Milledgeville, GA",2,0,33.076,-83.24549999999999,0,53466,0
33340,"Milwaukee-Waukesha-West Allis, WI",81,8,43.03843209876543,-87.93748148148148,0.09876543209876543,1575151,0.050788781519993956
33420,"Mineral Wells, TX",1,0,32.808,-98.113,0,28575,0
33460,"Minneapolis-St. Paul-Bloomington, MN-WI",285,25,44.96612280701754,-93.20209122807017,0.08771929824561403,3592669,0.06958614890489494
33500,"Minot, ND",1,1,48.233,-101.292,1,76751,0.1302914620004951
33540,"Missoula, MT",53,5,46.87405660377358,-113.99630188679245,0.09433962264150944,117863,0.4242213417272596
33660,"Mobile, AL",21,4,30.75109523809524,-88.07976190476191,0.19047619047619047,414515,0.0964983173105919
33700,"Modesto, CA",30,3,37.6389,-120.98046666666667,0.1,545267,0.055018917337744624
33740,"Monroe, LA",5,2,32.509,-92.119,0.4,178211,0.11222651800393915
33780,"Monroe, MI",3,0,41.879666666666665,-83.596,0,149592,0
33860,"Montgomery, AL",31,7,32.36583870967742,-86.31116129032259,0.22580645161290322,374042,0.187144759144695
33940,"Montrose, CO",1,0,38.478,-107.876,0,41785,0
34060,"Morgantown, WV",15,1,39.62566666666667,-79.89046666666667,0.06666666666666667,139739,0.07156198341193225
34140,"Moscow, ID",8,2,46.73125,-117.00325000000001,0.25,39714,0.503600745329103
34180,"Moses Lake, WA",3,2,47.06366666666667,-119.57533333333333,0.6666666666666666,95821,0.20872251385395688
34220,"Moultrie, GA",1,0,31.205,-83.759,0,45543,0
34260,"Mountain Home, AR",9,0,36.33411111111111,-92.38422222222222,0,41316,0
34380,"Mount Pleasant, MI",7,1,43.594142857142856,-84.77114285714286,0.14285714285714285,71125,0.14059753954305798
34420,"Mount Pleasant, TX",2,0,33.1615,-94.97149999999999,0,32806,0
34460,"Mount Sterling, KY",1,0,38.056,-83.943,0,46800,0
34500,"Mount Vernon, IL",2,0,38.317,-88.903,0,38111,0
34580,"Mount Vernon-Anacortes, WA",15,2,48.4562,-122.4464,0.13333333333333333,126026,0.15869741164521606
34620,"Muncie, IN",4,0,40.18825,-85.413,0,115389,0
34660,"Murray, KY",6,1,36.611,-88.316,0.16666666666666666,38865,0.2573009134182426
34700,"Muscatine, IA",2,0,41.4315,-91.0595,0,42892,0
34740,"Muskegon, MI",8,0,43.234,-86.248,0,173656,0
34780,"Muskogee, OK",5,0,35.757,-95.3494,0,68959,0
34820,"Myrtle Beach-Conway-North Myrtle Beach, SC-NC",14,1,33.72278571428571,-78.85121428571429,0.07142857142857142,463386,0.021580280802613806
34860,"Nacogdoches, TX",7,3,31.606571428571428,-94.654,0.42857142857142855,65599,0.4573240445738502
34900,"Napa, CA",29,4,38.32627586206897,-122.31562068965518,0.13793103448275862,140386,0.2849286965936774
34940,"Naples-Immokalee-Marco Island, FL",33,5,26.166,-81.75766666666667,0.15151515151515152,372345,0.13428406451006458
34980,"Nashville-Davidson--Murfreesboro--Franklin, TN",134,9,36.098425373134326,-86.77161940298507,0.06716417910447761,1900584,0.047353865969617756
35053,Socorro County,3,0,33.931,-106.75233333333334,0,16885,0
35100,"New Bern, NC",1,0,35.108,-77.044,0,125010,0
35220,"New Castle, IN",1,0,39.927,-85.305,0,48247,0
35260,"New Castle, PA",1,0,41,-80.385,0,86652,0
35300,"New Haven-Milford, CT",113,6,41.342230088495576,-72.90945132743363,0.05309734513274336,857794,0.06994686369920983
35380,"New Orleans-Metairie, LA",78,8,29.986397435897437,-90.09453846153846,0.10256410256410256,1270465,0.06296907037974285
35420,"New Philadelphia-Dover, OH",1,0,40.272,-81.606,0,92411,0
35440,"Newport, OR",11,2,44.556,-124.05509090909091,0.18181818181818182,48820,0.4096681687832855
35500,"Newton, IA",3,0,41.703,-93.057,0,36985,0
35580,"New Ulm, MN",1,0,44.314,-94.459,0,25172,0
35620,"New York-Newark-Jersey City, NY-NJ-PA",1336,99,40.80144311377246,-73.99605988023953,0.07410179640718563,19998951,0.049502596411181765
35660,"Niles-Benton Harbor, MI",5,1,42.0778,-86.4908,0.2,154362,0.06478278332750288
35700,"Nogales, AZ",3,0,31.34,-110.934,0,46636,0
35740,"Norfolk, NE",2,0,42.036500000000004,-97.414,0,48357,0
35840,"North Port-Sarasota-Bradenton, FL",72,8,27.375708333333332,-82.5337638888889,0.1111111111111111,805139,0.09936172511827152
35860,"North Vernon, IN",1,0,38.993,-85.642,0,27638,0
35940,"Norwalk, OH",2,0,41.243,-82.616,0,58462,0
35980,"Norwich-New London, CT",24,1,41.40991666666667,-72.08791666666666,0.041666666666666664,267826,0.037337674460283916
36003,Allegany County,1,0,42.466,-78.115,0,46688,0
36017,Chenango County,1,0,42.294,-75.485,0,47790,0
36020,"Oak Harbor, WA",21,3,48.11704761904762,-122.52642857142857,0.14285714285714285,83285,0.36020892117428105
36025,Delaware County,4,0,42.251,-74.96925,0,45020,0
36025,Delaware County,4,0,42.251,-74.96925,0,45020,0
36031,Essex County,3,1,44.312666666666665,-73.53966666666666,0.3333333333333333,37511,0.266588467382901
36039,Greene County,5,0,42.2158,-73.94120000000001,0,47474,0
36100,"Ocala, FL",7,1,29.220714285714287,-82.14557142857143,0.14285714285714285,353717,0.02827118854903779
36105,Sullivan County,8,0,41.707,-74.822375,0,75079,0
36140,"Ocean City, NJ",5,1,39.0476,-74.8176,0.2,93184,0.10731456043956045
36220,"Odessa, TX",4,0,31.85725,-102.36025,0,157173,0
36260,"Ogden-Clearfield, UT",21,3,41.17209523809524,-111.96938095238096,0.14285714285714285,664589,0.04514068093212497
36300,"Ogdensburg-Massena, NY",14,1,44.66842857142857,-75.06078571428571,0.07142857142857142,108562,0.09211326246753007
36420,"Oklahoma City, OK",93,10,35.42937634408602,-97.50632258064516,0.10752688172043011,1383249,0.07229356392088482
36460,"Olean, NY",4,1,42.18325,-78.637,0.25,77245,0.12945821736034696
36500,"Olympia-Tumwater, WA",63,11,47.03798412698413,-122.89492063492064,0.1746031746031746,280289,0.3924520762498707
36540,"Omaha-Council Bluffs, NE-IA",71,9,41.24216901408451,-95.97761971830987,0.1267605633802817,932217,0.09654404500239751
36580,"Oneonta, NY",11,3,42.522363636363636,-75.02427272727273,0.2727272727272727,59903,0.5008096422549789
36620,"Ontario, OR-ID",2,0,43.9985,-116.89099999999999,0,53668,0
36660,"Opelousas, LA",4,0,30.534,-92.082,0,83447,0
36700,"Orangeburg, SC",4,1,33.451499999999996,-80.74475,0.25,87673,0.11406020097407411
36740,"Orlando-Kissimmee-Sanford, FL",77,7,28.565155844155843,-81.40167532467532,0.09090909090909091,2512917,0.02785607324077954
36780,"Oshkosh-Neenah, WI",13,2,44.04976923076923,-88.53446153846154,0.15384615384615385,170375,0.11738811445341159
36820,"Oskaloosa, IA",2,0,41.301,-92.6445,0,22197,0
36840,"Ottawa, KS",1,0,38.616,-95.269,0,25657,0
36860,"Ottawa-Peru, IL",1,0,41.346,-88.843,0,148567,0
36900,"Ottumwa, IA",1,0,41.016,-92.408,0,44098,0
36940,"Owatonna, MN",1,1,44.085,-93.226,1,36824,0.27156202476645663
36980,"Owensboro, KY",5,0,37.772,-87.111,0,118543,0
37009,Ashe County,2,1,36.411,-81.476,0.5,26803,0.3730925642651942
37017,Bladen County,2,0,34.681,-78.6975,0,33468,0
37020,"Owosso, MI",2,1,42.915499999999994,-84.194,0.5,68459,0.1460728319139923
37039,Cherokee County,2,0,35.1445,-83.9285,0,27980,0
37047,Columbus County,1,0,34.339,-78.703,0,55987,0
37060,"Oxford, MS",16,4,34.36525,-89.53075,0.25,54237,0.7375039179895643
37061,Duplin County,1,0,34.924,-77.774,0,58862,0
37095,Hyde County,1,1,35.115,-75.981,1,5267,1.8986140117714068
37100,"Oxnard-Thousand Oaks-Ventura, CA",43,3,34.24288372093023,-119.11948837209303,0.06976744186046512,850802,0.035260847999887164
37120,"Ozark, AL",1,1,31.319,-85.494,1,49254,0.20302919559832705
37123,Montgomery County,1,0,35.358,-79.894,0,27347,0
37149,Polk County,2,0,35.253,-82.197,0,20518,0
37220,"Pahrump, NV",6,1,36.59866666666667,-115.99733333333333,0.16666666666666666,44051,0.227009602506186
37260,"Palatka, FL",1,0,29.649,-81.638,0,73385,0
37340,"Palm Bay-Melbourne-Titusville, FL",27,4,28.230037037037036,-80.68311111111112,0.14814814814814814,588265,0.06799656617340824
37460,"Panama City, FL",9,3,30.161666666666665,-85.66733333333333,0.3333333333333333,200168,0.14987410575116902
37580,"Paris, TX",3,0,33.661,-95.556,0,49597,0
37620,"Parkersburg-Vienna, WV",15,0,39.27673333333334,-81.55106666666667,0,90873,0
37740,"Payson, AZ",5,0,34.231,-111.325,0,53629,0
37860,"Pensacola-Ferry Pass-Brent, FL",27,3,30.428962962962963,-87.20729629629629,0.1111111111111111,487327,0.061560307555296546
37900,"Peoria, IL",13,4,40.69069230769231,-89.596,0.3076923076923077,371810,0.10758182942900944
37940,"Peru, IN",1,0,40.754,-86.069,0,35827,0
37980,"Philadelphia-Camden-Wilmington, PA-NJ-DE-MD",408,32,39.95353921568628,-75.28212009803921,0.0784313725490196,6078451,0.052644991297947454
38009,Bottineau County,1,0,48.971,-101.282,0,6536,0
38060,"Phoenix-Mesa-Scottsdale, AZ",196,24,33.43311734693878,-112.02755102040817,0.12244897959183673,4761694,0.05040223080273533
38180,"Pierre, SD",5,1,44.435,-100.2912,0.2,22073,0.45304217822679294
38220,"Pine Bluff, AR",1,0,34.228,-92.003,0,90923,0
38240,"Pinehurst-Southern Pines, NC",1,0,35.195,-79.469,0,97232,0
38260,"Pittsburg, KS",4,0,37.411,-94.705,0,39031,0
38300,"Pittsburgh, PA",181,19,40.41624309392265,-79.93314364640884,0.10497237569060773,2330283,0.08153516117999403
38340,"Pittsfield, MA",54,3,42.36072222222222,-73.24205555555555,0.05555555555555555,126485,0.23718227457801322
38420,"Platteville, WI",1,0,42.689,-90.712,0,51806,0
38460,"Plattsburgh, NY",23,4,44.7115652173913,-73.44973913043478,0.17391304347826086,80567,0.49648118956893017
38540,"Pocatello, ID",4,1,42.8715,-112.44675,0.25,85641,0.1167665020258988
38780,"Portales, NM",3,2,34.186,-103.334,0.6666666666666666,18905,1.057921184871727
38820,"Port Angeles, WA",23,4,48.08304347826087,-123.44573913043479,0.17391304347826086,75712,0.5283178360101437
38840,"Port Clinton, OH",1,1,41.539,-82.767,1,40632,0.24611143925969678
38860,"Portland-South Portland, ME",135,15,43.63619259259259,-70.28717777777777,0.1111111111111111,532280,0.2818065679717442
38900,"Portland-Vancouver-Hillsboro, OR-WA",282,21,45.5188475177305,-122.70125886524823,0.07446808510638298,2456462,0.08548880463039933
38940,"Port St. Lucie, FL",21,0,27.244904761904763,-80.30638095238095,0,473192,0
39020,"Portsmouth, OH",3,0,38.732,-82.998,0,75898,0
39075,Holmes County,1,0,40.555,-81.918,0,43887,0
39131,Pike County,1,0,39.127,-82.985,0,28227,0
39140,"Prescott, AZ",13,3,34.54538461538461,-112.45723076923076,0.23076923076923078,228055,0.13154721448773324
39171,Williams County,1,0,41.584,-84.606,0,36746,0
39260,"Prineville, OR",1,0,44.3,-120.834,0,23091,0
39300,"Providence-Warwick, RI-MA",118,11,41.77379661016949,-71.36549152542372,0.09322033898305085,1617057,0.06802481297814486
39340,"Provo-Orem, UT",15,1,40.297066666666666,-111.71926666666667,0.06666666666666667,617751,0.01618775202306431
39380,"Pueblo, CO",20,1,38.254149999999996,-104.61104999999999,0.05,166426,0.06008676528907742
39420,"Pullman, WA",15,5,46.73133333333333,-117.1732,0.3333333333333333,49344,1.0132944228274967
39460,"Punta Gorda, FL",3,0,26.928333333333335,-82.15033333333334,0,181537,0
39500,"Quincy, IL-MO",2,0,39.936,-91.41,0,76058,0
39540,"Racine, WI",8,0,42.727375,-87.795625,0,195949,0
39580,"Raleigh, NC",95,12,35.7816,-78.65281052631579,0.12631578947368421,1334342,0.08993196646736742
39660,"Rapid City, SD",21,2,44.11090476190476,-103.24895238095237,0.09523809523809523,146869,0.1361757756912623
39740,"Reading, PA",47,7,40.361765957446806,-75.90159574468086,0.14893617021276595,417524,0.16765503300409076
39780,"Red Bluff, CA",1,0,40.178,-122.236,0,63718,0
39820,"Redding, CA",25,6,40.578520000000005,-122.38556,0.24,179539,0.33418922908114673
39900,"Reno, NV",52,4,39.520096153846154,-119.80667307692308,0.07692307692307693,461336,0.08670470112889521
39940,"Rexburg, ID",2,0,43.8185,-111.7875,0,52488,0
39980,"Richmond, IN",5,0,39.829,-84.89,0,66178,0
40041,Delaware County,2,0,36.5965,-94.759,0,42582,0
40060,"Richmond, VA",123,13,37.541739837398374,-77.44654471544716,0.10569105691056911,1292911,0.10054829760130435
40080,"Richmond-Berea, KY",7,1,37.691428571428574,-84.29642857142858,0.14285714285714285,107983,0.09260716964707408
40140,"Riverside-San Bernardino-Ontario, CA",155,14,34.001587096774195,-117.07365806451612,0.09032258064516129,4570427,0.030631711216479337
40180,"Riverton, WY",5,1,42.986599999999996,-108.4502,0.2,39834,0.2510418235678064
40220,"Roanoke, VA",38,5,37.245973684210526,-79.95344736842105,0.13157894736842105,313488,0.15949573827387334
40340,"Rochester, MN",32,8,44.00471875,-92.46275,0.25,217828,0.36726224360504617
40380,"Rochester, NY",67,3,43.10271641791045,-77.54141791044776,0.04477611940298507,1071589,0.027995808094334673
40420,"Rockford, IL",31,4,42.288387096774194,-89.09532258064516,0.12903225806451613,338252,0.11825502879509951
40580,"Rocky Mount, NC",3,0,35.952666666666666,-77.95633333333333,0,146769,0
40620,"Rolla, MO",1,0,37.951,-91.771,0,44686,0
40700,"Roseburg, OR",9,1,43.21622222222222,-123.34322222222222,0.1111111111111111,109284,0.09150470334175177
40740,"Roswell, NM",8,2,33.370125,-104.50425,0.25,65153,0.30696974813132166
40760,"Ruidoso, NM",1,0,33.367,-105.659,0,19483,0
40780,"Russellville, AR",3,0,35.28333333333333,-93.13466666666666,0,85199,0
40820,"Ruston, LA",1,0,32.535,-92.65,0,47465,0
40860,"Rutland, VT",7,0,43.60914285714286,-73.01514285714285,0,59000,0
40900,"Sacramento--Roseville--Arden-Arcade, CA",170,16,38.60834705882353,-121.44635294117647,0.09411764705882353,2320381,0.06895419329842815
40980,"Saginaw, MI",6,0,43.419,-83.951,0,191996,0
41031,Jefferson County,3,0,44.677,-121.174,0,23700,0
41057,Tillamook County,3,1,45.45333333333333,-123.84133333333332,0.3333333333333333,26574,0.3763076691502973
41060,"St. Cloud, MN",22,4,45.54536363636364,-94.2159090909091,0.18181818181818182,198106,0.2019121076595358
41100,"St. George, UT",10,1,37.1044,-113.5557,0.1,165859,0.06029217588433549
41140,"St. Joseph, MO-KS",6,2,39.76716666666667,-94.847,0.3333333333333333,126598,0.15798037883694846
41180,"St. Louis, MO-IL",194,21,38.64118556701031,-90.22667525773196,0.10824742268041238,2805850,0.07484363027246646
41220,"St. Marys, GA",4,0,30.7745,-81.5985,0,53067,0
41400,"Salem, OH",2,0,40.807500000000005,-80.718,0,103149,0
41420,"Salem, OR",75,7,44.943333333333335,-123.02666666666667,0.09333333333333334,424968,0.1647182846708458
41460,"Salina, KS",2,0,38.84,-97.611,0,60363,0
41500,"Salinas, CA",47,5,36.629829787234044,-121.73806382978724,0.10638297872340426,435477,0.11481662636603082
41540,"Salisbury, MD-DE",42,5,38.52447619047619,-75.295,0.11904761904761904,404067,0.12374185469241487
41620,"Salt Lake City, UT",147,19,40.74924489795919,-111.89808843537415,0.1292517006802721,1205238,0.15764521198302742
41660,"San Angelo, TX",5,2,31.4632,-100.4386,0.4,119200,0.16778523489932884
41700,"San Antonio-New Braunfels, TX",49,6,29.457244897959182,-98.457,0.12244897959183673,2474274,0.024249537440073334
41740,"San Diego-Carlsbad, CA",293,22,32.79875767918089,-117.14565870307167,0.07508532423208192,3325468,0.06615610193813322
41760,"Sandpoint, ID",7,2,48.277,-116.553,0.2857142857142857,43621,0.4584947616973476
41780,"Sandusky, OH",2,0,41.4165,-82.3615,0,74857,0
41860,"San Francisco-Oakland-Hayward, CA",495,38,37.79507070707071,-122.32105858585858,0.07676767676767676,4710693,0.08066753660236402
41940,"San Jose-Sunnyvale-Santa Clara, CA",156,20,37.352634615384616,-121.98383974358974,0.1282051282051282,1993582,0.10032193308326419
42020,"San Luis Obispo-Paso Robles-Arroyo Grande, CA",52,10,35.29771153846154,-120.67576923076923,0.19230769230769232,282838,0.353559281284693
42031,Clarion County,1,1,41.215,-79.385,1,38975,0.25657472738935216
42065,Jefferson County,1,0,40.944,-78.971,0,43828,0
42100,"Santa Cruz-Watsonville, CA",38,5,36.950657894736835,-121.92631578947369,0.13157894736842105,275105,0.18174878682684792
42117,Tioga County,1,0,41.969,-77.539,0,40701,0
42127,Wayne County,1,0,41.577,-75.259,0,51215,0
42140,"Santa Fe, NM",42,5,35.685785714285714,-105.93904761904763,0.11904761904761904,149617,0.3341866231778474
42200,"Santa Maria-Santa Barbara, CA",65,11,34.575723076923076,-119.97866153846154,0.16923076923076924,445606,0.24685484486295067
42220,"Santa Rosa, CA",66,6,38.36775757575757,-122.68827272727273,0.09090909090909091,503246,0.11922598490599032
42300,"Sault Ste. Marie, MI",4,1,46.44925,-84.407,0.25,37714,0.2651535238903325
42340,"Savannah, GA",25,6,32.09156,-81.10968,0.24,386337,0.15530482454437447
42420,"Scottsbluff, NE",4,0,41.86025,-103.66475,0,38148,0
42540,"Scranton--Wilkes-Barre--Hazleton, PA",51,5,41.30421568627451,-75.80511764705882,0.09803921568627451,555645,0.08998551233251446
42660,"Seattle-Tacoma-Bellevue, WA",265,18,47.56762264150944,-122.33397735849056,0.06792452830188679,3884469,0.046338379840333385
42680,"Sebastian-Vero Beach, FL",8,0,27.68525,-80.41925,0,154314,0
42700,"Sebring, FL",3,2,27.496,-81.441,0.6666666666666666,104060,0.19219680953296175
42740,"Sedalia, MO",1,0,38.704,-93.228,0,42504,0
42780,"Selinsgrove, PA",3,0,40.797666666666665,-76.86999999999999,0,40585,0
42820,"Selma, AL",10,0,32.407,-87.021,0,39235,0
42900,"Seneca Falls, NY",3,2,42.911,-76.797,0.6666666666666666,34327,0.582631747603927
42940,"Sevierville, TN",1,0,35.865,-83.529,0,97277,0
42980,"Seymour, IN",1,0,38.879,-86.042,0,43987,0
43060,"Shawnee, OK",2,0,35.327,-96.925,0,72248,0
43100,"Sheboygan, WI",13,2,43.75638461538461,-87.76346153846154,0.15384615384615385,115235,0.17355838070030805
43180,"Shelbyville, TN",2,0,35.483,-86.46,0,48138,0
43260,"Sheridan, WY",4,0,44.79774999999999,-106.95575,0,30132,0
43300,"Sherman-Denison, TX",9,0,33.63422222222223,-96.61222222222221,0,131214,0
43320,"Show Low, AZ",6,0,34.6475,-110.05433333333333,0,109144,0
43340,"Shreveport-Bossier City, LA",15,2,32.528666666666666,-93.74746666666667,0.13333333333333333,439631,0.04549269728476837
43420,"Sierra Vista-Douglas, AZ",7,0,31.504,-110.12742857142857,0,124990,0
43460,"Sikeston, MO",2,0,36.9875,-89.5755,0,38566,0
43500,"Silver City, NM",1,0,32.77,-108.28,0,27692,0
43580,"Sioux City, IA-NE-SD",10,0,42.5264,-96.3832,0,168218,0
43620,"Sioux Falls, SD",21,4,43.548,-96.72966666666666,0.19047619047619047,260521,0.1535384863408324
43700,"Somerset, KY",2,0,37.092,-84.604,0,64357,0
43780,"South Bend-Mishawaka, IN-MI",38,5,41.67784210526316,-86.23321052631579,0.13157894736842105,321447,0.15554663754833611
43900,"Spartanburg, SC",4,0,34.9365,-82.00325000000001,0,334130,0
43980,"Spencer, IA",1,0,43.145,-95.144,0,16153,0
44020,"Spirit Lake, IA",3,0,43.389,-95.20966666666666,0,17173,0
44060,"Spokane-Spokane Valley, WA",76,11,47.66132894736842,-117.40469736842105,0.14473684210526316,563958,0.19504998599186463
44100,"Springfield, IL",41,11,39.78621951219512,-89.64756097560976,0.2682926829268293,209175,0.5258754631289589
44140,"Springfield, MA",128,13,42.2362265625,-72.5877265625,0.1015625,629506,0.20651113730448953
44180,"Springfield, MO",49,14,37.21048979591837,-93.29422448979592,0.2857142857142857,462300,0.30283365779796667
44220,"Springfield, OH",3,0,39.928333333333335,-83.81066666666666,0,134649,0
44260,"Starkville, MS",3,1,33.45166666666667,-88.81,0.3333333333333333,49675,0.20130850528434827
44300,"State College, PA",24,2,40.82429166666667,-77.83891666666666,0.08333333333333333,162250,0.12326656394453005
44340,"Statesboro, GA",8,2,32.435,-81.785,0.25,76084,0.2628673571315914
44420,"Staunton-Waynesboro, VA",30,1,38.13933333333333,-79.0266,0.03333333333333333,121984,0.08197796432318993
44460,"Steamboat Springs, CO",7,1,40.48771428571428,-106.89028571428571,0.14285714285714285,25346,0.3945395723191036
44540,"Sterling, CO",1,0,40.622,-103.179,0,21665,0
44580,"Sterling, IL",2,0,41.796,-89.6935,0,55947,0
44620,"Stevens Point, WI",8,1,44.518,-89.569125,0.125,70608,0.14162701110355766
44660,"Stillwater, OK",8,1,36.122749999999996,-97.058125,0.125,81867,0.12214933978281847
44700,"Stockton-Lodi, CA",24,1,37.950625,-121.29662499999999,0.041666666666666664,742516,0.013467723254448389
44740,"Storm Lake, IA",4,0,42.6425,-95.204,0,20102,0
44900,"Summerville, GA",1,0,34.465,-85.359,0,24716,0
44920,"Summit Park, UT",6,2,40.646,-111.498,0.3333333333333333,41349,0.48368763452562336
44980,"Sunbury, PA",2,0,40.9025,-76.70599999999999,0,91767,0
45000,"Susanville, CA",9,0,40.306,-121.006,0,31123,0
45009,Bamberg County,1,0,33.323,-81.142,0,14397,0
45060,"Syracuse, NY",44,4,43.073409090909095,-76.16193181818183,0.09090909090909091,651048,0.06143940231749426
45061,Lee County,1,0,34.218,-80.248,0,17267,0
45140,"Tahlequah, OK",4,0,35.88175,-94.9865,0,48925,0
45180,"Talladega-Sylacauga, AL",2,0,33.5245,-86.112,0,90779,0
45220,"Tallahassee, FL",75,10,30.438053333333333,-84.28186666666667,0.13333333333333333,383467,0.2607786328419395
45300,"Tampa-St. Petersburg-Clearwater, FL",95,7,27.93161052631579,-82.54016842105263,0.07368421052631578,3091225,0.022644744397447614
45340,"Taos, NM",13,1,36.40692307692307,-105.58838461538461,0.07692307692307693,32862,0.30430284218854603
45460,"Terre Haute, IN",20,2,39.45885,-87.37010000000001,0.1,170022,0.11763183588006258
45500,"Texarkana, TX-AR",4,0,33.425,-94.048,0,150254,0
45520,"The Dalles, OR",4,0,45.595,-121.179,0,26321,0
45620,"Thomasville, GA",6,1,30.843,-83.97683333333333,0.16666666666666666,44662,0.22390398996910124
45700,"Tifton, GA",2,1,31.4765,-83.503,0.5,40438,0.24729215094712895
45780,"Toledo, OH",38,6,41.57676315789474,-83.59418421052632,0.15789473684210525,603830,0.09936571551595648
45820,"Topeka, KS",45,7,39.04802222222222,-95.68395555555556,0.15555555555555556,233153,0.3002320364739034
45860,"Torrington, CT",7,0,41.63585714285714,-73.29414285714286,0,181710,0
45900,"Traverse City, MI",14,2,44.778285714285715,-85.62314285714285,0.14285714285714285,148671,0.13452522684316376
45940,"Trenton, NJ",41,5,40.247195121951215,-74.72892682926829,0.12195121951219512,368602,0.13564766333335143
46020,"Truckee-Grass Valley, CA",9,3,39.25277777777778,-120.8558888888889,0.3333333333333333,99503,0.3014984472829965
46025,Clark County,1,0,44.814,-97.718,0,3686,0
46060,"Tucson, AZ",69,9,32.21471014492754,-110.98072463768116,0.13043478260869565,1027502,0.08759107038234476
46079,Lake County,1,0,44.016,-97.104,0,12792,0
46091,Marshall County,1,0,45.738,-97.921,0,4998,0
46102,Oglala Lakota County,1,0,43.026,-102.556,0,14364,0
46140,"Tulsa, OK",55,5,36.12283636363637,-95.96454545454546,0.09090909090909091,991610,0.05042304938433456
46180,"Tupelo, MS",2,0,34.258,-88.703,0,140186,0
46220,"Tuscaloosa, AL",7,0,33.19857142857143,-87.53557142857143,0,242700,0
46300,"Twin Falls, ID",2,0,42.64,-114.4945,0,109037,0
46340,"Tyler, TX",3,0,32.351,-95.301,0,227460,0
46380,"Ukiah, CA",19,2,39.24794736842105,-123.39968421052632,0.10526315789473684,87697,0.22805797233656797
46460,"Union City, TN-KY",1,0,36.424,-89.057,0,36607,0
46500,"Urbana, OH",1,0,40.216,-83.755,0,38824,0
46520,"Urban Honolulu, HI",60,7,21.332833333333333,-157.87568333333334,0.11666666666666667,986429,0.0709630394078033
46540,"Utica-Rome, NY",21,3,43.111714285714285,-75.24166666666667,0.14285714285714285,292336,0.1026216408516228
46660,"Valdosta, GA",14,1,30.837714285714284,-83.27678571428572,0.07142857142857142,145403,0.06877437191804846
46700,"Vallejo-Fairfield, CA",18,2,38.223277777777774,-122.09522222222222,0.1111111111111111,443877,0.045057527197849855
46780,"Van Wert, OH",2,0,40.869,-84.584,0,28291,0
46820,"Vermillion, SD",2,1,42.779,-96.929,0.5,14021,0.7132158904500393
46980,"Vicksburg, MS",1,0,32.353,-90.878,0,55805,0
47020,"Victoria, TX",6,3,28.805,-97.004,0.5,99651,0.30105066682722703
47103,Lincoln County,1,0,35.152,-86.571,0,33833,0
47123,Monroe County,1,0,35.559,-84.365,0,46098,0
47180,"Vincennes, IN",1,0,38.677,-87.529,0,37094,0
47220,"Vineland-Bridgeton, NJ",10,0,39.4655,-75.0462,0,151748,0
47240,"Vineyard Haven, MA",15,6,41.41966666666667,-70.6182,0.4,17321,3.464003233069684
47260,"Virginia Beach-Norfolk-Newport News, VA-NC",72,8,36.955194444444444,-76.33893055555555,0.1111111111111111,1724876,0.046380145587276995
47300,"Visalia-Porterville, CA",14,4,36.27585714285714,-119.26957142857142,0.2857142857142857,463097,0.08637499271211
47380,"Waco, TX",14,1,31.54207142857143,-97.15542857142857,0.07142857142857142,268550,0.03723701359150996
47460,"Walla Walla, WA",10,1,46.0629,-118.3404,0.1,64675,0.15461925009663705
47660,"Warrensburg, MO",3,0,38.75666666666667,-93.72933333333333,0,53759,0
47820,"Washington, NC",1,0,35.35,-76.96,0,47051,0
47900,"Washington-Arlington-Alexandria, DC-VA-MD-WV",480,53,38.91626041666667,-77.09836875,0.11041666666666666,6200001,0.08548385718002305
47940,"Waterloo-Cedar Falls, IA",22,1,42.51231818181818,-92.38909090909091,0.045454545454545456,169553,0.05897860845871202
48020,"Watertown-Fort Atkinson, WI",6,1,42.94316666666667,-88.80666666666667,0.16666666666666666,84775,0.11795930404010617
48043,Brewster County,2,0,30.0105,-103.50999999999999,0,9330,0
48060,"Watertown-Fort Drum, NY",14,4,43.968,-75.96185714285714,0.2857142857142857,113063,0.3537850578880801
48127,Dimmit County,1,0,28.522,-99.861,0,10346,0
48140,"Wausau, WI",10,2,44.943200000000004,-89.67699999999999,0.2,135415,0.1476941254661596
48163,Frio County,1,0,28.667,-99.171,0,19564,0
48260,"Weirton-Steubenville, WV-OH",5,0,40.3812,-80.6088,0,118181,0
48300,"Wenatchee, WA",21,6,47.46709523809524,-120.29257142857143,0.2857142857142857,118646,0.505706049930044
48460,"West Plains, MO",1,0,36.728,-91.852,0,40084,0
48507,Zavala County,2,1,28.677,-99.828,0.5,11965,0.8357709987463435
48540,"Wheeling, WV-OH",5,0,40.068599999999996,-80.752,0,141228,0
48580,"Whitewater-Elkhorn, WI",1,0,42.834,-88.732,0,102956,0
48620,"Wichita, KS",35,3,37.688314285714284,-97.32622857142857,0.08571428571428572,644949,0.04651530586139369
48660,"Wichita Falls, TX",9,1,33.906333333333336,-98.50666666666666,0.1111111111111111,151180,0.06614631565021828
48700,"Williamsport, PA",8,1,41.2425,-76.996875,0.125,113930,0.08777319406653208
48780,"Williston, ND",1,0,48.147,-103.618,0,33395,0
48820,"Willmar, MN",5,1,45.122,-95.049,0.2,42715,0.23410979749502517
48900,"Wilmington, NC",26,4,34.216884615384615,-77.93042307692308,0.15384615384615385,289425,0.13820506176038697
48940,"Wilmington, OH",5,2,39.4446,-83.83359999999999,0.4,41966,0.47657627603297903
48980,"Wilson, NC",3,0,35.753,-77.91799999999999,0,81567,0
49019,Grand County,5,1,38.5698,-109.548,0.2,9640,1.0373443983402488
49020,"Winchester, VA-WV",16,5,39.163125,-78.16475,0.3125,138107,0.36203812985583644
49025,Kane County,1,1,37.047,-112.526,1,7537,1.326787846623325
49037,San Juan County,4,0,37.545,-109.473,0,15320,0
49100,"Winona, MN",7,0,44.05385714285714,-91.666,0,50704,0
49180,"Winston-Salem, NC",43,4,36.09604651162791,-80.29181395348837,0.09302325581395349,666746,0.059992860849558904
49220,"Wisconsin Rapids-Marshfield, WI",2,0,44.5265,-89.99449999999999,0,73112,0
49300,"Wooster, OH",10,3,40.805,-81.935,0.3,116247,0.2580711760303492
49340,"Worcester, MA-CT",47,4,42.19559574468085,-71.77808510638299,0.0851063829787234,942303,0.042449190971481573
49380,"Worthington, MN",1,1,43.621,-95.594,1,21810,0.4585052728106373
49420,"Yakima, WA",27,5,46.57259259259259,-120.46085185185186,0.18518518518518517,250377,0.199698854127975
49620,"York-Hanover, PA",19,2,39.96905263157895,-76.74747368421052,0.10526315789473684,445722,0.04487101825801733
49660,"Youngstown-Warren-Boardman, OH-PA",63,6,41.148650793650795,-80.66093650793651,0.09523809523809523,541875,0.11072664359861592
49700,"Yuba City, CA",4,0,39.14475,-121.59,0,173213,0
49740,"Yuma, AZ",11,1,32.67490909090909,-114.6389090909091,0.09090909090909091,209756,0.04767444077880967
50001,Addison County,6,0,44.05316666666667,-73.13933333333333,0,36940,0
50005,Caledonia County,4,0,44.477,-72.0145,0,30154,0
50015,Lamoille County,1,0,44.465,-72.727,0,25345,0
50019,Orleans County,2,0,44.786500000000004,-72.289,0,26834,0
50025,Windham County,17,3,42.87817647058824,-72.57376470588235,0.17647058823529413,42906,0.6992029086841002
51001,Accomack County,3,0,37.694,-75.73033333333333,0,32566,0
51109,Louisa County,2,0,38.002,-77.9415,0,35885,0
51131,Northampton County,1,0,37.516,-75.807,0,11887,0
51141,Patrick County,1,0,36.636,-80.269,0,17708,0
51171,Shenandoah County,5,1,38.882,-78.506,0.2,43271,0.23110166162094703
51678,Lexington city,7,1,37.784285714285716,-79.44171428571428,0.14285714285714285,7082,1.4120304998587971
53031,Jefferson County,8,1,48.104,-122.76337500000001,0.125,31191,0.3206053028117085
53047,Okanogan County,1,1,48.363,-120.122,1,41898,0.23867487708243829
53055,San Juan County,13,2,48.581153846153846,-122.97423076923077,0.15384615384615385,16725,1.195814648729447
54007,Braxton County,2,0,38.723,-80.65,0,14224,0
54025,Greenbrier County,8,0,37.8535,-80.47987499999999,0,35243,0
54035,Jackson County,1,0,38.948,-81.761,0,28907,0
54041,Lewis County,1,0,39.038,-80.467,0,16192,0
54059,Mingo County,1,0,37.674,-82.277,0,24138,0
54063,Monroe County,5,0,37.5058,-80.5678,0,13373,0
54065,Morgan County,2,0,39.617,-78.233,0,17709,0
54071,Pendleton County,3,0,38.643,-79.331,0,6970,0
54089,Summers County,1,0,37.581,-80.854,0,12891,0
54097,Upshur County,3,0,38.994,-80.232,0,24546,0
54109,Wyoming County,1,0,37.583,-81.537,0,21248,0
55001,Adams County,1,0,43.956,-89.818,0,19891,0
55003,Ashland County,6,0,46.585499999999996,-90.8825,0,15513,0
55007,Bayfield County,1,0,46.814,-90.82,0,15033,0
55029,Door County,2,0,44.834,-87.377,0,27480,0
55047,Green Lake County,1,1,43.844,-88.96,1,18785,0.5323396326856534
55067,Langlade County,1,0,45.435,-89.184,0,19171,0
55081,Monroe County,1,0,43.979,-90.504,0,45617,0
55085,Oneida County,5,2,45.7778,-89.59,0.4,35287,0.5667809674951115
55123,Vernon County,3,0,43.61833333333333,-90.78166666666667,0,30737,0
56029,Park County,6,2,44.5255,-109.061,0.3333333333333333,29189,0.6851896262290589
56035,Sublette County,2,0,42.868,-109.863,0,9759,0
